provider_id,provider_name,programme_name,major_name,specialisation_name,study_stage,qualification_level,fee_year,student_type,tuition_fee_nzd,total_estimated_fee_nzd,fee_basis,calculation_method,source_link,last_checked,notes
7001.0,University of Auckland,Bachelor of Architectural Studies,,,Undergraduate,Bachelor,2026,International,52148.0,,,official_programme_estimate,https://www.auckland.ac.nz/en/study/fees-and-money-matters/tuition-fees/international-student-fees/undergraduate-international-fees.html,2026-05-14,"Programme-level undergraduate international estimates.; HTML table 1, row 1; page_title=Undergraduate fees for international students – University of Auckland; raw=Bachelor of Architectural Studies | NZ$52,148"
7001.0,University of Auckland,Bachelor of Arts (except performance and science-based courses),,,Undergraduate,Bachelor,2026,International,40225.0,,,official_programme_estimate,https://www.auckland.ac.nz/en/study/fees-and-money-matters/tuition-fees/international-student-fees/undergraduate-international-fees.html,2026-05-14,"Programme-level undergraduate international estimates.; HTML table 1, row 2; page_title=Undergraduate fees for international students – University of Auckland; raw=Bachelor of Arts (except performance and science-based courses) | NZ$40,225"
7001.0,University of Auckland,Bachelor of Arts (performance and science-based courses),,,Undergraduate,Bachelor,2026,International,48133.0,,,official_programme_estimate,https://www.auckland.ac.nz/en/study/fees-and-money-matters/tuition-fees/international-student-fees/undergraduate-international-fees.html,2026-05-14,"Programme-level undergraduate international estimates.; HTML table 1, row 3; page_title=Undergraduate fees for international students – University of Auckland; raw=Bachelor of Arts (performance and science-based courses) | NZ$48,133"
7001.0,University of Auckland,Bachelor of Commerce,,,Undergraduate,Bachelor,2026,International,48133.0,,,official_programme_estimate,https://www.auckland.ac.nz/en/study/fees-and-money-matters/tuition-fees/international-student-fees/undergraduate-international-fees.html,2026-05-14,"Programme-level undergraduate international estimates.; HTML table 1, row 4; page_title=Undergraduate fees for international students – University of Auckland; raw=Bachelor of Commerce | NZ$48,133"
7001.0,University of Auckland,Bachelor of Communications,,,Undergraduate,Bachelor,2026,International,47221.0,,,official_programme_estimate,https://www.auckland.ac.nz/en/study/fees-and-money-matters/tuition-fees/international-student-fees/undergraduate-international-fees.html,2026-05-14,"Programme-level undergraduate international estimates.; HTML table 1, row 5; page_title=Undergraduate fees for international students – University of Auckland; raw=Bachelor of Communications | NZ$47,221 - NZ$48,133"
7001.0,University of Auckland,Bachelor of Dance Studies,,,Undergraduate,Bachelor,2026,International,47221.0,,,official_programme_estimate,https://www.auckland.ac.nz/en/study/fees-and-money-matters/tuition-fees/international-student-fees/undergraduate-international-fees.html,2026-05-14,"Programme-level undergraduate international estimates.; HTML table 1, row 6; page_title=Undergraduate fees for international students – University of Auckland; raw=Bachelor of Dance Studies | NZ$47,221"
7001.0,University of Auckland,Bachelor of Design,,,Undergraduate,Bachelor,2026,International,49226.0,,,official_programme_estimate,https://www.auckland.ac.nz/en/study/fees-and-money-matters/tuition-fees/international-student-fees/undergraduate-international-fees.html,2026-05-14,"Programme-level undergraduate international estimates.; HTML table 1, row 7; page_title=Undergraduate fees for international students – University of Auckland; raw=Bachelor of Design | NZ$49,226"
7001.0,University of Auckland,Bachelor of Early Childhood Studies,,,Undergraduate,Bachelor,2026,International,40496.0,,,official_programme_estimate,https://www.auckland.ac.nz/en/study/fees-and-money-matters/tuition-fees/international-student-fees/undergraduate-international-fees.html,2026-05-14,"Programme-level undergraduate international estimates.; HTML table 1, row 8; page_title=Undergraduate fees for international students – University of Auckland; raw=Bachelor of Early Childhood Studies | NZ$40,496"
7001.0,University of Auckland,Bachelor of Education (Teaching),,,Undergraduate,Bachelor,2026,International,40496.0,,,official_programme_estimate,https://www.auckland.ac.nz/en/study/fees-and-money-matters/tuition-fees/international-student-fees/undergraduate-international-fees.html,2026-05-14,"Programme-level undergraduate international estimates.; HTML table 1, row 9; page_title=Undergraduate fees for international students – University of Auckland; raw=Bachelor of Education (Teaching) | NZ$40,496"
7001.0,University of Auckland,Bachelor of Education (Teaching English to Speakers of Other Languages),,,Undergraduate,Bachelor,2026,International,40496.0,,,official_programme_estimate,https://www.auckland.ac.nz/en/study/fees-and-money-matters/tuition-fees/international-student-fees/undergraduate-international-fees.html,2026-05-14,"Programme-level undergraduate international estimates.; HTML table 1, row 10; page_title=Undergraduate fees for international students – University of Auckland; raw=Bachelor of Education (Teaching English to Speakers of Other Languages) | NZ$40,496"
7001.0,University of Auckland,Bachelor of Engineering (Honours),,,Undergraduate,Bachelor with Honours,2026,International,58009.0,,,official_programme_estimate,https://www.auckland.ac.nz/en/study/fees-and-money-matters/tuition-fees/international-student-fees/undergraduate-international-fees.html,2026-05-14,"Programme-level undergraduate international estimates.; HTML table 1, row 11; page_title=Undergraduate fees for international students – University of Auckland; raw=Bachelor of Engineering (Honours) | NZ$58,009"
7001.0,University of Auckland,Bachelor of Fine Arts,,,Undergraduate,Bachelor,2026,International,44974.0,,,official_programme_estimate,https://www.auckland.ac.nz/en/study/fees-and-money-matters/tuition-fees/international-student-fees/undergraduate-international-fees.html,2026-05-14,"Programme-level undergraduate international estimates.; HTML table 1, row 12; page_title=Undergraduate fees for international students – University of Auckland; raw=Bachelor of Fine Arts | NZ$44,974"
7001.0,University of Auckland,Bachelor of Global Studies,,,Undergraduate,Bachelor,2026,International,52148.0,,,official_programme_estimate,https://www.auckland.ac.nz/en/study/fees-and-money-matters/tuition-fees/international-student-fees/undergraduate-international-fees.html,2026-05-14,"Programme-level undergraduate international estimates.; HTML table 1, row 13; page_title=Undergraduate fees for international students – University of Auckland; raw=Bachelor of Global Studies | NZ$52,148"
7001.0,University of Auckland,Bachelor of Health Sciences,,,Undergraduate,Bachelor,2026,International,42818.0,,,official_programme_estimate,https://www.auckland.ac.nz/en/study/fees-and-money-matters/tuition-fees/international-student-fees/undergraduate-international-fees.html,2026-05-14,"Programme-level undergraduate international estimates.; HTML table 1, row 14; page_title=Undergraduate fees for international students – University of Auckland; raw=Bachelor of Health Sciences | NZ$42,818"
7001.0,University of Auckland,Bachelor of Laws,,,Undergraduate,Bachelor,2026,International,47218.0,,,official_programme_estimate,https://www.auckland.ac.nz/en/study/fees-and-money-matters/tuition-fees/international-student-fees/undergraduate-international-fees.html,2026-05-14,"Programme-level undergraduate international estimates.; HTML table 1, row 15; page_title=Undergraduate fees for international students – University of Auckland; raw=Bachelor of Laws | NZ$47,218"
7001.0,University of Auckland,Bachelor of Medicine and Bachelor of Surgery,Year 2 onwards (for Year 1 see Bachelor of Health Sciences),,Undergraduate,Bachelor,2026,International,86561.0,,per year,official_programme_estimate,https://www.auckland.ac.nz/en/study/fees-and-money-matters/tuition-fees/international-student-fees/undergraduate-international-fees.html,2026-05-14,"Programme-level undergraduate international estimates.; HTML table 1, row 16; page_title=Undergraduate fees for international students – University of Auckland; raw=Bachelor of Medicine and Bachelor of Surgery - Year 2 onwards (for Year 1 see Bachelor of Health Sciences) | NZ$86,561"
7001.0,University of Auckland,Bachelor of Medical Imaging (Honours),,,Undergraduate,Bachelor with Honours,2026,International,55214.0,,,official_programme_estimate,https://www.auckland.ac.nz/en/study/fees-and-money-matters/tuition-fees/international-student-fees/undergraduate-international-fees.html,2026-05-14,"Programme-level undergraduate international estimates.; HTML table 1, row 17; page_title=Undergraduate fees for international students – University of Auckland; raw=Bachelor of Medical Imaging (Honours) | NZ$55,214"
7001.0,University of Auckland,Bachelor of Music,,,Undergraduate,Bachelor,2026,International,47221.0,,,official_programme_estimate,https://www.auckland.ac.nz/en/study/fees-and-money-matters/tuition-fees/international-student-fees/undergraduate-international-fees.html,2026-05-14,"Programme-level undergraduate international estimates.; HTML table 1, row 18; page_title=Undergraduate fees for international students – University of Auckland; raw=Bachelor of Music | NZ$47,221"
7001.0,University of Auckland,Bachelor of Nursing,,,Undergraduate,Bachelor,2026,International,42818.0,,,official_programme_estimate,https://www.auckland.ac.nz/en/study/fees-and-money-matters/tuition-fees/international-student-fees/undergraduate-international-fees.html,2026-05-14,"Programme-level undergraduate international estimates.; HTML table 1, row 19; page_title=Undergraduate fees for international students – University of Auckland; raw=Bachelor of Nursing | NZ$42,818"
7001.0,University of Auckland,Bachelor of Optometry,,,Undergraduate,Bachelor,2026,International,68723.0,,,official_programme_estimate,https://www.auckland.ac.nz/en/study/fees-and-money-matters/tuition-fees/international-student-fees/undergraduate-international-fees.html,2026-05-14,"Programme-level undergraduate international estimates.; HTML table 1, row 20; page_title=Undergraduate fees for international students – University of Auckland; raw=Bachelor of Optometry | NZ$68,723"
7001.0,University of Auckland,Bachelor of Pharmacy,,,Undergraduate,Bachelor,2026,International,55214.0,,,official_programme_estimate,https://www.auckland.ac.nz/en/study/fees-and-money-matters/tuition-fees/international-student-fees/undergraduate-international-fees.html,2026-05-14,"Programme-level undergraduate international estimates.; HTML table 1, row 21; page_title=Undergraduate fees for international students – University of Auckland; raw=Bachelor of Pharmacy | NZ$55,214"
7001.0,University of Auckland,Bachelor of Property,,,Undergraduate,Bachelor,2026,International,48133.0,,,official_programme_estimate,https://www.auckland.ac.nz/en/study/fees-and-money-matters/tuition-fees/international-student-fees/undergraduate-international-fees.html,2026-05-14,"Programme-level undergraduate international estimates.; HTML table 1, row 22; page_title=Undergraduate fees for international students – University of Auckland; raw=Bachelor of Property | NZ$48,133"
7001.0,University of Auckland,Bachelor of Science,,,Undergraduate,Bachelor,2026,International,47221.0,,,official_programme_estimate,https://www.auckland.ac.nz/en/study/fees-and-money-matters/tuition-fees/international-student-fees/undergraduate-international-fees.html,2026-05-14,"Programme-level undergraduate international estimates.; HTML table 1, row 23; page_title=Undergraduate fees for international students – University of Auckland; raw=Bachelor of Science | NZ$47,221 - NZ$58,009"
7001.0,University of Auckland,"Bachelor of Sport, Health and Physical Education",,,Undergraduate,Bachelor,2026,International,40496.0,,,official_programme_estimate,https://www.auckland.ac.nz/en/study/fees-and-money-matters/tuition-fees/international-student-fees/undergraduate-international-fees.html,2026-05-14,"Programme-level undergraduate international estimates.; HTML table 1, row 24; page_title=Undergraduate fees for international students – University of Auckland; raw=Bachelor of Sport, Health and Physical Education | NZ$40,496"
7001.0,University of Auckland,Bachelor of Urban Planning (Honours),,,Undergraduate,Bachelor with Honours,2026,International,47221.0,,,official_programme_estimate,https://www.auckland.ac.nz/en/study/fees-and-money-matters/tuition-fees/international-student-fees/undergraduate-international-fees.html,2026-05-14,"Programme-level undergraduate international estimates.; HTML table 1, row 25; page_title=Undergraduate fees for international students – University of Auckland; raw=Bachelor of Urban Planning (Honours) | NZ$47,221"
7001.0,University of Auckland,Study Abroad,,,Undergraduate,,2026,International,13728.0,,,official_programme_estimate,https://www.auckland.ac.nz/en/study/fees-and-money-matters/tuition-fees/international-student-fees/undergraduate-international-fees.html,2026-05-14,"Programme-level undergraduate international estimates.; HTML table 1, row 26; page_title=Undergraduate fees for international students – University of Auckland; raw=Study Abroad | NZ$13,728**"
7001.0,University of Auckland,Bachelor of Architectural Studies,,,Undergraduate,Bachelor,2026,International,54754.8,,,official_programme_estimate,https://www.auckland.ac.nz/en/study/fees-and-money-matters/tuition-fees/international-student-fees/undergraduate-international-fees.html,2026-05-14,"Programme-level undergraduate international estimates.; HTML table 2, row 1; page_title=Undergraduate fees for international students – University of Auckland; raw=Bachelor of Architectural Studies | NZ$54,754.80"
7001.0,University of Auckland,Bachelor of Arts (except performance and science-based courses),,,Undergraduate,Bachelor,2026,International,42236.4,,,official_programme_estimate,https://www.auckland.ac.nz/en/study/fees-and-money-matters/tuition-fees/international-student-fees/undergraduate-international-fees.html,2026-05-14,"Programme-level undergraduate international estimates.; HTML table 2, row 2; page_title=Undergraduate fees for international students – University of Auckland; raw=Bachelor of Arts (except performance and science-based courses) | NZ$42,236.40"
7001.0,University of Auckland,Bachelor of Arts (performance and science-based courses),,,Undergraduate,Bachelor,2026,International,51020.4,,,official_programme_estimate,https://www.auckland.ac.nz/en/study/fees-and-money-matters/tuition-fees/international-student-fees/undergraduate-international-fees.html,2026-05-14,"Programme-level undergraduate international estimates.; HTML table 2, row 3; page_title=Undergraduate fees for international students – University of Auckland; raw=Bachelor of Arts (performance and science-based courses) | NZ$51,020.40"
7001.0,University of Auckland,Bachelor of Commerce,,,Undergraduate,Bachelor,2026,International,51020.4,,,official_programme_estimate,https://www.auckland.ac.nz/en/study/fees-and-money-matters/tuition-fees/international-student-fees/undergraduate-international-fees.html,2026-05-14,"Programme-level undergraduate international estimates.; HTML table 2, row 4; page_title=Undergraduate fees for international students – University of Auckland; raw=Bachelor of Commerce | NZ$51,020.40"
7001.0,University of Auckland,Bachelor of Communications,,,Undergraduate,Bachelor,2026,International,49681.6,,,official_programme_estimate,https://www.auckland.ac.nz/en/study/fees-and-money-matters/tuition-fees/international-student-fees/undergraduate-international-fees.html,2026-05-14,"Programme-level undergraduate international estimates.; HTML table 2, row 5; page_title=Undergraduate fees for international students – University of Auckland; raw=Bachelor of Communications | NZ$49,681.60 - $51,020.40"
7001.0,University of Auckland,Bachelor of Dance Studies,,,Undergraduate,Bachelor,2026,International,49581.6,,,official_programme_estimate,https://www.auckland.ac.nz/en/study/fees-and-money-matters/tuition-fees/international-student-fees/undergraduate-international-fees.html,2026-05-14,"Programme-level undergraduate international estimates.; HTML table 2, row 6; page_title=Undergraduate fees for international students – University of Auckland; raw=Bachelor of Dance Studies | NZ$49,581.60"
7001.0,University of Auckland,Bachelor of Design,,,Undergraduate,Bachelor,2026,International,51687.6,,,official_programme_estimate,https://www.auckland.ac.nz/en/study/fees-and-money-matters/tuition-fees/international-student-fees/undergraduate-international-fees.html,2026-05-14,"Programme-level undergraduate international estimates.; HTML table 2, row 7; page_title=Undergraduate fees for international students – University of Auckland; raw=Bachelor of Design | NZ$51,687.60"
7001.0,University of Auckland,Bachelor of Early Childhood Studies,,,Undergraduate,Bachelor,2026,International,42520.8,,,official_programme_estimate,https://www.auckland.ac.nz/en/study/fees-and-money-matters/tuition-fees/international-student-fees/undergraduate-international-fees.html,2026-05-14,"Programme-level undergraduate international estimates.; HTML table 2, row 8; page_title=Undergraduate fees for international students – University of Auckland; raw=Bachelor of Early Childhood Studies | NZ$42,520.80"
7001.0,University of Auckland,Bachelor of Education (Teaching),,,Undergraduate,Bachelor,2026,International,42520.8,,,official_programme_estimate,https://www.auckland.ac.nz/en/study/fees-and-money-matters/tuition-fees/international-student-fees/undergraduate-international-fees.html,2026-05-14,"Programme-level undergraduate international estimates.; HTML table 2, row 9; page_title=Undergraduate fees for international students – University of Auckland; raw=Bachelor of Education (Teaching) | NZ$42,520.80"
7001.0,University of Auckland,Bachelor of Education (Teaching English to Speakers of Other Languages),,,Undergraduate,Bachelor,2026,International,42520.8,,,official_programme_estimate,https://www.auckland.ac.nz/en/study/fees-and-money-matters/tuition-fees/international-student-fees/undergraduate-international-fees.html,2026-05-14,"Programme-level undergraduate international estimates.; HTML table 2, row 10; page_title=Undergraduate fees for international students – University of Auckland; raw=Bachelor of Education (Teaching English to Speakers of Other Languages) | NZ$42,520.80"
7001.0,University of Auckland,Bachelor of Engineering (Honours),,,Undergraduate,Bachelor with Honours,2026,International,60909.6,,,official_programme_estimate,https://www.auckland.ac.nz/en/study/fees-and-money-matters/tuition-fees/international-student-fees/undergraduate-international-fees.html,2026-05-14,"Programme-level undergraduate international estimates.; HTML table 2, row 11; page_title=Undergraduate fees for international students – University of Auckland; raw=Bachelor of Engineering (Honours) | NZ$60,909.60"
7001.0,University of Auckland,Bachelor of Fine Arts,,,Undergraduate,Bachelor,2026,International,47221.2,,,official_programme_estimate,https://www.auckland.ac.nz/en/study/fees-and-money-matters/tuition-fees/international-student-fees/undergraduate-international-fees.html,2026-05-14,"Programme-level undergraduate international estimates.; HTML table 2, row 12; page_title=Undergraduate fees for international students – University of Auckland; raw=Bachelor of Fine Arts | NZ$47,221.20"
7001.0,University of Auckland,Bachelor of Global Studies,,,Undergraduate,Bachelor,2026,International,54754.8,,,official_programme_estimate,https://www.auckland.ac.nz/en/study/fees-and-money-matters/tuition-fees/international-student-fees/undergraduate-international-fees.html,2026-05-14,"Programme-level undergraduate international estimates.; HTML table 2, row 13; page_title=Undergraduate fees for international students – University of Auckland; raw=Bachelor of Global Studies | NZ$54,754.80"
7001.0,University of Auckland,Bachelor of Health Sciences,,,Undergraduate,Bachelor,2026,International,44959.2,,,official_programme_estimate,https://www.auckland.ac.nz/en/study/fees-and-money-matters/tuition-fees/international-student-fees/undergraduate-international-fees.html,2026-05-14,"Programme-level undergraduate international estimates.; HTML table 2, row 14; page_title=Undergraduate fees for international students – University of Auckland; raw=Bachelor of Health Sciences | NZ$44,959.20"
7001.0,University of Auckland,Bachelor of Laws,,,Undergraduate,Bachelor,2026,International,49578.0,,,official_programme_estimate,https://www.auckland.ac.nz/en/study/fees-and-money-matters/tuition-fees/international-student-fees/undergraduate-international-fees.html,2026-05-14,"Programme-level undergraduate international estimates.; HTML table 2, row 15; page_title=Undergraduate fees for international students – University of Auckland; raw=Bachelor of Laws | NZ$49,578.00"
7001.0,University of Auckland,Bachelor of Medicine and Bachelor of Surgery,Year 2 onwards (for Year 1 see Bachelor of Health Sciences),,Undergraduate,Bachelor,2026,International,86561.0,,per year,official_programme_estimate,https://www.auckland.ac.nz/en/study/fees-and-money-matters/tuition-fees/international-student-fees/undergraduate-international-fees.html,2026-05-14,"Programme-level undergraduate international estimates.; HTML table 2, row 16; page_title=Undergraduate fees for international students – University of Auckland; raw=Bachelor of Medicine and Bachelor of Surgery - Year 2 onwards (for Year 1 see Bachelor of Health Sciences) | NZ$86,561.00"
7001.0,University of Auckland,Bachelor of Medical Imaging (Honours),,,Undergraduate,Bachelor with Honours,2026,International,57974.4,,,official_programme_estimate,https://www.auckland.ac.nz/en/study/fees-and-money-matters/tuition-fees/international-student-fees/undergraduate-international-fees.html,2026-05-14,"Programme-level undergraduate international estimates.; HTML table 2, row 17; page_title=Undergraduate fees for international students – University of Auckland; raw=Bachelor of Medical Imaging (Honours) | NZ$57,974.40"
7001.0,University of Auckland,Bachelor of Music,,,Undergraduate,Bachelor,2026,International,49581.6,,,official_programme_estimate,https://www.auckland.ac.nz/en/study/fees-and-money-matters/tuition-fees/international-student-fees/undergraduate-international-fees.html,2026-05-14,"Programme-level undergraduate international estimates.; HTML table 2, row 18; page_title=Undergraduate fees for international students – University of Auckland; raw=Bachelor of Music | NZ$49,581.60"
7001.0,University of Auckland,Bachelor of Nursing,,,Undergraduate,Bachelor,2026,International,44959.1,,,official_programme_estimate,https://www.auckland.ac.nz/en/study/fees-and-money-matters/tuition-fees/international-student-fees/undergraduate-international-fees.html,2026-05-14,"Programme-level undergraduate international estimates.; HTML table 2, row 19; page_title=Undergraduate fees for international students – University of Auckland; raw=Bachelor of Nursing | NZ$44,959.10"
7001.0,University of Auckland,Bachelor of Optometry,,,Undergraduate,Bachelor,2026,International,72158.4,,,official_programme_estimate,https://www.auckland.ac.nz/en/study/fees-and-money-matters/tuition-fees/international-student-fees/undergraduate-international-fees.html,2026-05-14,"Programme-level undergraduate international estimates.; HTML table 2, row 20; page_title=Undergraduate fees for international students – University of Auckland; raw=Bachelor of Optometry | NZ$72,158.40"
7001.0,University of Auckland,Bachelor of Pharmacy,,,Undergraduate,Bachelor,2026,International,57974.4,,,official_programme_estimate,https://www.auckland.ac.nz/en/study/fees-and-money-matters/tuition-fees/international-student-fees/undergraduate-international-fees.html,2026-05-14,"Programme-level undergraduate international estimates.; HTML table 2, row 21; page_title=Undergraduate fees for international students – University of Auckland; raw=Bachelor of Pharmacy | NZ$57,974.40"
7001.0,University of Auckland,Bachelor of Property,,,Undergraduate,Bachelor,2026,International,51020.4,,,official_programme_estimate,https://www.auckland.ac.nz/en/study/fees-and-money-matters/tuition-fees/international-student-fees/undergraduate-international-fees.html,2026-05-14,"Programme-level undergraduate international estimates.; HTML table 2, row 22; page_title=Undergraduate fees for international students – University of Auckland; raw=Bachelor of Property | NZ$51,020.40"
7001.0,University of Auckland,Bachelor of Science,,,Undergraduate,Bachelor,2026,International,49581.6,,,official_programme_estimate,https://www.auckland.ac.nz/en/study/fees-and-money-matters/tuition-fees/international-student-fees/undergraduate-international-fees.html,2026-05-14,"Programme-level undergraduate international estimates.; HTML table 2, row 23; page_title=Undergraduate fees for international students – University of Auckland; raw=Bachelor of Science | NZ$49,581.60 - $60,909.60"
7001.0,University of Auckland,"Bachelor of Sport, Health and Physical Education",,,Undergraduate,Bachelor,2026,International,42520.8,,,official_programme_estimate,https://www.auckland.ac.nz/en/study/fees-and-money-matters/tuition-fees/international-student-fees/undergraduate-international-fees.html,2026-05-14,"Programme-level undergraduate international estimates.; HTML table 2, row 24; page_title=Undergraduate fees for international students – University of Auckland; raw=Bachelor of Sport, Health and Physical Education | NZ$42,520.80"
7001.0,University of Auckland,Bachelor of Urban Planning (Honours),,,Undergraduate,Bachelor with Honours,2026,International,49581.6,,,official_programme_estimate,https://www.auckland.ac.nz/en/study/fees-and-money-matters/tuition-fees/international-student-fees/undergraduate-international-fees.html,2026-05-14,"Programme-level undergraduate international estimates.; HTML table 2, row 25; page_title=Undergraduate fees for international students – University of Auckland; raw=Bachelor of Urban Planning (Honours) | NZ$49,581.60"
7001.0,University of Auckland,Doctor of Clinical Psychology,,,Doctoral,Doctoral,2026,Domestic,8847.6,,"per NZ$8,847.60 points/credits",official_programme_estimate,https://www.auckland.ac.nz/en/study/fees-and-money-matters/tuition-fees/doctoral-fees.html,2026-05-14,"Doctoral fee page.; HTML table 1, row 1; page_title=Doctoral fees – University of Auckland; raw=Doctor of Clinical Psychology | NZ$8,847.60"
7001.0,University of Auckland,Doctor of Education,,,Doctoral,Doctoral,2026,Domestic,8847.6,,"per NZ$8,847.60 points/credits",official_programme_estimate,https://www.auckland.ac.nz/en/study/fees-and-money-matters/tuition-fees/doctoral-fees.html,2026-05-14,"Doctoral fee page.; HTML table 1, row 2; page_title=Doctoral fees – University of Auckland; raw=Doctor of Education | NZ$8,847.60"
7001.0,University of Auckland,Doctor of Fine Arts,,,Doctoral,Doctoral,2026,Domestic,8847.6,,"per NZ$8,847.60 points/credits",official_programme_estimate,https://www.auckland.ac.nz/en/study/fees-and-money-matters/tuition-fees/doctoral-fees.html,2026-05-14,"Doctoral fee page.; HTML table 1, row 3; page_title=Doctoral fees – University of Auckland; raw=Doctor of Fine Arts | NZ$8,847.60"
7001.0,University of Auckland,Doctor of Medical Sciences,,,Doctoral,Doctoral,2026,Domestic,8847.6,,"per NZ$8,847.60 points/credits",official_programme_estimate,https://www.auckland.ac.nz/en/study/fees-and-money-matters/tuition-fees/doctoral-fees.html,2026-05-14,"Doctoral fee page.; HTML table 1, row 4; page_title=Doctoral fees – University of Auckland; raw=Doctor of Medical Sciences | NZ$8,847.60"
7001.0,University of Auckland,Doctor of Music,Supervised,,Doctoral,Doctoral,2026,Domestic,8847.6,,"per NZ$8,847.60 points/credits",official_programme_estimate,https://www.auckland.ac.nz/en/study/fees-and-money-matters/tuition-fees/doctoral-fees.html,2026-05-14,"Doctoral fee page.; HTML table 1, row 5; page_title=Doctoral fees – University of Auckland; raw=Doctor of Music - Supervised | NZ$8,847.60"
7001.0,University of Auckland,Doctor of Musical Arts,,,Doctoral,Doctoral,2026,Domestic,8847.6,,"per NZ$8,847.60 points/credits",official_programme_estimate,https://www.auckland.ac.nz/en/study/fees-and-money-matters/tuition-fees/doctoral-fees.html,2026-05-14,"Doctoral fee page.; HTML table 1, row 6; page_title=Doctoral fees – University of Auckland; raw=Doctor of Musical Arts | NZ$8,847.60"
7001.0,University of Auckland,Doctor of Philosophy,,,Doctoral,Doctor of Philosophy,2026,Domestic,8847.6,,"per NZ$8,847.60 points/credits",official_programme_estimate,https://www.auckland.ac.nz/en/study/fees-and-money-matters/tuition-fees/doctoral-fees.html,2026-05-14,"Doctoral fee page.; HTML table 1, row 7; page_title=Doctoral fees – University of Auckland; raw=Doctor of Philosophy | NZ$8,847.60"
7001.0,University of Auckland,Doctor of Clinical Psychology,,,Doctoral,Doctoral,2026,Domestic,55408.8,,"per NZ$55,408.80 points/credits",official_programme_estimate,https://www.auckland.ac.nz/en/study/fees-and-money-matters/tuition-fees/doctoral-fees.html,2026-05-14,"Doctoral fee page.; HTML table 2, row 1; page_title=Doctoral fees – University of Auckland; raw=Doctor of Clinical Psychology | NZ$55,408.80"
7001.0,University of Auckland,Doctor of Education,,,Doctoral,Doctoral,2026,Domestic,55408.8,,"per NZ$55,408.80 points/credits",official_programme_estimate,https://www.auckland.ac.nz/en/study/fees-and-money-matters/tuition-fees/doctoral-fees.html,2026-05-14,"Doctoral fee page.; HTML table 2, row 2; page_title=Doctoral fees – University of Auckland; raw=Doctor of Education | NZ$55,408.80"
7001.0,University of Auckland,Doctor of Fine Arts,,,Doctoral,Doctoral,2026,Domestic,55408.8,,"per NZ$55,408.80 points/credits",official_programme_estimate,https://www.auckland.ac.nz/en/study/fees-and-money-matters/tuition-fees/doctoral-fees.html,2026-05-14,"Doctoral fee page.; HTML table 2, row 3; page_title=Doctoral fees – University of Auckland; raw=Doctor of Fine Arts | NZ$55,408.80"
7001.0,University of Auckland,Doctor of Medical Sciences,,,Doctoral,Doctoral,2026,Domestic,55408.8,,"per NZ$55,408.80 points/credits",official_programme_estimate,https://www.auckland.ac.nz/en/study/fees-and-money-matters/tuition-fees/doctoral-fees.html,2026-05-14,"Doctoral fee page.; HTML table 2, row 4; page_title=Doctoral fees – University of Auckland; raw=Doctor of Medical Sciences | NZ$55,408.80"
7001.0,University of Auckland,Doctor of Music,,,Doctoral,Doctoral,2026,Domestic,55408.8,,"per NZ$55,408.80 points/credits",official_programme_estimate,https://www.auckland.ac.nz/en/study/fees-and-money-matters/tuition-fees/doctoral-fees.html,2026-05-14,"Doctoral fee page.; HTML table 2, row 5; page_title=Doctoral fees – University of Auckland; raw=Doctor of Music | NZ$55,408.80"
7001.0,University of Auckland,Doctor of Musical Arts,,,Doctoral,Doctoral,2026,Domestic,55408.8,,"per NZ$55,408.80 points/credits",official_programme_estimate,https://www.auckland.ac.nz/en/study/fees-and-money-matters/tuition-fees/doctoral-fees.html,2026-05-14,"Doctoral fee page.; HTML table 2, row 6; page_title=Doctoral fees – University of Auckland; raw=Doctor of Musical Arts | NZ$55,408.80"
7001.0,University of Auckland,Doctor of Philosophy (PhD),,,Doctoral,Doctor of Philosophy,2026,Domestic,8847.6,,"per NZ$8,847.60* points/credits",official_programme_estimate,https://www.auckland.ac.nz/en/study/fees-and-money-matters/tuition-fees/doctoral-fees.html,2026-05-14,"Doctoral fee page.; HTML table 2, row 7; page_title=Doctoral fees – University of Auckland; raw=Doctor of Philosophy (PhD) | NZ$8,847.60*"
7001.0,University of Auckland,Doctor of Clinical Psychology,,,Doctoral,Doctoral,2026,Domestic,58178.4,,"per NZ$58,178.40 points/credits",official_programme_estimate,https://www.auckland.ac.nz/en/study/fees-and-money-matters/tuition-fees/doctoral-fees.html,2026-05-14,"Doctoral fee page.; HTML table 3, row 1; page_title=Doctoral fees – University of Auckland; raw=Doctor of Clinical Psychology | NZ$58,178.40"
7001.0,University of Auckland,Doctor of Education,,,Doctoral,Doctoral,2026,Domestic,58178.4,,"per NZ$58,178.40 points/credits",official_programme_estimate,https://www.auckland.ac.nz/en/study/fees-and-money-matters/tuition-fees/doctoral-fees.html,2026-05-14,"Doctoral fee page.; HTML table 3, row 2; page_title=Doctoral fees – University of Auckland; raw=Doctor of Education | NZ$58,178.40"
7001.0,University of Auckland,Doctor of Fine Arts,,,Doctoral,Doctoral,2026,Domestic,58178.4,,"per NZ$58,178.40 points/credits",official_programme_estimate,https://www.auckland.ac.nz/en/study/fees-and-money-matters/tuition-fees/doctoral-fees.html,2026-05-14,"Doctoral fee page.; HTML table 3, row 3; page_title=Doctoral fees – University of Auckland; raw=Doctor of Fine Arts | NZ$58,178.40"
7001.0,University of Auckland,Doctor of Medical Sciences,,,Doctoral,Doctoral,2026,Domestic,58178.4,,"per NZ$58,178.40 points/credits",official_programme_estimate,https://www.auckland.ac.nz/en/study/fees-and-money-matters/tuition-fees/doctoral-fees.html,2026-05-14,"Doctoral fee page.; HTML table 3, row 4; page_title=Doctoral fees – University of Auckland; raw=Doctor of Medical Sciences | NZ$58,178.40"
7001.0,University of Auckland,Doctor of Music,,,Doctoral,Doctoral,2026,Domestic,58178.4,,"per NZ$58,178.40 points/credits",official_programme_estimate,https://www.auckland.ac.nz/en/study/fees-and-money-matters/tuition-fees/doctoral-fees.html,2026-05-14,"Doctoral fee page.; HTML table 3, row 5; page_title=Doctoral fees – University of Auckland; raw=Doctor of Music | NZ$58,178.40"
7001.0,University of Auckland,Doctor of Musical Arts,,,Doctoral,Doctoral,2026,Domestic,58178.4,,"per NZ$58,178.40 points/credits",official_programme_estimate,https://www.auckland.ac.nz/en/study/fees-and-money-matters/tuition-fees/doctoral-fees.html,2026-05-14,"Doctoral fee page.; HTML table 3, row 6; page_title=Doctoral fees – University of Auckland; raw=Doctor of Musical Arts | NZ$58,178.40"
7001.0,University of Auckland,Doctor of Philosophy (PhD),,,Doctoral,Doctor of Philosophy,2026,Domestic,8847.6,,"per NZ$8,847.60* (in 2026) points/credits",official_programme_estimate,https://www.auckland.ac.nz/en/study/fees-and-money-matters/tuition-fees/doctoral-fees.html,2026-05-14,"Doctoral fee page.; HTML table 3, row 7; page_title=Doctoral fees – University of Auckland; raw=Doctor of Philosophy (PhD) | NZ$8,847.60* (in 2026)"
7002.0,University of Waikato,Certificate of Attainment,Foundation Studies (Accelerated),,Pathway / Foundation,Certificate,2026,International,14046.0,,,official_programme_estimate,https://www.waikato.ac.nz/int/study/fees-costs/international-tuition-costs/,2026-05-14,"International tuition costs page.; HTML table 1, row 1; page_title=International tuition costs :: University of Waikato; raw=Certificate of Attainment in Foundation Studies (Accelerated) | $14,046 | $14,748"
7002.0,University of Waikato,Certificate of Attainment,Foundation Studies (Standard),,Pathway / Foundation,Certificate,2026,International,28092.0,,,official_programme_estimate,https://www.waikato.ac.nz/int/study/fees-costs/international-tuition-costs/,2026-05-14,"International tuition costs page.; HTML table 1, row 2; page_title=International tuition costs :: University of Waikato; raw=Certificate of Attainment in Foundation Studies (Standard) | $28,092 | $29,497"
7002.0,University of Waikato,Certificate of University Preparation,,,Certificate,Certificate,2026,International,14046.0,,,official_programme_estimate,https://www.waikato.ac.nz/int/study/fees-costs/international-tuition-costs/,2026-05-14,"International tuition costs page.; HTML table 1, row 3; page_title=International tuition costs :: University of Waikato; raw=Certificate of University Preparation | $14,046 | $14,748"
7002.0,University of Waikato,International Diploma of Business (1 year),,,Diploma,Diploma,2026,International,33180.0,,per year,official_programme_estimate,https://www.waikato.ac.nz/int/study/fees-costs/international-tuition-costs/,2026-05-14,"International tuition costs page.; HTML table 1, row 4; page_title=International tuition costs :: University of Waikato; raw=International Diploma of Business (1 year) | $33,180 | $34,839"
7002.0,University of Waikato,Diploma,Postgraduate Preparation,,Postgraduate,Diploma,2026,International,30633.0,,,official_programme_estimate,https://www.waikato.ac.nz/int/study/fees-costs/international-tuition-costs/,2026-05-14,"International tuition costs page.; HTML table 1, row 5; page_title=International tuition costs :: University of Waikato; raw=Diploma in Postgraduate Preparation | $30,633 | $32,164"
7002.0,University of Waikato,International Diploma (Computer Science),,,Diploma,Diploma,2026,International,35104.0,,,official_programme_estimate,https://www.waikato.ac.nz/int/study/fees-costs/international-tuition-costs/,2026-05-14,"International tuition costs page.; HTML table 1, row 6; page_title=International tuition costs :: University of Waikato; raw=International Diploma (Computer Science) | $35,104 | $36,859"
7002.0,University of Waikato,Certificate of Attainment,English Language,,Pathway / Foundation,Certificate,2026,International,6483.0,,,official_programme_estimate,https://www.waikato.ac.nz/int/study/fees-costs/international-tuition-costs/,2026-05-14,"International tuition costs page.; HTML table 1, row 7; page_title=International tuition costs :: University of Waikato; raw=Certificate of Attainment in English Language | $6,483 | $6,807"
7002.0,University of Waikato,Certificate of Attainment,Academic English,,Certificate,Certificate,2026,International,6483.0,,,official_programme_estimate,https://www.waikato.ac.nz/int/study/fees-costs/international-tuition-costs/,2026-05-14,"International tuition costs page.; HTML table 1, row 8; page_title=International tuition costs :: University of Waikato; raw=Certificate of Attainment in Academic English | $6,483 | $6,807"
7002.0,University of Waikato,Bachelor of Arts (BA),,,Undergraduate,Bachelor,2026,International,32400.0,,,official_programme_estimate,https://www.waikato.ac.nz/int/study/fees-costs/international-tuition-costs/,2026-05-14,"International tuition costs page.; HTML table 2, row 1; page_title=International tuition costs :: University of Waikato; raw=Bachelor of Arts (BA) | $32,400 - $42,230 | $34,020 – $44,342"
7002.0,University of Waikato,BA in Anthropology,,,,,2026,International,32440.0,,,official_programme_estimate,https://www.waikato.ac.nz/int/study/fees-costs/international-tuition-costs/,2026-05-14,"International tuition costs page.; HTML table 2, row 2; page_title=International tuition costs :: University of Waikato; raw=BA in Anthropology | $32,440 | $34,062"
7002.0,University of Waikato,BA in Economics,,,,,2026,International,38251.0,,,official_programme_estimate,https://www.waikato.ac.nz/int/study/fees-costs/international-tuition-costs/,2026-05-14,"International tuition costs page.; HTML table 2, row 3; page_title=International tuition costs :: University of Waikato; raw=BA in Economics | $38,251 | $40,164"
7002.0,University of Waikato,BA in Education and Society,,,,,2026,International,32440.0,,,official_programme_estimate,https://www.waikato.ac.nz/int/study/fees-costs/international-tuition-costs/,2026-05-14,"International tuition costs page.; HTML table 2, row 4; page_title=International tuition costs :: University of Waikato; raw=BA in Education and Society | $32,440 | $34,062"
7002.0,University of Waikato,BA in English,,,,,2026,International,32441.0,,,official_programme_estimate,https://www.waikato.ac.nz/int/study/fees-costs/international-tuition-costs/,2026-05-14,"International tuition costs page.; HTML table 2, row 5; page_title=International tuition costs :: University of Waikato; raw=BA in English | $32,441 | $34,063"
7002.0,University of Waikato,BA in Environmental Planning,,,,,2026,International,42231.0,,,official_programme_estimate,https://www.waikato.ac.nz/int/study/fees-costs/international-tuition-costs/,2026-05-14,"International tuition costs page.; HTML table 2, row 6; page_title=International tuition costs :: University of Waikato; raw=BA in Environmental Planning | $42,231 | $44,343"
7002.0,University of Waikato,BA in Geography,,,,,2026,International,42231.0,,,official_programme_estimate,https://www.waikato.ac.nz/int/study/fees-costs/international-tuition-costs/,2026-05-14,"International tuition costs page.; HTML table 2, row 7; page_title=International tuition costs :: University of Waikato; raw=BA in Geography | $42,231 | $44,343"
7002.0,University of Waikato,BA in History,,,,,2026,International,32441.0,,,official_programme_estimate,https://www.waikato.ac.nz/int/study/fees-costs/international-tuition-costs/,2026-05-14,"International tuition costs page.; HTML table 2, row 8; page_title=International tuition costs :: University of Waikato; raw=BA in History | $32,441 | $34,063"
7002.0,University of Waikato,BA in Human Development,,,,,2026,International,32441.0,,,official_programme_estimate,https://www.waikato.ac.nz/int/study/fees-costs/international-tuition-costs/,2026-05-14,"International tuition costs page.; HTML table 2, row 9; page_title=International tuition costs :: University of Waikato; raw=BA in Human Development | $32,441 | $34,063"
7002.0,University of Waikato,BA in Human Rights,,,,,2026,International,32441.0,,,official_programme_estimate,https://www.waikato.ac.nz/int/study/fees-costs/international-tuition-costs/,2026-05-14,"International tuition costs page.; HTML table 2, row 10; page_title=International tuition costs :: University of Waikato; raw=BA in Human Rights | $32,441 | $34,063"
7002.0,University of Waikato,BA in International Languages and Cultures,,,,,2026,International,32441.0,,,official_programme_estimate,https://www.waikato.ac.nz/int/study/fees-costs/international-tuition-costs/,2026-05-14,"International tuition costs page.; HTML table 2, row 11; page_title=International tuition costs :: University of Waikato; raw=BA in International Languages and Cultures | $32,441 | $34,063"
7002.0,University of Waikato,BA in Law,,,,,2026,International,39783.0,,,official_programme_estimate,https://www.waikato.ac.nz/int/study/fees-costs/international-tuition-costs/,2026-05-14,"International tuition costs page.; HTML table 2, row 12; page_title=International tuition costs :: University of Waikato; raw=BA in Law | $39,783 | $41,772"
7002.0,University of Waikato,BA in Linguistics,,,,,2026,International,32441.0,,,official_programme_estimate,https://www.waikato.ac.nz/int/study/fees-costs/international-tuition-costs/,2026-05-14,"International tuition costs page.; HTML table 2, row 13; page_title=International tuition costs :: University of Waikato; raw=BA in Linguistics | $32,441 | $34,063"
7002.0,University of Waikato,BA in Māori and Indigenous Studies,,,,,2026,International,32441.0,,,official_programme_estimate,https://www.waikato.ac.nz/int/study/fees-costs/international-tuition-costs/,2026-05-14,"International tuition costs page.; HTML table 2, row 14; page_title=International tuition costs :: University of Waikato; raw=BA in Māori and Indigenous Studies | $32,441 | $34,063"
7002.0,University of Waikato,BA in Māori Language/Te Reo Māori,,,,,2026,International,32441.0,,,official_programme_estimate,https://www.waikato.ac.nz/int/study/fees-costs/international-tuition-costs/,2026-05-14,"International tuition costs page.; HTML table 2, row 15; page_title=International tuition costs :: University of Waikato; raw=BA in Māori Language/Te Reo Māori | $32,441 | $34,063"
7002.0,University of Waikato,BA in Music,,,,,2026,International,42231.0,,,official_programme_estimate,https://www.waikato.ac.nz/int/study/fees-costs/international-tuition-costs/,2026-05-14,"International tuition costs page.; HTML table 2, row 16; page_title=International tuition costs :: University of Waikato; raw=BA in Music | $42,231 | $44,343"
7002.0,University of Waikato,BA in Pacific and Indigenous Studies,,,,,2026,International,32441.0,,,official_programme_estimate,https://www.waikato.ac.nz/int/study/fees-costs/international-tuition-costs/,2026-05-14,"International tuition costs page.; HTML table 2, row 17; page_title=International tuition costs :: University of Waikato; raw=BA in Pacific and Indigenous Studies | $32,441 | $34,063"
7002.0,University of Waikato,BA in Philosophy,,,,,2026,International,32441.0,,,official_programme_estimate,https://www.waikato.ac.nz/int/study/fees-costs/international-tuition-costs/,2026-05-14,"International tuition costs page.; HTML table 2, row 18; page_title=International tuition costs :: University of Waikato; raw=BA in Philosophy | $32,441 | $34,063"
7002.0,University of Waikato,BA in Political Science,,,,,2026,International,32441.0,,,official_programme_estimate,https://www.waikato.ac.nz/int/study/fees-costs/international-tuition-costs/,2026-05-14,"International tuition costs page.; HTML table 2, row 19; page_title=International tuition costs :: University of Waikato; raw=BA in Political Science | $32,441 | $34,063"
7002.0,University of Waikato,BA in Population studies,,,,,2026,International,32441.0,,,official_programme_estimate,https://www.waikato.ac.nz/int/study/fees-costs/international-tuition-costs/,2026-05-14,"International tuition costs page.; HTML table 2, row 20; page_title=International tuition costs :: University of Waikato; raw=BA in Population studies | $32,441 | $34,063"
7002.0,University of Waikato,BA in Psychology,,,,,2026,International,42231.0,,,official_programme_estimate,https://www.waikato.ac.nz/int/study/fees-costs/international-tuition-costs/,2026-05-14,"International tuition costs page.; HTML table 2, row 21; page_title=International tuition costs :: University of Waikato; raw=BA in Psychology | $42,231 | $44,343"
7002.0,University of Waikato,BA in Screen and Media Studies,,,,,2026,International,40219.0,,,official_programme_estimate,https://www.waikato.ac.nz/int/study/fees-costs/international-tuition-costs/,2026-05-14,"International tuition costs page.; HTML table 2, row 22; page_title=International tuition costs :: University of Waikato; raw=BA in Screen and Media Studies | $40,219 | $42,230"
7002.0,University of Waikato,BA in Social Policy,,,,,2026,International,32441.0,,,official_programme_estimate,https://www.waikato.ac.nz/int/study/fees-costs/international-tuition-costs/,2026-05-14,"International tuition costs page.; HTML table 2, row 23; page_title=International tuition costs :: University of Waikato; raw=BA in Social Policy | $32,441 | $34,063"
7002.0,University of Waikato,BA in Sociology,,,,,2026,International,32441.0,,,official_programme_estimate,https://www.waikato.ac.nz/int/study/fees-costs/international-tuition-costs/,2026-05-14,"International tuition costs page.; HTML table 2, row 24; page_title=International tuition costs :: University of Waikato; raw=BA in Sociology | $32,441 | $34,063"
7002.0,University of Waikato,BA in Theatre Studies,,,,,2026,International,32441.0,,,official_programme_estimate,https://www.waikato.ac.nz/int/study/fees-costs/international-tuition-costs/,2026-05-14,"International tuition costs page.; HTML table 2, row 25; page_title=International tuition costs :: University of Waikato; raw=BA in Theatre Studies | $32,441 | $34,063"
7002.0,University of Waikato,BA in Writing Studies,,,,,2026,International,32441.0,,,official_programme_estimate,https://www.waikato.ac.nz/int/study/fees-costs/international-tuition-costs/,2026-05-14,"International tuition costs page.; HTML table 2, row 26; page_title=International tuition costs :: University of Waikato; raw=BA in Writing Studies | $32,441 | $34,063"
7002.0,University of Waikato,Bachelor of Applied Computing (BAppComp),,,Undergraduate,Bachelor,2026,International,41910.0,,,official_programme_estimate,https://www.waikato.ac.nz/int/study/fees-costs/international-tuition-costs/,2026-05-14,"International tuition costs page.; HTML table 2, row 27; page_title=International tuition costs :: University of Waikato; raw=Bachelor of Applied Computing (BAppComp) | $41,910 | $44,006"
7002.0,University of Waikato,"Bachelor of Banking, Finance & Technology (BBFinTech)",,,Undergraduate,Bachelor,2026,International,38252.0,,,official_programme_estimate,https://www.waikato.ac.nz/int/study/fees-costs/international-tuition-costs/,2026-05-14,"International tuition costs page.; HTML table 2, row 28; page_title=International tuition costs :: University of Waikato; raw=Bachelor of Banking, Finance & Technology (BBFinTech) | $38,252 | $40,165"
7002.0,University of Waikato,"Bachelor of Business (BBus) All major subjects: Accounting, Agribusiness, Digital Business, Economics, Finance, Human Resource Management, Leadership, Marketing, Public Relations, Strategic Management, Supply Chain Management, Tourism and Hospitality Management",,,Undergraduate,Bachelor,2026,International,38252.0,,,official_programme_estimate,https://www.waikato.ac.nz/int/study/fees-costs/international-tuition-costs/,2026-05-14,"International tuition costs page.; HTML table 2, row 29; page_title=International tuition costs :: University of Waikato; raw=Bachelor of Business (BBus) All major subjects: Accounting, Agribusiness, Digital Business, Economics, Finance, Human Resource Management, Leadership, Marketing, Public Relations, Strategic Management, Supply Chain Management, Tourism and Hospitality Management | $38,252 | $40,165"
7002.0,University of Waikato,"Bachelor of Climate Change (BCC) All major subjects: Anthropology, Chemistry, Climate Change, Data Analytics, Earth Sciences, Ecology and Biodiversity, Economics, Education and Society, Environmental Planning, Environmental Sciences, Geography, History, Law, Māori and Indigenous Studies, Pacific and Indigenous Studies, Philosophy, Political Science, Public Relations, Social Policy, Sociology, Strategic Management.",,,Undergraduate,Bachelor,2026,International,42231.0,,,official_programme_estimate,https://www.waikato.ac.nz/int/study/fees-costs/international-tuition-costs/,2026-05-14,"International tuition costs page.; HTML table 2, row 30; page_title=International tuition costs :: University of Waikato; raw=Bachelor of Climate Change (BCC) All major subjects: Anthropology, Chemistry, Climate Change, Data Analytics, Earth Sciences, Ecology and Biodiversity, Economics, Education and Society, Environmental Planning, Environmental Sciences, Geography, History, Law, Māori and Indigenous Studies, Pacific and Indigenous Studies, Philosophy, Political Science, Public Relations, Social Policy, Sociology, Strategic Management. | $42,231 | $44,343"
7002.0,University of Waikato,Bachelor of Communication (BC),,,Undergraduate,Bachelor,2026,International,38252.0,,,official_programme_estimate,https://www.waikato.ac.nz/int/study/fees-costs/international-tuition-costs/,2026-05-14,"International tuition costs page.; HTML table 2, row 31; page_title=International tuition costs :: University of Waikato; raw=Bachelor of Communication (BC) | $38,252 | $40,165"
7002.0,University of Waikato,Bachelor of Computer Science (BCompSc),,,Undergraduate,Bachelor,2026,International,41910.0,,,official_programme_estimate,https://www.waikato.ac.nz/int/study/fees-costs/international-tuition-costs/,2026-05-14,"International tuition costs page.; HTML table 2, row 32; page_title=International tuition costs :: University of Waikato; raw=Bachelor of Computer Science (BCompSc) | $41,910 | $44,006"
7002.0,University of Waikato,"Bachelor of Design (BDes) All major subjects: Communication design, Design, Industrial design, Interface design, Media design",,,Undergraduate,Bachelor,2026,International,40606.0,,,official_programme_estimate,https://www.waikato.ac.nz/int/study/fees-costs/international-tuition-costs/,2026-05-14,"International tuition costs page.; HTML table 2, row 33; page_title=International tuition costs :: University of Waikato; raw=Bachelor of Design (BDes) All major subjects: Communication design, Design, Industrial design, Interface design, Media design | $40,606 | $42,636"
7002.0,University of Waikato,"Bachelor of Engineering with Honours (BE(Hons)) All major subjects, years 1-3: Chemical and Process Engineering, Civil Engineering, Electrical and Electronic Engineering, Environmental Engineering, Materials and Process Engineering, Mechanical Engineering, Mechatronics Engineering, Software Engineering Honours papers, usually studied","your fourth year, are subject to postgraduate fees.",,Postgraduate,Bachelor with Honours,2026,International,48345.0,,per year,official_programme_estimate,https://www.waikato.ac.nz/int/study/fees-costs/international-tuition-costs/,2026-05-14,"International tuition costs page.; HTML table 2, row 34; page_title=International tuition costs :: University of Waikato; raw=Bachelor of Engineering with Honours (BE(Hons)) All major subjects, years 1-3: Chemical and Process Engineering, Civil Engineering, Electrical and Electronic Engineering, Environmental Engineering, Materials and Process Engineering, Mechanical Engineering, Mechatronics Engineering, Software Engineering Honours papers, usually studied in your fourth year, are subject to postgraduate fees. | $48,345 | $50,762"
7002.0,University of Waikato,Bachelor of Environmental Planning (BEP),,,Undergraduate,Bachelor,2026,International,42231.0,,,official_programme_estimate,https://www.waikato.ac.nz/int/study/fees-costs/international-tuition-costs/,2026-05-14,"International tuition costs page.; HTML table 2, row 35; page_title=International tuition costs :: University of Waikato; raw=Bachelor of Environmental Planning (BEP) | $42,231 | $44,343"
7002.0,University of Waikato,Bachelor of Global Studies,,,Undergraduate,Bachelor,2026,International,38252.0,,,official_programme_estimate,https://www.waikato.ac.nz/int/study/fees-costs/international-tuition-costs/,2026-05-14,"International tuition costs page.; HTML table 2, row 36; page_title=International tuition costs :: University of Waikato; raw=Bachelor of Global Studies | $38,252 | $40,165"
7002.0,University of Waikato,"Bachelor of Health (BHealth) All major subjects: Health Promotion, Biomedical Sciences",,,Undergraduate,Bachelor,2026,International,36989.0,,,official_programme_estimate,https://www.waikato.ac.nz/int/study/fees-costs/international-tuition-costs/,2026-05-14,"International tuition costs page.; HTML table 2, row 37; page_title=International tuition costs :: University of Waikato; raw=Bachelor of Health (BHealth) All major subjects: Health Promotion, Biomedical Sciences | $36,989 | $38,838"
7002.0,University of Waikato,"Bachelor of Laws (LLB) Single Major, Double Major, or with Honours",,,Undergraduate,Bachelor with Honours,2026,International,40165.0,,,official_programme_estimate,https://www.waikato.ac.nz/int/study/fees-costs/international-tuition-costs/,2026-05-14,"International tuition costs page.; HTML table 2, row 38; page_title=International tuition costs :: University of Waikato; raw=Bachelor of Laws (LLB) Single Major, Double Major, or with Honours | $40,165 | $42,173"
7002.0,University of Waikato,"Bachelor of Music (BMus) All streams: Academic, Composition, Performance",,,Undergraduate,Bachelor,2026,International,42231.0,,,official_programme_estimate,https://www.waikato.ac.nz/int/study/fees-costs/international-tuition-costs/,2026-05-14,"International tuition costs page.; HTML table 2, row 39; page_title=International tuition costs :: University of Waikato; raw=Bachelor of Music (BMus) All streams: Academic, Composition, Performance | $42,231 | $44,343"
7002.0,University of Waikato,"Bachelor of Science (BSc) All major subjects: Biomedical Sciences, Chemistry, Data Analytics, Earth sciences, Ecology and biodiversity, Environmental sciences, Marine Science, Materials science, Mathematics, Molecular and cellular biology or Psychology",,,Undergraduate,Bachelor,2026,International,42235.0,,,official_programme_estimate,https://www.waikato.ac.nz/int/study/fees-costs/international-tuition-costs/,2026-05-14,"International tuition costs page.; HTML table 2, row 40; page_title=International tuition costs :: University of Waikato; raw=Bachelor of Science (BSc) All major subjects: Biomedical Sciences, Chemistry, Data Analytics, Earth sciences, Ecology and biodiversity, Environmental sciences, Marine Science, Materials science, Mathematics, Molecular and cellular biology or Psychology | $42,235 | $44,347"
7002.0,University of Waikato,"Bachelor of Science (Technology) (BSc(Tech)) All major subjects: Biomedical Sciences, Chemistry, Computer Science, Earth Sciences, Ecology and Biodiversity, Environmental Sciences, Materials Science, Marine Science, Molecular and Cellular Biology",,,Undergraduate,Bachelor,2026,International,42235.0,,,official_programme_estimate,https://www.waikato.ac.nz/int/study/fees-costs/international-tuition-costs/,2026-05-14,"International tuition costs page.; HTML table 2, row 41; page_title=International tuition costs :: University of Waikato; raw=Bachelor of Science (Technology) (BSc(Tech)) All major subjects: Biomedical Sciences, Chemistry, Computer Science, Earth Sciences, Ecology and Biodiversity, Environmental Sciences, Materials Science, Marine Science, Molecular and Cellular Biology | $42,235 | $44,347"
7002.0,University of Waikato,Bachelor of Social Sciences (BSocSc),,,Undergraduate,Bachelor,2026,International,32400.0,,,official_programme_estimate,https://www.waikato.ac.nz/int/study/fees-costs/international-tuition-costs/,2026-05-14,"International tuition costs page.; HTML table 2, row 42; page_title=International tuition costs :: University of Waikato; raw=Bachelor of Social Sciences (BSocSc) | $32,400 - $42,230 | $34,020 – $44,342"
7002.0,University of Waikato,BSocSc in Anthropology,,,,,2026,International,32441.0,,,official_programme_estimate,https://www.waikato.ac.nz/int/study/fees-costs/international-tuition-costs/,2026-05-14,"International tuition costs page.; HTML table 2, row 43; page_title=International tuition costs :: University of Waikato; raw=BSocSc in Anthropology | $32,441 | $34,063"
7002.0,University of Waikato,BSocSc in Criminology,,,,,2026,International,42226.0,,,official_programme_estimate,https://www.waikato.ac.nz/int/study/fees-costs/international-tuition-costs/,2026-05-14,"International tuition costs page.; HTML table 2, row 44; page_title=International tuition costs :: University of Waikato; raw=BSocSc in Criminology | $42,226 | $44,337"
7002.0,University of Waikato,BSocSc in Digital Learning,,,,,2026,International,40219.0,,,official_programme_estimate,https://www.waikato.ac.nz/int/study/fees-costs/international-tuition-costs/,2026-05-14,"International tuition costs page.; HTML table 2, row 45; page_title=International tuition costs :: University of Waikato; raw=BSocSc in Digital Learning | $40,219 | $42,230"
7002.0,University of Waikato,BSocSc in Economics,,,,,2026,International,38252.0,,,official_programme_estimate,https://www.waikato.ac.nz/int/study/fees-costs/international-tuition-costs/,2026-05-14,"International tuition costs page.; HTML table 2, row 46; page_title=International tuition costs :: University of Waikato; raw=BSocSc in Economics | $38,252 | $40,165"
7002.0,University of Waikato,BSocSc in Education and Society,,,,,2026,International,32441.0,,,official_programme_estimate,https://www.waikato.ac.nz/int/study/fees-costs/international-tuition-costs/,2026-05-14,"International tuition costs page.; HTML table 2, row 47; page_title=International tuition costs :: University of Waikato; raw=BSocSc in Education and Society | $32,441 | $34,063"
7002.0,University of Waikato,BSocSc in Environmental Planning,,,,,2026,International,42231.0,,,official_programme_estimate,https://www.waikato.ac.nz/int/study/fees-costs/international-tuition-costs/,2026-05-14,"International tuition costs page.; HTML table 2, row 48; page_title=International tuition costs :: University of Waikato; raw=BSocSc in Environmental Planning | $42,231 | $44,343"
7002.0,University of Waikato,BSocSc in Geography,,,,,2026,International,42231.0,,,official_programme_estimate,https://www.waikato.ac.nz/int/study/fees-costs/international-tuition-costs/,2026-05-14,"International tuition costs page.; HTML table 2, row 49; page_title=International tuition costs :: University of Waikato; raw=BSocSc in Geography | $42,231 | $44,343"
7002.0,University of Waikato,BSocSc in History,,,,,2026,International,32441.0,,,official_programme_estimate,https://www.waikato.ac.nz/int/study/fees-costs/international-tuition-costs/,2026-05-14,"International tuition costs page.; HTML table 2, row 50; page_title=International tuition costs :: University of Waikato; raw=BSocSc in History | $32,441 | $34,063"
7002.0,University of Waikato,BSocSc in Human Development,,,,,2026,International,32441.0,,,official_programme_estimate,https://www.waikato.ac.nz/int/study/fees-costs/international-tuition-costs/,2026-05-14,"International tuition costs page.; HTML table 2, row 51; page_title=International tuition costs :: University of Waikato; raw=BSocSc in Human Development | $32,441 | $34,063"
7002.0,University of Waikato,BSocSc in Human Rights,,,,,2026,International,38252.0,,,official_programme_estimate,https://www.waikato.ac.nz/int/study/fees-costs/international-tuition-costs/,2026-05-14,"International tuition costs page.; HTML table 2, row 52; page_title=International tuition costs :: University of Waikato; raw=BSocSc in Human Rights | $38,252 | $40,165"
7002.0,University of Waikato,BSocSc in Law,,,,,2026,International,40165.0,,,official_programme_estimate,https://www.waikato.ac.nz/int/study/fees-costs/international-tuition-costs/,2026-05-14,"International tuition costs page.; HTML table 2, row 53; page_title=International tuition costs :: University of Waikato; raw=BSocSc in Law | $40,165 | $42,173"
7002.0,University of Waikato,BSocSc in Linguistics,,,,,2026,International,32441.0,,,official_programme_estimate,https://www.waikato.ac.nz/int/study/fees-costs/international-tuition-costs/,2026-05-14,"International tuition costs page.; HTML table 2, row 54; page_title=International tuition costs :: University of Waikato; raw=BSocSc in Linguistics | $32,441 | $34,063"
7002.0,University of Waikato,BSocSc in Māori and Indigenous Studies,,,,,2026,International,32441.0,,,official_programme_estimate,https://www.waikato.ac.nz/int/study/fees-costs/international-tuition-costs/,2026-05-14,"International tuition costs page.; HTML table 2, row 55; page_title=International tuition costs :: University of Waikato; raw=BSocSc in Māori and Indigenous Studies | $32,441 | $34,063"
7002.0,University of Waikato,BSocSc in Pacific and Indigenous Studies,,,,,2026,International,32441.0,,,official_programme_estimate,https://www.waikato.ac.nz/int/study/fees-costs/international-tuition-costs/,2026-05-14,"International tuition costs page.; HTML table 2, row 56; page_title=International tuition costs :: University of Waikato; raw=BSocSc in Pacific and Indigenous Studies | $32,441 | $34,063"
7002.0,University of Waikato,BSocSc in Philosophy,,,,,2026,International,32441.0,,,official_programme_estimate,https://www.waikato.ac.nz/int/study/fees-costs/international-tuition-costs/,2026-05-14,"International tuition costs page.; HTML table 2, row 57; page_title=International tuition costs :: University of Waikato; raw=BSocSc in Philosophy | $32,441 | $34,063"
7002.0,University of Waikato,BSocSc in Political Science,,,,,2026,International,32441.0,,,official_programme_estimate,https://www.waikato.ac.nz/int/study/fees-costs/international-tuition-costs/,2026-05-14,"International tuition costs page.; HTML table 2, row 58; page_title=International tuition costs :: University of Waikato; raw=BSocSc in Political Science | $32,441 | $34,063"
7002.0,University of Waikato,BSocSc in Population Studies,,,,,2026,International,32441.0,,,official_programme_estimate,https://www.waikato.ac.nz/int/study/fees-costs/international-tuition-costs/,2026-05-14,"International tuition costs page.; HTML table 2, row 59; page_title=International tuition costs :: University of Waikato; raw=BSocSc in Population Studies | $32,441 | $34,063"
7002.0,University of Waikato,BSocSc in Psychology,,,,,2026,International,42231.0,,,official_programme_estimate,https://www.waikato.ac.nz/int/study/fees-costs/international-tuition-costs/,2026-05-14,"International tuition costs page.; HTML table 2, row 60; page_title=International tuition costs :: University of Waikato; raw=BSocSc in Psychology | $42,231 | $44,343"
7002.0,University of Waikato,BSocSc in Screen and Media Studies,,,,,2026,International,40219.0,,,official_programme_estimate,https://www.waikato.ac.nz/int/study/fees-costs/international-tuition-costs/,2026-05-14,"International tuition costs page.; HTML table 2, row 61; page_title=International tuition costs :: University of Waikato; raw=BSocSc in Screen and Media Studies | $40,219 | $42,230"
7002.0,University of Waikato,BSocSc in Social Policy,,,,,2026,International,32441.0,,,official_programme_estimate,https://www.waikato.ac.nz/int/study/fees-costs/international-tuition-costs/,2026-05-14,"International tuition costs page.; HTML table 2, row 62; page_title=International tuition costs :: University of Waikato; raw=BSocSc in Social Policy | $32,441 | $34,063"
7002.0,University of Waikato,BSocSc in Sociology,,,,,2026,International,38252.0,,,official_programme_estimate,https://www.waikato.ac.nz/int/study/fees-costs/international-tuition-costs/,2026-05-14,"International tuition costs page.; HTML table 2, row 63; page_title=International tuition costs :: University of Waikato; raw=BSocSc in Sociology | $38,252 | $40,165"
7002.0,University of Waikato,"Bachelor of Sport and Human Performance (BSHP) All major subjects: Healthy Active Living, Human Performance Science, Sport Development and Coaching",,,Undergraduate,Bachelor,2026,International,36989.0,,,official_programme_estimate,https://www.waikato.ac.nz/int/study/fees-costs/international-tuition-costs/,2026-05-14,"International tuition costs page.; HTML table 2, row 64; page_title=International tuition costs :: University of Waikato; raw=Bachelor of Sport and Human Performance (BSHP) All major subjects: Healthy Active Living, Human Performance Science, Sport Development and Coaching | $36,989 | $38,838"
7002.0,University of Waikato,"Bachelor of Teaching (BTchg) All BTchg streams: Early childhood, Primary",,,Undergraduate,Bachelor,2026,International,37397.0,,,official_programme_estimate,https://www.waikato.ac.nz/int/study/fees-costs/international-tuition-costs/,2026-05-14,"International tuition costs page.; HTML table 2, row 65; page_title=International tuition costs :: University of Waikato; raw=Bachelor of Teaching (BTchg) All BTchg streams: Early childhood, Primary | $37,397 | $39,267"
7002.0,University of Waikato,Master of Applied Finance,,,Postgraduate,Master,2026,International,59760.0,,,official_programme_estimate,https://www.waikato.ac.nz/int/study/fees-costs/international-tuition-costs/,2026-05-14,"International tuition costs page.; HTML table 3, row 1; page_title=International tuition costs :: University of Waikato; raw=Master of Applied Finance | $59,760 | $62,748"
7002.0,University of Waikato,Master of Applied Psychology,,,Postgraduate,Master,2026,International,45920.0,,"per $45,920 points/credits",official_programme_estimate,https://www.waikato.ac.nz/int/study/fees-costs/international-tuition-costs/,2026-05-14,"International tuition costs page.; HTML table 3, row 2; page_title=International tuition costs :: University of Waikato; raw=Master of Applied Psychology | $45,920 | $48,216"
7002.0,University of Waikato,Master of Artificial Intelligence,,,Postgraduate,Master,2026,International,68370.0,,,official_programme_estimate,https://www.waikato.ac.nz/int/study/fees-costs/international-tuition-costs/,2026-05-14,"International tuition costs page.; HTML table 3, row 3; page_title=International tuition costs :: University of Waikato; raw=Master of Artificial Intelligence | $68,370 | $71,789"
7002.0,University of Waikato,Master of Arts (including most MA majors except those listed below),,,Postgraduate,Master,2026,International,39580.0,,"per $39,580 - $45,920 points/credits",official_programme_estimate,https://www.waikato.ac.nz/int/study/fees-costs/international-tuition-costs/,2026-05-14,"International tuition costs page.; HTML table 3, row 4; page_title=International tuition costs :: University of Waikato; raw=Master of Arts (including most MA majors except those listed below) | $39,580 - $45,920 | $59,370 -$68,880 | $41,559 – $48,216 | $62,339 – $72,324"
7002.0,University of Waikato,Master of Business,,,Postgraduate,Master,2026,International,41180.0,,"per $41,180 points/credits",official_programme_estimate,https://www.waikato.ac.nz/int/study/fees-costs/international-tuition-costs/,2026-05-14,"International tuition costs page.; HTML table 3, row 5; page_title=International tuition costs :: University of Waikato; raw=Master of Business | $41,180 | $61,770 | $43,239 | $64,859"
7002.0,University of Waikato,Master of Business and Management,,,Postgraduate,Master,2026,International,59760.0,,,official_programme_estimate,https://www.waikato.ac.nz/int/study/fees-costs/international-tuition-costs/,2026-05-14,"International tuition costs page.; HTML table 3, row 6; page_title=International tuition costs :: University of Waikato; raw=Master of Business and Management | $59,760 | $62,748"
7002.0,University of Waikato,Master of Cyber Security,,,Postgraduate,Master,2026,International,46008.0,,"per $46,008 points/credits",official_programme_estimate,https://www.waikato.ac.nz/int/study/fees-costs/international-tuition-costs/,2026-05-14,"International tuition costs page.; HTML table 3, row 7; page_title=International tuition costs :: University of Waikato; raw=Master of Cyber Security | $46,008 | $69,012 | $48,308 | $72,463"
7002.0,University of Waikato,Master of Data Science,,,Postgraduate,Master,2026,International,71789.0,,,official_programme_estimate,https://www.waikato.ac.nz/int/study/fees-costs/international-tuition-costs/,2026-05-14,"International tuition costs page.; HTML table 3, row 8; page_title=International tuition costs :: University of Waikato; raw=Master of Data Science | $71,789"
7002.0,University of Waikato,Master of Design,,,Postgraduate,Master,2026,International,50610.0,,"per $50,610 points/credits",official_programme_estimate,https://www.waikato.ac.nz/int/study/fees-costs/international-tuition-costs/,2026-05-14,"International tuition costs page.; HTML table 3, row 9; page_title=International tuition costs :: University of Waikato; raw=Master of Design | $50,610 | $75,915 | $53,141 | $79,711"
7002.0,University of Waikato,Master of Digital Business,,,Postgraduate,Master,2026,International,39840.0,,"per $39,840 points/credits",official_programme_estimate,https://www.waikato.ac.nz/int/study/fees-costs/international-tuition-costs/,2026-05-14,"International tuition costs page.; HTML table 3, row 10; page_title=International tuition costs :: University of Waikato; raw=Master of Digital Business | $39,840 | $59,760 | $41,832 | $62,748"
7002.0,University of Waikato,Master of Disability and Inclusion Studies,,,Postgraduate,Master,2026,International,39580.0,,"per $39,580 points/credits",official_programme_estimate,https://www.waikato.ac.nz/int/study/fees-costs/international-tuition-costs/,2026-05-14,"International tuition costs page.; HTML table 3, row 11; page_title=International tuition costs :: University of Waikato; raw=Master of Disability and Inclusion Studies | $39,580 | $59,760 | $41,559 | $62,748"
7002.0,University of Waikato,Master of Education,,,Postgraduate,Master,2026,International,39580.0,,"per $39,580 points/credits",official_programme_estimate,https://www.waikato.ac.nz/int/study/fees-costs/international-tuition-costs/,2026-05-14,"International tuition costs page.; HTML table 3, row 12; page_title=International tuition costs :: University of Waikato; raw=Master of Education | $39,580 | $59,370 | $41,559 | $62,339"
7002.0,University of Waikato,Master of Educational Leadership,,,Postgraduate,Master,2026,International,39580.0,,"per $39,580 points/credits",official_programme_estimate,https://www.waikato.ac.nz/int/study/fees-costs/international-tuition-costs/,2026-05-14,"International tuition costs page.; HTML table 3, row 13; page_title=International tuition costs :: University of Waikato; raw=Master of Educational Leadership | $39,580 | $59,370 | $41,559 | $62,339"
7002.0,University of Waikato,Master of Educational Management,,,Postgraduate,Master,2026,International,39840.0,,"per $39,840 points/credits",official_programme_estimate,https://www.waikato.ac.nz/int/study/fees-costs/international-tuition-costs/,2026-05-14,"International tuition costs page.; HTML table 3, row 14; page_title=International tuition costs :: University of Waikato; raw=Master of Educational Management | $39,840 | $59,760 | $41,832 | $62,748"
7002.0,University of Waikato,Master of Engineering,,,Postgraduate,Master,2026,International,53640.0,,"per $53,640 points/credits",official_programme_estimate,https://www.waikato.ac.nz/int/study/fees-costs/international-tuition-costs/,2026-05-14,"International tuition costs page.; HTML table 3, row 15; page_title=International tuition costs :: University of Waikato; raw=Master of Engineering | $53,640 | $56,322 | $84,483"
7002.0,University of Waikato,Master of Engineering Practice,,,Postgraduate,Master,2026,International,50445.0,,"per $50,445 points/credits",official_programme_estimate,https://www.waikato.ac.nz/int/study/fees-costs/international-tuition-costs/,2026-05-14,"International tuition costs page.; HTML table 3, row 16; page_title=International tuition costs :: University of Waikato; raw=Master of Engineering Practice | $50,445 | $75,668 | $52,967 | $79,451"
7002.0,University of Waikato,Master of Environment and Society,,,Postgraduate,Master,2026,International,45920.0,,"per $45,920 points/credits",official_programme_estimate,https://www.waikato.ac.nz/int/study/fees-costs/international-tuition-costs/,2026-05-14,"International tuition costs page.; HTML table 3, row 17; page_title=International tuition costs :: University of Waikato; raw=Master of Environment and Society | $45,920 | $68,880 | $48,216 | $72,324"
7002.0,University of Waikato,Master of Environmental Planning,,,Postgraduate,Master,2026,International,46008.0,,"per $46,008 points/credits",official_programme_estimate,https://www.waikato.ac.nz/int/study/fees-costs/international-tuition-costs/,2026-05-14,"International tuition costs page.; HTML table 3, row 18; page_title=International tuition costs :: University of Waikato; raw=Master of Environmental Planning | $46,008 | $48,311 | $72,471"
7002.0,University of Waikato,Master of Health Science,,,Postgraduate,Master,2026,International,50030.0,,"per $50,030 points/credits",official_programme_estimate,https://www.waikato.ac.nz/int/study/fees-costs/international-tuition-costs/,2026-05-14,"International tuition costs page.; HTML table 3, row 19; page_title=International tuition costs :: University of Waikato; raw=Master of Health Science | $50,030 | $75,045 | $52,532 | $78,797"
7002.0,University of Waikato,"Master of Health, Sport and Human Performance",,,Postgraduate,Master,2026,International,50030.0,,"per $50,030 points/credits",official_programme_estimate,https://www.waikato.ac.nz/int/study/fees-costs/international-tuition-costs/,2026-05-14,"International tuition costs page.; HTML table 3, row 20; page_title=International tuition costs :: University of Waikato; raw=Master of Health, Sport and Human Performance | $50,030 | $75,045 | $52,532 | $78,797"
7002.0,University of Waikato,Master of Information Technology,,,Postgraduate,Master,2026,International,46200.0,,"per $46,200 points/credits",official_programme_estimate,https://www.waikato.ac.nz/int/study/fees-costs/international-tuition-costs/,2026-05-14,"International tuition costs page.; HTML table 3, row 21; page_title=International tuition costs :: University of Waikato; raw=Master of Information Technology | $46,200 | $69,300 (180 points) $92,400 (240 points) | $48,510 | $72,765 (180 points) $97,020 (240 points)"
7002.0,University of Waikato,Master of Laws,,,Postgraduate,Master,2026,International,43370.0,,"per $43,370 points/credits",official_programme_estimate,https://www.waikato.ac.nz/int/study/fees-costs/international-tuition-costs/,2026-05-14,"International tuition costs page.; HTML table 3, row 22; page_title=International tuition costs :: University of Waikato; raw=Master of Laws | $43,370 | $45,539 | $68,308"
7002.0,University of Waikato,Master of Laws,Māori/Pacific and Indigenous People's Law,,Postgraduate,Master,2026,International,43370.0,,"per $43,370 points/credits",official_programme_estimate,https://www.waikato.ac.nz/int/study/fees-costs/international-tuition-costs/,2026-05-14,"International tuition costs page.; HTML table 3, row 23; page_title=International tuition costs :: University of Waikato; raw=Master of Laws in Māori/Pacific and Indigenous People's Law | $43,370 | $45,539 | $68,308"
7002.0,University of Waikato,Master of Legal Studies,,,Postgraduate,Master,2026,International,43370.0,,"per $43,370 points/credits",official_programme_estimate,https://www.waikato.ac.nz/int/study/fees-costs/international-tuition-costs/,2026-05-14,"International tuition costs page.; HTML table 3, row 24; page_title=International tuition costs :: University of Waikato; raw=Master of Legal Studies | $43,370 | $65,055 | $45,539 | $68,308"
7002.0,University of Waikato,Master of Management,,,Postgraduate,Master,2026,International,59760.0,,,official_programme_estimate,https://www.waikato.ac.nz/int/study/fees-costs/international-tuition-costs/,2026-05-14,"International tuition costs page.; HTML table 3, row 25; page_title=International tuition costs :: University of Waikato; raw=Master of Management | $59,760 | $62,748"
7002.0,University of Waikato,Master of Media and Creative Technologies,,,Postgraduate,Master,2026,International,39580.0,,"per $39,580 points/credits",official_programme_estimate,https://www.waikato.ac.nz/int/study/fees-costs/international-tuition-costs/,2026-05-14,"International tuition costs page.; HTML table 3, row 26; page_title=International tuition costs :: University of Waikato; raw=Master of Media and Creative Technologies | $39,580 | $59,370 | $41,559 | $62,339"
7002.0,University of Waikato,Master of Music,,,Postgraduate,Master,2026,International,50605.0,,"per $50,605 points/credits",official_programme_estimate,https://www.waikato.ac.nz/int/study/fees-costs/international-tuition-costs/,2026-05-14,"International tuition costs page.; HTML table 3, row 27; page_title=International tuition costs :: University of Waikato; raw=Master of Music | $50,605 | $53,135"
7002.0,University of Waikato,Master of Nursing Practice,,,Postgraduate,Master,2026,International,89960.0,,,official_programme_estimate,https://www.waikato.ac.nz/int/study/fees-costs/international-tuition-costs/,2026-05-14,"International tuition costs page.; HTML table 3, row 28; page_title=International tuition costs :: University of Waikato; raw=Master of Nursing Practice | $89,960 (240 Points) | $47,229 | $94,458 (240 Points)"
7002.0,University of Waikato,Master of Pharmacy Practice (available from 2026),,,Postgraduate,Master,2026,International,90100.0,,,official_programme_estimate,https://www.waikato.ac.nz/int/study/fees-costs/international-tuition-costs/,2026-05-14,"International tuition costs page.; HTML table 3, row 29; page_title=International tuition costs :: University of Waikato; raw=Master of Pharmacy Practice (available from 2026) | $90,100 (240 Points) | $47,303 | $94,605 (240 points)"
7002.0,University of Waikato,Master of Professional Accounting,,,Postgraduate,Master,2026,International,59760.0,,,official_programme_estimate,https://www.waikato.ac.nz/int/study/fees-costs/international-tuition-costs/,2026-05-14,"International tuition costs page.; HTML table 3, row 30; page_title=International tuition costs :: University of Waikato; raw=Master of Professional Accounting | $59,760 | $62,748"
7002.0,University of Waikato,Master of Professional Accounting,CA,,Postgraduate,Master,2026,International,74695.0,,,official_programme_estimate,https://www.waikato.ac.nz/int/study/fees-costs/international-tuition-costs/,2026-05-14,"International tuition costs page.; HTML table 3, row 31; page_title=International tuition costs :: University of Waikato; raw=Master of Professional Accounting – CA | $74,695 (240 points) *Only available in January 2026 | $78,430 (240 points)"
7002.0,University of Waikato,Master of Professional Practice,Behaviour Analysis,,Postgraduate,Master,2026,International,90100.0,,,official_programme_estimate,https://www.waikato.ac.nz/int/study/fees-costs/international-tuition-costs/,2026-05-14,"International tuition costs page.; HTML table 3, row 32; page_title=International tuition costs :: University of Waikato; raw=Master of Professional Practice in Behaviour Analysis | $90,100 (240 points) | $94,605 (240 points)"
7002.0,University of Waikato,Master of Professional Writing,,,Postgraduate,Master,2026,International,39580.0,,"per $39,580 points/credits",official_programme_estimate,https://www.waikato.ac.nz/int/study/fees-costs/international-tuition-costs/,2026-05-14,"International tuition costs page.; HTML table 3, row 33; page_title=International tuition costs :: University of Waikato; raw=Master of Professional Writing | $39,580 | $59,370 | $41,559 | $62,339"
7002.0,University of Waikato,Master of Science,,,Postgraduate,Master,2026,International,45920.0,,"per $45,920 points/credits",official_programme_estimate,https://www.waikato.ac.nz/int/study/fees-costs/international-tuition-costs/,2026-05-14,"International tuition costs page.; HTML table 3, row 34; page_title=International tuition costs :: University of Waikato; raw=Master of Science | $45,920 | $68,880 | $48,216 | $72,324"
7002.0,University of Waikato,Master of Science (Research),,,Postgraduate,Master,2026,International,48195.0,,"per $48,195 points/credits",official_programme_estimate,https://www.waikato.ac.nz/int/study/fees-costs/international-tuition-costs/,2026-05-14,"International tuition costs page.; HTML table 3, row 35; page_title=International tuition costs :: University of Waikato; raw=Master of Science (Research) | $48,195 | $50,605 | $76,335 (180 points) $101,210 (240 points)"
7002.0,University of Waikato,Master of Social Sciences,,,Postgraduate,Master,2026,International,59370.0,,,official_programme_estimate,https://www.waikato.ac.nz/int/study/fees-costs/international-tuition-costs/,2026-05-14,"International tuition costs page.; HTML table 3, row 36; page_title=International tuition costs :: University of Waikato; raw=Master of Social Sciences | $59,370 -$68,880 | $62,339 – $72,324"
7002.0,University of Waikato,Master of Teaching and Learning,,,Postgraduate,Master,2026,International,56250.0,,,official_programme_estimate,https://www.waikato.ac.nz/int/study/fees-costs/international-tuition-costs/,2026-05-14,"International tuition costs page.; HTML table 3, row 37; page_title=International tuition costs :: University of Waikato; raw=Master of Teaching and Learning | $56,250 | $59,063"
7002.0,University of Waikato,Master of Teaching English to Speakers of other Languages,,,Postgraduate,Master,2026,International,59370.0,,,official_programme_estimate,https://www.waikato.ac.nz/int/study/fees-costs/international-tuition-costs/,2026-05-14,"International tuition costs page.; HTML table 3, row 38; page_title=International tuition costs :: University of Waikato; raw=Master of Teaching English to Speakers of other Languages | $59,370 | $62,339"
7002.0,University of Waikato,Master of Technology Innovation,Business,,Postgraduate,Master,2026,International,70731.0,,,official_programme_estimate,https://www.waikato.ac.nz/int/study/fees-costs/international-tuition-costs/,2026-05-14,"International tuition costs page.; HTML table 3, row 39; page_title=International tuition costs :: University of Waikato; raw=Master of Technology Innovation in Business | $70,731 | $74,268"
7002.0,University of Waikato,Accounting,,,,,2026,International,38252.0,,"per $38,252 points/credits",official_programme_estimate,https://www.waikato.ac.nz/int/study/fees-costs/international-tuition-costs/,2026-05-14,"International tuition costs page.; HTML table 4, row 1; page_title=International tuition costs :: University of Waikato; raw=Accounting | $38,252 | $40,165"
7002.0,University of Waikato,Agribusiness,,,,,2026,International,38252.0,,"per $38,252 points/credits",official_programme_estimate,https://www.waikato.ac.nz/int/study/fees-costs/international-tuition-costs/,2026-05-14,"International tuition costs page.; HTML table 4, row 2; page_title=International tuition costs :: University of Waikato; raw=Agribusiness | $38,252 | $40,165"
7002.0,University of Waikato,Anthropology,,,,,2026,International,32441.0,,"per $32,441 points/credits",official_programme_estimate,https://www.waikato.ac.nz/int/study/fees-costs/international-tuition-costs/,2026-05-14,"International tuition costs page.; HTML table 4, row 3; page_title=International tuition costs :: University of Waikato; raw=Anthropology | $32,441 | $34,063"
7002.0,University of Waikato,Applied Computing,,,,,2026,International,40219.0,,"per $40,219 points/credits",official_programme_estimate,https://www.waikato.ac.nz/int/study/fees-costs/international-tuition-costs/,2026-05-14,"International tuition costs page.; HTML table 4, row 4; page_title=International tuition costs :: University of Waikato; raw=Applied Computing | $40,219 | $42,638"
7002.0,University of Waikato,Biochemistry,,,,,2026,International,42231.0,,"per $42,231 points/credits",official_programme_estimate,https://www.waikato.ac.nz/int/study/fees-costs/international-tuition-costs/,2026-05-14,"International tuition costs page.; HTML table 4, row 5; page_title=International tuition costs :: University of Waikato; raw=Biochemistry | $42,231 | $44,343"
7002.0,University of Waikato,Biological Sciences,,,,,2026,International,42231.0,,"per $42,231 points/credits",official_programme_estimate,https://www.waikato.ac.nz/int/study/fees-costs/international-tuition-costs/,2026-05-14,"International tuition costs page.; HTML table 4, row 6; page_title=International tuition costs :: University of Waikato; raw=Biological Sciences | $42,231 | $44,343"
7002.0,University of Waikato,Chemistry,,,,,2026,International,42231.0,,"per $42,231 points/credits",official_programme_estimate,https://www.waikato.ac.nz/int/study/fees-costs/international-tuition-costs/,2026-05-14,"International tuition costs page.; HTML table 4, row 8; page_title=International tuition costs :: University of Waikato; raw=Chemistry | $42,231 | $44,343"
7002.0,University of Waikato,Chinese,,,,,2026,International,32441.0,,"per $32,441 points/credits",official_programme_estimate,https://www.waikato.ac.nz/int/study/fees-costs/international-tuition-costs/,2026-05-14,"International tuition costs page.; HTML table 4, row 9; page_title=International tuition costs :: University of Waikato; raw=Chinese | $32,441 | $34,063"
7002.0,University of Waikato,Computer Graphic Design,,,,,2026,International,40219.0,,"per $40,219 points/credits",official_programme_estimate,https://www.waikato.ac.nz/int/study/fees-costs/international-tuition-costs/,2026-05-14,"International tuition costs page.; HTML table 4, row 10; page_title=International tuition costs :: University of Waikato; raw=Computer Graphic Design | $40,219 | $42,638"
7002.0,University of Waikato,Computer Science,,,,,2026,International,40219.0,,"per $40,219 points/credits",official_programme_estimate,https://www.waikato.ac.nz/int/study/fees-costs/international-tuition-costs/,2026-05-14,"International tuition costs page.; HTML table 4, row 11; page_title=International tuition costs :: University of Waikato; raw=Computer Science | $40,219 | $42,638"
7002.0,University of Waikato,Creative Practices,,,,,2026,International,40219.0,,"per $40,219 points/credits",official_programme_estimate,https://www.waikato.ac.nz/int/study/fees-costs/international-tuition-costs/,2026-05-14,"International tuition costs page.; HTML table 4, row 12; page_title=International tuition costs :: University of Waikato; raw=Creative Practices | $40,219 | $42,638"
7002.0,University of Waikato,Creative Technologies,,,,,2026,International,40219.0,,"per $40,219 points/credits",official_programme_estimate,https://www.waikato.ac.nz/int/study/fees-costs/international-tuition-costs/,2026-05-14,"International tuition costs page.; HTML table 4, row 13; page_title=International tuition costs :: University of Waikato; raw=Creative Technologies | $40,219 | $42,638"
7002.0,University of Waikato,Design Media,,,,,2026,International,40219.0,,"per $40,219 points/credits",official_programme_estimate,https://www.waikato.ac.nz/int/study/fees-costs/international-tuition-costs/,2026-05-14,"International tuition costs page.; HTML table 4, row 14; page_title=International tuition costs :: University of Waikato; raw=Design Media | $40,219 | $42,638"
7002.0,University of Waikato,Earth Sciences,,,,,2026,International,42231.0,,"per $42,231 points/credits",official_programme_estimate,https://www.waikato.ac.nz/int/study/fees-costs/international-tuition-costs/,2026-05-14,"International tuition costs page.; HTML table 4, row 15; page_title=International tuition costs :: University of Waikato; raw=Earth Sciences | $42,231 | $44,343"
7002.0,University of Waikato,Economics,,,,,2026,International,38252.0,,"per $38,252 points/credits",official_programme_estimate,https://www.waikato.ac.nz/int/study/fees-costs/international-tuition-costs/,2026-05-14,"International tuition costs page.; HTML table 4, row 16; page_title=International tuition costs :: University of Waikato; raw=Economics | $38,252 | $40,165"
7002.0,University of Waikato,Education and Society,,,,,2026,International,32441.0,,"per $32,441 points/credits",official_programme_estimate,https://www.waikato.ac.nz/int/study/fees-costs/international-tuition-costs/,2026-05-14,"International tuition costs page.; HTML table 4, row 17; page_title=International tuition costs :: University of Waikato; raw=Education and Society | $32,441 | $34,063"
7002.0,University of Waikato,Electronic Business,,,,,2026,International,38252.0,,"per $38,252 points/credits",official_programme_estimate,https://www.waikato.ac.nz/int/study/fees-costs/international-tuition-costs/,2026-05-14,"International tuition costs page.; HTML table 4, row 18; page_title=International tuition costs :: University of Waikato; raw=Electronic Business | $38,252 | $40,165"
7002.0,University of Waikato,Electronic Commerce,,,,,2026,International,38252.0,,"per $38,252 points/credits",official_programme_estimate,https://www.waikato.ac.nz/int/study/fees-costs/international-tuition-costs/,2026-05-14,"International tuition costs page.; HTML table 4, row 19; page_title=International tuition costs :: University of Waikato; raw=Electronic Commerce | $38,252 | $40,165"
7002.0,University of Waikato,Electronics,,,,,2026,International,38252.0,,"per $38,252 points/credits",official_programme_estimate,https://www.waikato.ac.nz/int/study/fees-costs/international-tuition-costs/,2026-05-14,"International tuition costs page.; HTML table 4, row 20; page_title=International tuition costs :: University of Waikato; raw=Electronics | $38,252 | $47,855"
7002.0,University of Waikato,English,,,,,2026,International,32441.0,,"per $32,441 points/credits",official_programme_estimate,https://www.waikato.ac.nz/int/study/fees-costs/international-tuition-costs/,2026-05-14,"International tuition costs page.; HTML table 4, row 21; page_title=International tuition costs :: University of Waikato; raw=English | $32,441 | $34,063"
7002.0,University of Waikato,Entrepreneurship and Innovation,,,,,2026,International,42231.0,,"per $42,231 points/credits",official_programme_estimate,https://www.waikato.ac.nz/int/study/fees-costs/international-tuition-costs/,2026-05-14,"International tuition costs page.; HTML table 4, row 22; page_title=International tuition costs :: University of Waikato; raw=Entrepreneurship and Innovation | $42,231 | $44,343"
7002.0,University of Waikato,Environmental Planning,,,,,2026,International,42231.0,,"per $42,231 points/credits",official_programme_estimate,https://www.waikato.ac.nz/int/study/fees-costs/international-tuition-costs/,2026-05-14,"International tuition costs page.; HTML table 4, row 23; page_title=International tuition costs :: University of Waikato; raw=Environmental Planning | $42,231 | $44,343"
7002.0,University of Waikato,Environmental Sciences,,,,,2026,International,42231.0,,"per $42,231 points/credits",official_programme_estimate,https://www.waikato.ac.nz/int/study/fees-costs/international-tuition-costs/,2026-05-14,"International tuition costs page.; HTML table 4, row 24; page_title=International tuition costs :: University of Waikato; raw=Environmental Sciences | $42,231 | $44,343"
7002.0,University of Waikato,Engineering,,,,,2026,International,50445.0,,"per $50,445 points/credits",official_programme_estimate,https://www.waikato.ac.nz/int/study/fees-costs/international-tuition-costs/,2026-05-14,"International tuition costs page.; HTML table 4, row 25; page_title=International tuition costs :: University of Waikato; raw=Engineering | $50,445 | $52,967"
7002.0,University of Waikato,French,,,,,2026,International,32441.0,,"per $32,441 points/credits",official_programme_estimate,https://www.waikato.ac.nz/int/study/fees-costs/international-tuition-costs/,2026-05-14,"International tuition costs page.; HTML table 4, row 27; page_title=International tuition costs :: University of Waikato; raw=French | $32,441 | $34,063"
7002.0,University of Waikato,Geography,,,,,2026,International,42231.0,,"per $42,231 points/credits",official_programme_estimate,https://www.waikato.ac.nz/int/study/fees-costs/international-tuition-costs/,2026-05-14,"International tuition costs page.; HTML table 4, row 28; page_title=International tuition costs :: University of Waikato; raw=Geography | $42,231 | $44,343"
7002.0,University of Waikato,"Health, Sport and Human Performance",,,,,2026,International,32441.0,,"per $32,441 points/credits",official_programme_estimate,https://www.waikato.ac.nz/int/study/fees-costs/international-tuition-costs/,2026-05-14,"International tuition costs page.; HTML table 4, row 29; page_title=International tuition costs :: University of Waikato; raw=Health, Sport and Human Performance | $32,441 | $34,063"
7002.0,University of Waikato,History,,,,,2026,International,32441.0,,"per $32,441 points/credits",official_programme_estimate,https://www.waikato.ac.nz/int/study/fees-costs/international-tuition-costs/,2026-05-14,"International tuition costs page.; HTML table 4, row 30; page_title=International tuition costs :: University of Waikato; raw=History | $32,441 | $34,063"
7002.0,University of Waikato,Human Development,,,,,2026,International,32441.0,,"per $32,441 points/credits",official_programme_estimate,https://www.waikato.ac.nz/int/study/fees-costs/international-tuition-costs/,2026-05-14,"International tuition costs page.; HTML table 4, row 31; page_title=International tuition costs :: University of Waikato; raw=Human Development | $32,441 | $34,063"
7002.0,University of Waikato,Human Resource Management,,,,,2026,International,38252.0,,"per $38,252 points/credits",official_programme_estimate,https://www.waikato.ac.nz/int/study/fees-costs/international-tuition-costs/,2026-05-14,"International tuition costs page.; HTML table 4, row 32; page_title=International tuition costs :: University of Waikato; raw=Human Resource Management | $38,252 | $40,165"
7002.0,University of Waikato,Industrial Relations and Human Resource Management,,,,,2026,International,38252.0,,"per $38,252 points/credits",official_programme_estimate,https://www.waikato.ac.nz/int/study/fees-costs/international-tuition-costs/,2026-05-14,"International tuition costs page.; HTML table 4, row 33; page_title=International tuition costs :: University of Waikato; raw=Industrial Relations and Human Resource Management | $38,252 | $40,165"
7002.0,University of Waikato,International Business,,,,,2026,International,38252.0,,"per $38,252 points/credits",official_programme_estimate,https://www.waikato.ac.nz/int/study/fees-costs/international-tuition-costs/,2026-05-14,"International tuition costs page.; HTML table 4, row 34; page_title=International tuition costs :: University of Waikato; raw=International Business | $38,252 | $40,165"
7002.0,University of Waikato,International Languages and Cultures,,,,,2026,International,32441.0,,"per $32,441 points/credits",official_programme_estimate,https://www.waikato.ac.nz/int/study/fees-costs/international-tuition-costs/,2026-05-14,"International tuition costs page.; HTML table 4, row 35; page_title=International tuition costs :: University of Waikato; raw=International Languages and Cultures | $32,441 | $34,063"
7002.0,University of Waikato,Japanese,,,,,2026,International,32441.0,,"per $32,441 points/credits",official_programme_estimate,https://www.waikato.ac.nz/int/study/fees-costs/international-tuition-costs/,2026-05-14,"International tuition costs page.; HTML table 4, row 36; page_title=International tuition costs :: University of Waikato; raw=Japanese | $32,441 | $34,063"
7002.0,University of Waikato,Law,,,,,2026,International,40165.0,,"per $40,165 points/credits",official_programme_estimate,https://www.waikato.ac.nz/int/study/fees-costs/international-tuition-costs/,2026-05-14,"International tuition costs page.; HTML table 4, row 38; page_title=International tuition costs :: University of Waikato; raw=Law | $40,165 | $42,173"
7002.0,University of Waikato,Management Communication,,,,,2026,International,38252.0,,"per $38,252 points/credits",official_programme_estimate,https://www.waikato.ac.nz/int/study/fees-costs/international-tuition-costs/,2026-05-14,"International tuition costs page.; HTML table 4, row 39; page_title=International tuition costs :: University of Waikato; raw=Management Communication | $38,252 | $40,165"
7002.0,University of Waikato,Linguistics,,,,,2026,International,32441.0,,"per $32,441 points/credits",official_programme_estimate,https://www.waikato.ac.nz/int/study/fees-costs/international-tuition-costs/,2026-05-14,"International tuition costs page.; HTML table 4, row 40; page_title=International tuition costs :: University of Waikato; raw=Linguistics | $32,441 | $34,063"
7002.0,University of Waikato,Management and Sustainability,,,,,2026,International,38252.0,,"per $38,252 points/credits",official_programme_estimate,https://www.waikato.ac.nz/int/study/fees-costs/international-tuition-costs/,2026-05-14,"International tuition costs page.; HTML table 4, row 41; page_title=International tuition costs :: University of Waikato; raw=Management and Sustainability | $38,252 | $40,165"
7002.0,University of Waikato,Marketing,,,,,2026,International,38252.0,,"per $38,252 points/credits",official_programme_estimate,https://www.waikato.ac.nz/int/study/fees-costs/international-tuition-costs/,2026-05-14,"International tuition costs page.; HTML table 4, row 43; page_title=International tuition costs :: University of Waikato; raw=Marketing | $38,252 | $40,165"
7002.0,University of Waikato,Materials and Processing,,,,,2026,International,42231.0,,"per $42,231 points/credits",official_programme_estimate,https://www.waikato.ac.nz/int/study/fees-costs/international-tuition-costs/,2026-05-14,"International tuition costs page.; HTML table 4, row 44; page_title=International tuition costs :: University of Waikato; raw=Materials and Processing | $42,231 | $44,343"
7002.0,University of Waikato,Mathematics,,,,,2026,International,32441.0,,"per $32,441 points/credits",official_programme_estimate,https://www.waikato.ac.nz/int/study/fees-costs/international-tuition-costs/,2026-05-14,"International tuition costs page.; HTML table 4, row 45; page_title=International tuition costs :: University of Waikato; raw=Mathematics | $32,441 | $34,063"
7002.0,University of Waikato,Music,,,,,2026,International,40219.0,,"per $40,219 points/credits",official_programme_estimate,https://www.waikato.ac.nz/int/study/fees-costs/international-tuition-costs/,2026-05-14,"International tuition costs page.; HTML table 4, row 46; page_title=International tuition costs :: University of Waikato; raw=Music | $40,219 | $42,638"
7002.0,University of Waikato,Māori and Pacific Development,,,,,2026,International,32441.0,,"per $32,441 points/credits",official_programme_estimate,https://www.waikato.ac.nz/int/study/fees-costs/international-tuition-costs/,2026-05-14,"International tuition costs page.; HTML table 4, row 47; page_title=International tuition costs :: University of Waikato; raw=Māori and Pacific Development | $32,441 | $34,063"
7002.0,University of Waikato,Māori Cultural Studies/Tikanga Māori,,,,,2026,International,32441.0,,"per $32,441 points/credits",official_programme_estimate,https://www.waikato.ac.nz/int/study/fees-costs/international-tuition-costs/,2026-05-14,"International tuition costs page.; HTML table 4, row 48; page_title=International tuition costs :: University of Waikato; raw=Māori Cultural Studies/Tikanga Māori | $32,441 | $34,063"
7002.0,University of Waikato,Māori Language/Te Reo Māori,,,,,2026,International,32441.0,,"per $32,441 points/credits",official_programme_estimate,https://www.waikato.ac.nz/int/study/fees-costs/international-tuition-costs/,2026-05-14,"International tuition costs page.; HTML table 4, row 49; page_title=International tuition costs :: University of Waikato; raw=Māori Language/Te Reo Māori | $32,441 | $34,063"
7002.0,University of Waikato,Philosophy,,,,,2026,International,32441.0,,"per $32,441 points/credits",official_programme_estimate,https://www.waikato.ac.nz/int/study/fees-costs/international-tuition-costs/,2026-05-14,"International tuition costs page.; HTML table 4, row 50; page_title=International tuition costs :: University of Waikato; raw=Philosophy | $32,441 | $34,063"
7002.0,University of Waikato,Political Science,,,,,2026,International,32441.0,,"per $32,441 points/credits",official_programme_estimate,https://www.waikato.ac.nz/int/study/fees-costs/international-tuition-costs/,2026-05-14,"International tuition costs page.; HTML table 4, row 52; page_title=International tuition costs :: University of Waikato; raw=Political Science | $32,441 | $34,063"
7002.0,University of Waikato,Population Studies,,,,,2026,International,32441.0,,"per $32,441 points/credits",official_programme_estimate,https://www.waikato.ac.nz/int/study/fees-costs/international-tuition-costs/,2026-05-14,"International tuition costs page.; HTML table 4, row 53; page_title=International tuition costs :: University of Waikato; raw=Population Studies | $32,441 | $34,063"
7002.0,University of Waikato,Psychology,,,,,2026,International,42231.0,,"per $42,231 points/credits",official_programme_estimate,https://www.waikato.ac.nz/int/study/fees-costs/international-tuition-costs/,2026-05-14,"International tuition costs page.; HTML table 4, row 54; page_title=International tuition costs :: University of Waikato; raw=Psychology | $42,231 | $44,343"
7002.0,University of Waikato,Public Policy,,,,,2026,International,32441.0,,"per $32,441 points/credits",official_programme_estimate,https://www.waikato.ac.nz/int/study/fees-costs/international-tuition-costs/,2026-05-14,"International tuition costs page.; HTML table 4, row 55; page_title=International tuition costs :: University of Waikato; raw=Public Policy | $32,441 | $34,063"
7002.0,University of Waikato,Public Relations,,,,,2026,International,32441.0,,"per $32,441 points/credits",official_programme_estimate,https://www.waikato.ac.nz/int/study/fees-costs/international-tuition-costs/,2026-05-14,"International tuition costs page.; HTML table 4, row 56; page_title=International tuition costs :: University of Waikato; raw=Public Relations | $32,441 | $34,063"
7002.0,University of Waikato,Screen and Media Studies,,,,,2026,International,38306.0,,"per $38,306 points/credits",official_programme_estimate,https://www.waikato.ac.nz/int/study/fees-costs/international-tuition-costs/,2026-05-14,"International tuition costs page.; HTML table 4, row 57; page_title=International tuition costs :: University of Waikato; raw=Screen and Media Studies | $38,306 | $40,221"
7002.0,University of Waikato,Social Policy,,,,,2026,International,32441.0,,"per $32,441 points/credits",official_programme_estimate,https://www.waikato.ac.nz/int/study/fees-costs/international-tuition-costs/,2026-05-14,"International tuition costs page.; HTML table 4, row 58; page_title=International tuition costs :: University of Waikato; raw=Social Policy | $32,441 | $34,063"
7002.0,University of Waikato,Sociology,,,,,2026,International,32441.0,,"per $32,441 points/credits",official_programme_estimate,https://www.waikato.ac.nz/int/study/fees-costs/international-tuition-costs/,2026-05-14,"International tuition costs page.; HTML table 4, row 59; page_title=International tuition costs :: University of Waikato; raw=Sociology | $32,441 | $34,063"
7002.0,University of Waikato,Spanish,,,,,2026,International,32441.0,,"per $32,441 points/credits",official_programme_estimate,https://www.waikato.ac.nz/int/study/fees-costs/international-tuition-costs/,2026-05-14,"International tuition costs page.; HTML table 4, row 60; page_title=International tuition costs :: University of Waikato; raw=Spanish | $32,441 | $34,063"
7002.0,University of Waikato,Statistics,,,,,2026,International,32441.0,,"per $32,441 points/credits",official_programme_estimate,https://www.waikato.ac.nz/int/study/fees-costs/international-tuition-costs/,2026-05-14,"International tuition costs page.; HTML table 4, row 61; page_title=International tuition costs :: University of Waikato; raw=Statistics | $32,441 | $34,063"
7002.0,University of Waikato,Strategic Management,,,,,2026,International,38252.0,,"per $38,252 points/credits",official_programme_estimate,https://www.waikato.ac.nz/int/study/fees-costs/international-tuition-costs/,2026-05-14,"International tuition costs page.; HTML table 4, row 62; page_title=International tuition costs :: University of Waikato; raw=Strategic Management | $38,252 | $40,165"
7002.0,University of Waikato,Supply Chain Management,,,,,2026,International,38252.0,,"per $38,252 points/credits",official_programme_estimate,https://www.waikato.ac.nz/int/study/fees-costs/international-tuition-costs/,2026-05-14,"International tuition costs page.; HTML table 4, row 64; page_title=International tuition costs :: University of Waikato; raw=Supply Chain Management | $38,252 | $40,165"
7002.0,University of Waikato,Teaching,,,,,2026,International,46746.0,,"per $46,746 points/credits",official_programme_estimate,https://www.waikato.ac.nz/int/study/fees-costs/international-tuition-costs/,2026-05-14,"International tuition costs page.; HTML table 4, row 65; page_title=International tuition costs :: University of Waikato; raw=Teaching | $46,746 | $49,083"
7002.0,University of Waikato,Theatre Studies,,,,,2026,International,32441.0,,"per $32,441 points/credits",official_programme_estimate,https://www.waikato.ac.nz/int/study/fees-costs/international-tuition-costs/,2026-05-14,"International tuition costs page.; HTML table 4, row 66; page_title=International tuition costs :: University of Waikato; raw=Theatre Studies | $32,441 | $34,063"
7002.0,University of Waikato,Tourism and Hospitality Management,,,,,2026,International,38252.0,,"per $38,252 points/credits",official_programme_estimate,https://www.waikato.ac.nz/int/study/fees-costs/international-tuition-costs/,2026-05-14,"International tuition costs page.; HTML table 4, row 67; page_title=International tuition costs :: University of Waikato; raw=Tourism and Hospitality Management | $38,252 | $40,165"
7002.0,University of Waikato,Writing Studies,,,,,2026,International,32441.0,,"per $32,441 points/credits",official_programme_estimate,https://www.waikato.ac.nz/int/study/fees-costs/international-tuition-costs/,2026-05-14,"International tuition costs page.; HTML table 4, row 69; page_title=International tuition costs :: University of Waikato; raw=Writing Studies | $32,441 | $34,063"
7002.0,University of Waikato,Accounting,,,,,2026,International,39773.0,,"per $39,773 points/credits",official_programme_estimate,https://www.waikato.ac.nz/int/study/fees-costs/international-tuition-costs/,2026-05-14,"International tuition costs page.; HTML table 5, row 1; page_title=International tuition costs :: University of Waikato; raw=Accounting | $39,773 | $19,887 | $41,762 | $20,881"
7002.0,University of Waikato,Agribusiness,,,,,2026,International,39773.0,,"per $39,773 points/credits",official_programme_estimate,https://www.waikato.ac.nz/int/study/fees-costs/international-tuition-costs/,2026-05-14,"International tuition costs page.; HTML table 5, row 2; page_title=International tuition costs :: University of Waikato; raw=Agribusiness | $39,773 | $19,887 | $41,762 | $20,881"
7002.0,University of Waikato,Anthropology,,,,,2026,International,40748.0,,"per $40,748 points/credits",official_programme_estimate,https://www.waikato.ac.nz/int/study/fees-costs/international-tuition-costs/,2026-05-14,"International tuition costs page.; HTML table 5, row 3; page_title=International tuition costs :: University of Waikato; raw=Anthropology | $40,748 | $20,374 | $42,785 | $21,393"
7002.0,University of Waikato,Biomedical Sciences,,,,,2026,International,45589.0,,"per $45,589 points/credits",official_programme_estimate,https://www.waikato.ac.nz/int/study/fees-costs/international-tuition-costs/,2026-05-14,"International tuition costs page.; HTML table 5, row 5; page_title=International tuition costs :: University of Waikato; raw=Biomedical Sciences | $45,589 | $22,795 | $47,868 | $23,935"
7002.0,University of Waikato,Chemistry,,,,,2026,International,46366.0,,"per $46,366 points/credits",official_programme_estimate,https://www.waikato.ac.nz/int/study/fees-costs/international-tuition-costs/,2026-05-14,"International tuition costs page.; HTML table 5, row 6; page_title=International tuition costs :: University of Waikato; raw=Chemistry | $46,366 | $23,183 | $48,684 | $24,342"
7002.0,University of Waikato,Chinese,,,,,2026,International,40748.0,,"per $40,748 points/credits",official_programme_estimate,https://www.waikato.ac.nz/int/study/fees-costs/international-tuition-costs/,2026-05-14,"International tuition costs page.; HTML table 5, row 7; page_title=International tuition costs :: University of Waikato; raw=Chinese | $40,748 | $20,374 | $42,785 | $21,393"
7002.0,University of Waikato,Computer Science,,,,,2026,International,46366.0,,"per $46,366 points/credits",official_programme_estimate,https://www.waikato.ac.nz/int/study/fees-costs/international-tuition-costs/,2026-05-14,"International tuition costs page.; HTML table 5, row 8; page_title=International tuition costs :: University of Waikato; raw=Computer Science | $46,366 | $23,183 | $48,684 | $24,342"
7002.0,University of Waikato,Counselling,,,,,2026,International,40748.0,,"per $40,748 points/credits",official_programme_estimate,https://www.waikato.ac.nz/int/study/fees-costs/international-tuition-costs/,2026-05-14,"International tuition costs page.; HTML table 5, row 9; page_title=International tuition costs :: University of Waikato; raw=Counselling | $40,748 | $20,374 | $42,785 | $21,393"
7002.0,University of Waikato,Creative Practices,,,,,2026,International,40748.0,,"per $40,748 points/credits",official_programme_estimate,https://www.waikato.ac.nz/int/study/fees-costs/international-tuition-costs/,2026-05-14,"International tuition costs page.; HTML table 5, row 10; page_title=International tuition costs :: University of Waikato; raw=Creative Practices | $40,748 | $20,374 | $42,785 | $21,393"
7002.0,University of Waikato,Creative Technologies,,,,,2026,International,40748.0,,"per $40,748 points/credits",official_programme_estimate,https://www.waikato.ac.nz/int/study/fees-costs/international-tuition-costs/,2026-05-14,"International tuition costs page.; HTML table 5, row 11; page_title=International tuition costs :: University of Waikato; raw=Creative Technologies | $40,748 | $20,374 | $42,785 | $21,393"
7002.0,University of Waikato,Disability and Inclusion Studies,,,,,2026,International,40748.0,,"per $40,748 points/credits",official_programme_estimate,https://www.waikato.ac.nz/int/study/fees-costs/international-tuition-costs/,2026-05-14,"International tuition costs page.; HTML table 5, row 14; page_title=International tuition costs :: University of Waikato; raw=Disability and Inclusion Studies | $40,748 | $20,374 | $42,785 | $21,393"
7002.0,University of Waikato,Earth Sciences,,,,,2026,International,46366.0,,"per $46,366 points/credits",official_programme_estimate,https://www.waikato.ac.nz/int/study/fees-costs/international-tuition-costs/,2026-05-14,"International tuition costs page.; HTML table 5, row 15; page_title=International tuition costs :: University of Waikato; raw=Earth Sciences | $46,366 | $23,183 | $48,684 | $24,342"
7002.0,University of Waikato,Economics,,,,,2026,International,39773.0,,"per $39,773 points/credits",official_programme_estimate,https://www.waikato.ac.nz/int/study/fees-costs/international-tuition-costs/,2026-05-14,"International tuition costs page.; HTML table 5, row 16; page_title=International tuition costs :: University of Waikato; raw=Economics | $39,773 | $19,887 | $41,762 | $20,881"
7002.0,University of Waikato,Education,,,,,2026,International,40748.0,,"per $40,748 points/credits",official_programme_estimate,https://www.waikato.ac.nz/int/study/fees-costs/international-tuition-costs/,2026-05-14,"International tuition costs page.; HTML table 5, row 17; page_title=International tuition costs :: University of Waikato; raw=Education | $40,748 | $20,374 | $42,785 | $21,393"
7002.0,University of Waikato,Education Studies,,,,,2026,International,42785.0,,,official_programme_estimate,https://www.waikato.ac.nz/int/study/fees-costs/international-tuition-costs/,2026-05-14,"International tuition costs page.; HTML table 5, row 18; page_title=International tuition costs :: University of Waikato; raw=Education Studies | $42,785 | $21,393"
7002.0,University of Waikato,Educational Leadership,,,,,2026,International,40748.0,,"per $40,748 points/credits",official_programme_estimate,https://www.waikato.ac.nz/int/study/fees-costs/international-tuition-costs/,2026-05-14,"International tuition costs page.; HTML table 5, row 19; page_title=International tuition costs :: University of Waikato; raw=Educational Leadership | $40,748 | $20,374 | $42,785 | $21,393"
7002.0,University of Waikato,Electronics,,,,,2026,International,51928.0,,"per $51,928 points/credits",official_programme_estimate,https://www.waikato.ac.nz/int/study/fees-costs/international-tuition-costs/,2026-05-14,"International tuition costs page.; HTML table 5, row 21; page_title=International tuition costs :: University of Waikato; raw=Electronics | $51,928 | $25,964 | $54,524 | $27,262"
7002.0,University of Waikato,Engineering,,,,,2026,International,51928.0,,"per $51,928 points/credits",official_programme_estimate,https://www.waikato.ac.nz/int/study/fees-costs/international-tuition-costs/,2026-05-14,"International tuition costs page.; HTML table 5, row 22; page_title=International tuition costs :: University of Waikato; raw=Engineering | $51,928 | $25,964 | $54,524 | $27,262"
7002.0,University of Waikato,English,,,,,2026,International,40748.0,,"per $40,748 points/credits",official_programme_estimate,https://www.waikato.ac.nz/int/study/fees-costs/international-tuition-costs/,2026-05-14,"International tuition costs page.; HTML table 5, row 23; page_title=International tuition costs :: University of Waikato; raw=English | $40,748 | $20,374 | $42,785 | $21,393"
7002.0,University of Waikato,Environment and Society,,,,,2026,International,46366.0,,"per $46,366 points/credits",official_programme_estimate,https://www.waikato.ac.nz/int/study/fees-costs/international-tuition-costs/,2026-05-14,"International tuition costs page.; HTML table 5, row 24; page_title=International tuition costs :: University of Waikato; raw=Environment and Society | $46,366 | $23,183 | $48,684 | $24,342"
7002.0,University of Waikato,Environmental Planning,,,,,2026,International,46366.0,,"per $46,366 points/credits",official_programme_estimate,https://www.waikato.ac.nz/int/study/fees-costs/international-tuition-costs/,2026-05-14,"International tuition costs page.; HTML table 5, row 25; page_title=International tuition costs :: University of Waikato; raw=Environmental Planning | $46,366 | $23,183 | $48,684 | $24,342"
7002.0,University of Waikato,Environmental Sciences,,,,,2026,International,46366.0,,"per $46,366 points/credits",official_programme_estimate,https://www.waikato.ac.nz/int/study/fees-costs/international-tuition-costs/,2026-05-14,"International tuition costs page.; HTML table 5, row 26; page_title=International tuition costs :: University of Waikato; raw=Environmental Sciences | $46,366 | $23,183 | $48,684 | $24,342"
7002.0,University of Waikato,Finance,,,,,2026,International,39773.0,,"per $39,773 points/credits",official_programme_estimate,https://www.waikato.ac.nz/int/study/fees-costs/international-tuition-costs/,2026-05-14,"International tuition costs page.; HTML table 5, row 27; page_title=International tuition costs :: University of Waikato; raw=Finance | $39,773 | $19,887 | $41,762 | $20,881"
7002.0,University of Waikato,Geography,,,,,2026,International,45589.0,,"per $45,589 points/credits",official_programme_estimate,https://www.waikato.ac.nz/int/study/fees-costs/international-tuition-costs/,2026-05-14,"International tuition costs page.; HTML table 5, row 28; page_title=International tuition costs :: University of Waikato; raw=Geography | $45,589 | $22,795 | $47,868 | $23,935"
7002.0,University of Waikato,Health Development and Policy,,,,,2026,International,40748.0,,"per $40,748 points/credits",official_programme_estimate,https://www.waikato.ac.nz/int/study/fees-costs/international-tuition-costs/,2026-05-14,"International tuition costs page.; HTML table 5, row 30; page_title=International tuition costs :: University of Waikato; raw=Health Development and Policy | $40,748 | $20,374 | $42,785 | $21,393"
7002.0,University of Waikato,"Health, Sport and Human Performance",,,,,2026,International,40748.0,,"per $40,748 points/credits",official_programme_estimate,https://www.waikato.ac.nz/int/study/fees-costs/international-tuition-costs/,2026-05-14,"International tuition costs page.; HTML table 5, row 31; page_title=International tuition costs :: University of Waikato; raw=Health, Sport and Human Performance | $40,748 | $20,374 | $42,785 | $21,393"
7002.0,University of Waikato,Health Science,,,,,2026,International,45925.0,,"per $45,925 points/credits",official_programme_estimate,https://www.waikato.ac.nz/int/study/fees-costs/international-tuition-costs/,2026-05-14,"International tuition costs page.; HTML table 5, row 32; page_title=International tuition costs :: University of Waikato; raw=Health Science | $45,925 | $22,963 | $48,221 | $24,111"
7002.0,University of Waikato,History,,,,,2026,International,40748.0,,"per $40,748 points/credits",official_programme_estimate,https://www.waikato.ac.nz/int/study/fees-costs/international-tuition-costs/,2026-05-14,"International tuition costs page.; HTML table 5, row 33; page_title=International tuition costs :: University of Waikato; raw=History | $40,748 | $20,374 | $42,785 | $21,393"
7002.0,University of Waikato,Human Development,,,,,2026,International,42785.0,,,official_programme_estimate,https://www.waikato.ac.nz/int/study/fees-costs/international-tuition-costs/,2026-05-14,"International tuition costs page.; HTML table 5, row 34; page_title=International tuition costs :: University of Waikato; raw=Human Development | $42,785 | $21,393"
7002.0,University of Waikato,Human Resource Management,,,,,2026,International,39773.0,,"per $39,773 points/credits",official_programme_estimate,https://www.waikato.ac.nz/int/study/fees-costs/international-tuition-costs/,2026-05-14,"International tuition costs page.; HTML table 5, row 35; page_title=International tuition costs :: University of Waikato; raw=Human Resource Management | $39,773 | $19,887 | $41,762 | $20,881"
7002.0,University of Waikato,Information Technology,,,,,2026,International,45589.0,,"per $45,589 points/credits",official_programme_estimate,https://www.waikato.ac.nz/int/study/fees-costs/international-tuition-costs/,2026-05-14,"International tuition costs page.; HTML table 5, row 37; page_title=International tuition costs :: University of Waikato; raw=Information Technology | $45,589 | $22,795 | $47,868 | $23,935"
7002.0,University of Waikato,International Management,,,,,2026,International,39773.0,,"per $39,773 points/credits",official_programme_estimate,https://www.waikato.ac.nz/int/study/fees-costs/international-tuition-costs/,2026-05-14,"International tuition costs page.; HTML table 5, row 38; page_title=International tuition costs :: University of Waikato; raw=International Management | $39,773 | $19,887 | $41,762 | $20,881"
7002.0,University of Waikato,Japanese,,,,,2026,International,40748.0,,"per $40,748 points/credits",official_programme_estimate,https://www.waikato.ac.nz/int/study/fees-costs/international-tuition-costs/,2026-05-14,"International tuition costs page.; HTML table 5, row 40; page_title=International tuition costs :: University of Waikato; raw=Japanese | $40,748 | $20,374 | $42,785 | $21,393"
7002.0,University of Waikato,Law,,,,,2026,International,50208.0,,"per $50,208 points/credits",official_programme_estimate,https://www.waikato.ac.nz/int/study/fees-costs/international-tuition-costs/,2026-05-14,"International tuition costs page.; HTML table 5, row 42; page_title=International tuition costs :: University of Waikato; raw=Law | $50,208 | $25,104 | $52,718 | $26,359"
7002.0,University of Waikato,Management Communication,,,,,2026,International,39773.0,,"per $39,773 points/credits",official_programme_estimate,https://www.waikato.ac.nz/int/study/fees-costs/international-tuition-costs/,2026-05-14,"International tuition costs page.; HTML table 5, row 43; page_title=International tuition costs :: University of Waikato; raw=Management Communication | $39,773 | $19,887 | $41,762 | $20,881"
7002.0,University of Waikato,Management,,,,,2026,International,39773.0,,"per $39,773 points/credits",official_programme_estimate,https://www.waikato.ac.nz/int/study/fees-costs/international-tuition-costs/,2026-05-14,"International tuition costs page.; HTML table 5, row 44; page_title=International tuition costs :: University of Waikato; raw=Management | $39,773 | $19,887 | $41,762 | $20,881"
7002.0,University of Waikato,Management and Sustainability,,,,,2026,International,39773.0,,"per $39,773 points/credits",official_programme_estimate,https://www.waikato.ac.nz/int/study/fees-costs/international-tuition-costs/,2026-05-14,"International tuition costs page.; HTML table 5, row 45; page_title=International tuition costs :: University of Waikato; raw=Management and Sustainability | $39,773 | $19,887 | $41,762 | $20,881"
7002.0,University of Waikato,Management Studies,,,,,2026,International,39773.0,,"per $39,773 points/credits",official_programme_estimate,https://www.waikato.ac.nz/int/study/fees-costs/international-tuition-costs/,2026-05-14,"International tuition costs page.; HTML table 5, row 46; page_title=International tuition costs :: University of Waikato; raw=Management Studies | $39,773 | $19,887 | $41,762 | $20,881"
7002.0,University of Waikato,Management Systems,,,,,2026,International,39773.0,,"per $39,773 points/credits",official_programme_estimate,https://www.waikato.ac.nz/int/study/fees-costs/international-tuition-costs/,2026-05-14,"International tuition costs page.; HTML table 5, row 47; page_title=International tuition costs :: University of Waikato; raw=Management Systems | $39,773 | $19,887 | $41,762 | $20,881"
7002.0,University of Waikato,Māori Cultural Studies/Te Reo Māori,,,,,2026,International,41762.0,,,official_programme_estimate,https://www.waikato.ac.nz/int/study/fees-costs/international-tuition-costs/,2026-05-14,"International tuition costs page.; HTML table 5, row 48; page_title=International tuition costs :: University of Waikato; raw=Māori Cultural Studies/Te Reo Māori | $41,762 | $20,881"
7002.0,University of Waikato,Māori Language/Te Reo Māori,,,,,2026,International,41762.0,,,official_programme_estimate,https://www.waikato.ac.nz/int/study/fees-costs/international-tuition-costs/,2026-05-14,"International tuition costs page.; HTML table 5, row 49; page_title=International tuition costs :: University of Waikato; raw=Māori Language/Te Reo Māori | $41,762 | $20,881"
7002.0,University of Waikato,Māori Media and Communication,,,,,2026,International,41762.0,,,official_programme_estimate,https://www.waikato.ac.nz/int/study/fees-costs/international-tuition-costs/,2026-05-14,"International tuition costs page.; HTML table 5, row 50; page_title=International tuition costs :: University of Waikato; raw=Māori Media and Communication | $41,762 | $20,881"
7002.0,University of Waikato,Marketing,,,,,2026,International,39773.0,,"per $39,773 points/credits",official_programme_estimate,https://www.waikato.ac.nz/int/study/fees-costs/international-tuition-costs/,2026-05-14,"International tuition costs page.; HTML table 5, row 51; page_title=International tuition costs :: University of Waikato; raw=Marketing | $39,773 | $19,887 | $41,762 | $20,881"
7002.0,University of Waikato,Materials and Processing,,,,,2026,International,51928.0,,"per $51,928 points/credits",official_programme_estimate,https://www.waikato.ac.nz/int/study/fees-costs/international-tuition-costs/,2026-05-14,"International tuition costs page.; HTML table 5, row 52; page_title=International tuition costs :: University of Waikato; raw=Materials and Processing | $51,928 | $25,964 | $54,524 | $27,262"
7002.0,University of Waikato,Mathematics,,,,,2026,International,40748.0,,"per $40,748 points/credits",official_programme_estimate,https://www.waikato.ac.nz/int/study/fees-costs/international-tuition-costs/,2026-05-14,"International tuition costs page.; HTML table 5, row 53; page_title=International tuition costs :: University of Waikato; raw=Mathematics | $40,748 | $20,374 | $42,785 | $21,393"
7002.0,University of Waikato,Music,,,,,2026,International,45589.0,,"per $45,589 points/credits",official_programme_estimate,https://www.waikato.ac.nz/int/study/fees-costs/international-tuition-costs/,2026-05-14,"International tuition costs page.; HTML table 5, row 54; page_title=International tuition costs :: University of Waikato; raw=Music | $45,589 | $22,795 | $47,868 | $23,935"
7002.0,University of Waikato,Philosophy,,,,,2026,International,45589.0,,"per $45,589 points/credits",official_programme_estimate,https://www.waikato.ac.nz/int/study/fees-costs/international-tuition-costs/,2026-05-14,"International tuition costs page.; HTML table 5, row 55; page_title=International tuition costs :: University of Waikato; raw=Philosophy | $45,589 | $22,795 | $47,868 | $23,935"
7002.0,University of Waikato,Physics,,,,,2026,International,46366.0,,"per $46,366 points/credits",official_programme_estimate,https://www.waikato.ac.nz/int/study/fees-costs/international-tuition-costs/,2026-05-14,"International tuition costs page.; HTML table 5, row 56; page_title=International tuition costs :: University of Waikato; raw=Physics | $46,366 | $23,183 | $48,684 | $24,342"
7002.0,University of Waikato,Political Science,,,,,2026,International,40748.0,,"per $40,748 points/credits",official_programme_estimate,https://www.waikato.ac.nz/int/study/fees-costs/international-tuition-costs/,2026-05-14,"International tuition costs page.; HTML table 5, row 57; page_title=International tuition costs :: University of Waikato; raw=Political Science | $40,748 | $20,374 | $42,785 | $21,393"
7002.0,University of Waikato,Professional Accounting,,,,,2026,International,41762.0,,,official_programme_estimate,https://www.waikato.ac.nz/int/study/fees-costs/international-tuition-costs/,2026-05-14,"International tuition costs page.; HTML table 5, row 58; page_title=International tuition costs :: University of Waikato; raw=Professional Accounting | $41,762 | $20,881"
7002.0,University of Waikato,Psychology,,,,,2026,International,46366.0,,"per $46,366 points/credits",official_programme_estimate,https://www.waikato.ac.nz/int/study/fees-costs/international-tuition-costs/,2026-05-14,"International tuition costs page.; HTML table 5, row 59; page_title=International tuition costs :: University of Waikato; raw=Psychology | $46,366 | $23,183 | $48,684 | $24,342"
7002.0,University of Waikato,Public Policy,,,,,2026,International,40748.0,,"per $40,748 points/credits",official_programme_estimate,https://www.waikato.ac.nz/int/study/fees-costs/international-tuition-costs/,2026-05-14,"International tuition costs page.; HTML table 5, row 60; page_title=International tuition costs :: University of Waikato; raw=Public Policy | $40,748 | $20,374 | $42,785 | $21,393"
7002.0,University of Waikato,Public Relations,,,,,2026,International,39773.0,,"per $39,773 points/credits",official_programme_estimate,https://www.waikato.ac.nz/int/study/fees-costs/international-tuition-costs/,2026-05-14,"International tuition costs page.; HTML table 5, row 61; page_title=International tuition costs :: University of Waikato; raw=Public Relations | $39,773 | $19,887 | $41,762 | $20,881"
7002.0,University of Waikato,Screen and Media Studies,,,,,2026,International,40748.0,,"per $40,748 points/credits",official_programme_estimate,https://www.waikato.ac.nz/int/study/fees-costs/international-tuition-costs/,2026-05-14,"International tuition costs page.; HTML table 5, row 64; page_title=International tuition costs :: University of Waikato; raw=Screen and Media Studies | $40,748 | $20,374 | $42,785 | $21,393"
7002.0,University of Waikato,Social Policy,,,,,2026,International,40748.0,,"per $40,748 points/credits",official_programme_estimate,https://www.waikato.ac.nz/int/study/fees-costs/international-tuition-costs/,2026-05-14,"International tuition costs page.; HTML table 5, row 67; page_title=International tuition costs :: University of Waikato; raw=Social Policy | $40,748 | $20,374 | $42,785 | $21,393"
7002.0,University of Waikato,Sociology,,,,,2026,International,40748.0,,"per $40,748 points/credits",official_programme_estimate,https://www.waikato.ac.nz/int/study/fees-costs/international-tuition-costs/,2026-05-14,"International tuition costs page.; HTML table 5, row 68; page_title=International tuition costs :: University of Waikato; raw=Sociology | $40,748 | $20,374 | $42,785 | $21,393"
7002.0,University of Waikato,Strategic Management,,,,,2026,International,39773.0,,"per $39,773 points/credits",official_programme_estimate,https://www.waikato.ac.nz/int/study/fees-costs/international-tuition-costs/,2026-05-14,"International tuition costs page.; HTML table 5, row 70; page_title=International tuition costs :: University of Waikato; raw=Strategic Management | $39,773 | $19,887 | $41,762 | $20,881"
7002.0,University of Waikato,Teaching,,,,,2026,International,47680.0,,"per $47,680 points/credits",official_programme_estimate,https://www.waikato.ac.nz/int/study/fees-costs/international-tuition-costs/,2026-05-14,"International tuition costs page.; HTML table 5, row 71; page_title=International tuition costs :: University of Waikato; raw=Teaching | $47,680 | $23,840 | $50,064 | $25,032"
7002.0,University of Waikato,TESOL,,,,,2026,International,19790.0,,,official_programme_estimate,https://www.waikato.ac.nz/int/study/fees-costs/international-tuition-costs/,2026-05-14,"International tuition costs page.; HTML table 5, row 72; page_title=International tuition costs :: University of Waikato; raw=TESOL | $19,790 | $20,780"
7002.0,University of Waikato,Tertiary Teaching,,,,,2026,International,47680.0,,"per $47,680 points/credits",official_programme_estimate,https://www.waikato.ac.nz/int/study/fees-costs/international-tuition-costs/,2026-05-14,"International tuition costs page.; HTML table 5, row 73; page_title=International tuition costs :: University of Waikato; raw=Tertiary Teaching | $47,680 | $23,840 | $50,064 | $25,032"
7002.0,University of Waikato,Theatre Studies,,,,,2026,International,40748.0,,"per $40,748 points/credits",official_programme_estimate,https://www.waikato.ac.nz/int/study/fees-costs/international-tuition-costs/,2026-05-14,"International tuition costs page.; HTML table 5, row 74; page_title=International tuition costs :: University of Waikato; raw=Theatre Studies | $40,748 | $20,374 | $42,785 | $21,393"
7002.0,University of Waikato,Tourism and Hospitality Management,,,,,2026,International,39773.0,,"per $39,773 points/credits",official_programme_estimate,https://www.waikato.ac.nz/int/study/fees-costs/international-tuition-costs/,2026-05-14,"International tuition costs page.; HTML table 5, row 75; page_title=International tuition costs :: University of Waikato; raw=Tourism and Hospitality Management | $39,773 | $19,887 | $41,762 | $20,881"
7002.0,University of Waikato,"Arts, Humanities, Social Sciences",,,,,2026,International,7567.0,,,official_programme_estimate,https://www.waikato.ac.nz/int/study/fees-costs/international-tuition-costs/,2026-05-14,"International tuition costs page.; HTML table 6, row 1; page_title=International tuition costs :: University of Waikato; raw=Arts, Humanities, Social Sciences | $7,567 | $8,021"
7002.0,University of Waikato,"Business, Accountancy, Management",,,,,2026,International,7724.0,,,official_programme_estimate,https://www.waikato.ac.nz/int/study/fees-costs/international-tuition-costs/,2026-05-14,"International tuition costs page.; HTML table 6, row 2; page_title=International tuition costs :: University of Waikato; raw=Business, Accountancy, Management | $7,724 | $8,187"
7002.0,University of Waikato,Computer Science,,,,,2026,International,8037.0,,,official_programme_estimate,https://www.waikato.ac.nz/int/study/fees-costs/international-tuition-costs/,2026-05-14,"International tuition costs page.; HTML table 6, row 3; page_title=International tuition costs :: University of Waikato; raw=Computer Science | $8,037 | $8,519"
7002.0,University of Waikato,Education,,,,,2026,International,7567.0,,,official_programme_estimate,https://www.waikato.ac.nz/int/study/fees-costs/international-tuition-costs/,2026-05-14,"International tuition costs page.; HTML table 6, row 4; page_title=International tuition costs :: University of Waikato; raw=Education | $7,567 | $8,021"
7002.0,University of Waikato,"Engineering, Technology",,,,,2026,International,8037.0,,,official_programme_estimate,https://www.waikato.ac.nz/int/study/fees-costs/international-tuition-costs/,2026-05-14,"International tuition costs page.; HTML table 6, row 5; page_title=International tuition costs :: University of Waikato; raw=Engineering, Technology | $8,037 | $8,519"
7002.0,University of Waikato,"Fine Arts, Music & Performing Arts",,,,,2026,International,8037.0,,,official_programme_estimate,https://www.waikato.ac.nz/int/study/fees-costs/international-tuition-costs/,2026-05-14,"International tuition costs page.; HTML table 6, row 6; page_title=International tuition costs :: University of Waikato; raw=Fine Arts, Music & Performing Arts | $8,037 | $8,519"
7002.0,University of Waikato,Law,,,,,2026,International,7724.0,,,official_programme_estimate,https://www.waikato.ac.nz/int/study/fees-costs/international-tuition-costs/,2026-05-14,"International tuition costs page.; HTML table 6, row 7; page_title=International tuition costs :: University of Waikato; raw=Law | $7,724 | $8,187"
7002.0,University of Waikato,Science,,,,,2026,International,8037.0,,,official_programme_estimate,https://www.waikato.ac.nz/int/study/fees-costs/international-tuition-costs/,2026-05-14,"International tuition costs page.; HTML table 6, row 8; page_title=International tuition costs :: University of Waikato; raw=Science | $8,037 | $8,519"
7002.0,University of Waikato,Health Science,,,,,2026,International,8037.0,,,official_programme_estimate,https://www.waikato.ac.nz/int/study/fees-costs/international-tuition-costs/,2026-05-14,"International tuition costs page.; HTML table 6, row 9; page_title=International tuition costs :: University of Waikato; raw=Health Science | $8,037 | $8,519"
7002.0,University of Waikato,"Health, Sport and Human Performance",,,,,2026,International,8037.0,,,official_programme_estimate,https://www.waikato.ac.nz/int/study/fees-costs/international-tuition-costs/,2026-05-14,"International tuition costs page.; HTML table 6, row 10; page_title=International tuition costs :: University of Waikato; raw=Health, Sport and Human Performance | $8,037 | $8,519"
7002.0,University of Waikato,Māori,,,,,2026,International,7567.0,,,official_programme_estimate,https://www.waikato.ac.nz/int/study/fees-costs/international-tuition-costs/,2026-05-14,"International tuition costs page.; HTML table 6, row 11; page_title=International tuition costs :: University of Waikato; raw=Māori | $7,567 | $8,021"
7002.0,University of Waikato,"Arts, Humanities, Social Sciences",,,,,2026,International,42992.0,,,official_programme_estimate,https://www.waikato.ac.nz/int/study/fees-costs/international-tuition-costs/,2026-05-14,"International tuition costs page.; HTML table 7, row 1; page_title=International tuition costs :: University of Waikato; raw=Arts, Humanities, Social Sciences | $42,992 | $45,142"
7002.0,University of Waikato,"Business, Accountancy, Management",,,,,2026,International,40786.0,,,official_programme_estimate,https://www.waikato.ac.nz/int/study/fees-costs/international-tuition-costs/,2026-05-14,"International tuition costs page.; HTML table 7, row 2; page_title=International tuition costs :: University of Waikato; raw=Business, Accountancy, Management | $40,786 | $42,825"
7002.0,University of Waikato,Computer Science,,,,,2026,International,50605.0,,,official_programme_estimate,https://www.waikato.ac.nz/int/study/fees-costs/international-tuition-costs/,2026-05-14,"International tuition costs page.; HTML table 7, row 3; page_title=International tuition costs :: University of Waikato; raw=Computer Science | $50,605 | $53,135"
7002.0,University of Waikato,Education,,,,,2026,International,42998.0,,,official_programme_estimate,https://www.waikato.ac.nz/int/study/fees-costs/international-tuition-costs/,2026-05-14,"International tuition costs page.; HTML table 7, row 4; page_title=International tuition costs :: University of Waikato; raw=Education | $42,998 | $45,148"
7002.0,University of Waikato,"Engineering, Technology",,,,,2026,International,53636.0,,,official_programme_estimate,https://www.waikato.ac.nz/int/study/fees-costs/international-tuition-costs/,2026-05-14,"International tuition costs page.; HTML table 7, row 5; page_title=International tuition costs :: University of Waikato; raw=Engineering, Technology | $53,636 | $56,318"
7002.0,University of Waikato,"Fine Arts, Music & Performing Arts",,,,,2026,International,50605.0,,,official_programme_estimate,https://www.waikato.ac.nz/int/study/fees-costs/international-tuition-costs/,2026-05-14,"International tuition costs page.; HTML table 7, row 6; page_title=International tuition costs :: University of Waikato; raw=Fine Arts, Music & Performing Arts | $50,605 | $53,135"
7002.0,University of Waikato,Health Science,,,,,2026,International,50025.0,,,official_programme_estimate,https://www.waikato.ac.nz/int/study/fees-costs/international-tuition-costs/,2026-05-14,"International tuition costs page.; HTML table 7, row 7; page_title=International tuition costs :: University of Waikato; raw=Health Science | $50,025 | $52,526"
7002.0,University of Waikato,Law,,,,,2026,International,45064.0,,,official_programme_estimate,https://www.waikato.ac.nz/int/study/fees-costs/international-tuition-costs/,2026-05-14,"International tuition costs page.; HTML table 7, row 8; page_title=International tuition costs :: University of Waikato; raw=Law | $45,064 | $47,317"
7002.0,University of Waikato,Science,,,,,2026,International,50031.0,,,official_programme_estimate,https://www.waikato.ac.nz/int/study/fees-costs/international-tuition-costs/,2026-05-14,"International tuition costs page.; HTML table 7, row 9; page_title=International tuition costs :: University of Waikato; raw=Science | $50,031 | $52,533"
7002.0,University of Waikato,"Health, Sport and Human Performance",,,,,2026,International,53134.0,,,official_programme_estimate,https://www.waikato.ac.nz/int/study/fees-costs/international-tuition-costs/,2026-05-14,"International tuition costs page.; HTML table 7, row 10; page_title=International tuition costs :: University of Waikato; raw=Health, Sport and Human Performance | $53,134"
7002.0,University of Waikato,Māori,,,,,2026,International,45142.0,,,official_programme_estimate,https://www.waikato.ac.nz/int/study/fees-costs/international-tuition-costs/,2026-05-14,"International tuition costs page.; HTML table 7, row 11; page_title=International tuition costs :: University of Waikato; raw=Māori | $45,142"
7002.0,University of Waikato,All undergraduate courses (1 trimester enrolment),,,Undergraduate,,2026,International,14265.0,,per All undergraduate courses (1 trimester enrolment) points/credits,official_programme_estimate,https://www.waikato.ac.nz/int/study/fees-costs/international-tuition-costs/,2026-05-14,"International tuition costs page.; HTML table 8, row 1; page_title=International tuition costs :: University of Waikato; raw=All undergraduate courses (1 trimester enrolment) | $14,265 | $14,980; amount repaired from notes using lower_bound_from_notes_range; original_tuition_fee_nzd=1.0"
7002.0,University of Waikato,All undergraduate courses (1 academic year (2 trimester) enrolment),,,Undergraduate,,2026,International,28530.0,,per year,official_programme_estimate,https://www.waikato.ac.nz/int/study/fees-costs/international-tuition-costs/,2026-05-14,"International tuition costs page.; HTML table 8, row 2; page_title=International tuition costs :: University of Waikato; raw=All undergraduate courses (1 academic year (2 trimester) enrolment) | $28,530 | $29,960; amount repaired from notes using lower_bound_from_notes_range; original_tuition_fee_nzd=1.0"
7003.0,Massey University,Pre-degree qualification type English language short course,,,Pathway / Foundation,English Language,2026,Domestic,2495.0,2495.0,per course / short course,official_programme_estimate,https://www.massey.ac.nz/study/fees-and-funding/tuition-fees-for-domestic-students/,2026-05-14,"Domestic fee estimates.; HTML table 1, row 1; page_title=Tuition fees for domestic students - Massey University; raw=Pre-degree qualification type English language short course | Length of study 1 to 6 weeks or more | Credits and courses Not applicable | Estimate of total tuition fees for 2026 $2,495 ; repaired: Massey dollar amount extracted from raw text."
7003.0,Massey University,Pre-degree qualification type English language course,,,Pathway / Foundation,English Language,2026,Domestic,6288.0,6288.0,per course / short course,official_programme_estimate,https://www.massey.ac.nz/study/fees-and-funding/tuition-fees-for-domestic-students/,2026-05-14,"Domestic fee estimates.; HTML table 1, row 2; page_title=Tuition fees for domestic students - Massey University; raw=Pre-degree qualification type English language course | Length of study 1 semester | Credits and courses Not applicable | Estimate of total tuition fees for 2026 $6,288 ; repaired: Massey dollar amount extracted from raw text."
7003.0,Massey University,Pre-degree qualification type Certificate,Foundation Studies,,Pathway / Foundation,Certificate,2026,Domestic,3707.0,3707.0,per 120 credits,official_programme_estimate,https://www.massey.ac.nz/study/fees-and-funding/tuition-fees-for-domestic-students/,2026-05-14,"Domestic fee estimates.; HTML table 1, row 3; page_title=Tuition fees for domestic students - Massey University; raw=Pre-degree qualification type Certificate in Foundation Studies | Length of study 1 year | Credits and courses 120 credits (8 courses) | Estimate of total tuition fees for 2026 $3,707 ; repaired: Massey dollar amount extracted from raw text."
7003.0,Massey University,Pre-degree qualification type Certificate of Proficiency (Sub-degree),,,Certificate,Certificate,2026,Domestic,3707.0,3707.0,per 60 credits,official_programme_estimate,https://www.massey.ac.nz/study/fees-and-funding/tuition-fees-for-domestic-students/,2026-05-14,"Domestic fee estimates.; HTML table 1, row 4; page_title=Tuition fees for domestic students - Massey University; raw=Pre-degree qualification type Certificate of Proficiency (Sub-degree) | Length of study 1 semester | Credits and courses 60 credits (4 courses) | Estimate of total tuition fees for 2026 $3,707 ; repaired: Massey dollar amount extracted from raw text."
7003.0,Massey University,Pre-degree qualification type Certificate of University Preparation,,,Certificate,Certificate,2026,Domestic,3707.0,3707.0,per 60 credits,official_programme_estimate,https://www.massey.ac.nz/study/fees-and-funding/tuition-fees-for-domestic-students/,2026-05-14,"Domestic fee estimates.; HTML table 1, row 5; page_title=Tuition fees for domestic students - Massey University; raw=Pre-degree qualification type Certificate of University Preparation | Length of study 1 semester | Credits and courses 60 credits (4 courses) | Estimate of total tuition fees for 2026 $3,707 ; repaired: Massey dollar amount extracted from raw text."
7003.0,Massey University,Pre-degree qualification type Foundation Certificate (International),,,Pathway / Foundation,Certificate,2026,Domestic,3707.0,3707.0,per 60 credits,official_programme_estimate,https://www.massey.ac.nz/study/fees-and-funding/tuition-fees-for-domestic-students/,2026-05-14,"Domestic fee estimates.; HTML table 1, row 6; page_title=Tuition fees for domestic students - Massey University; raw=Pre-degree qualification type Foundation Certificate (International) | Length of study 1 semester | Credits and courses 60 credits (4 courses) | Estimate of total tuition fees for 2026 $3,707 ; repaired: Massey dollar amount extracted from raw text."
7003.0,Massey University,Pre-degree qualification type Foundation Certificate (International,Accelerated),,Pathway / Foundation,Certificate,2026,Domestic,7414.0,7414.0,per 120 credits,official_programme_estimate,https://www.massey.ac.nz/study/fees-and-funding/tuition-fees-for-domestic-students/,2026-05-14,"Domestic fee estimates.; HTML table 1, row 7; page_title=Tuition fees for domestic students - Massey University; raw=Pre-degree qualification type Foundation Certificate (International - Accelerated) | Length of study 1 year | Credits and courses 120 credits (8 courses) | Estimate of total tuition fees for 2026 $7,414 ; repaired: Massey dollar amount extracted from raw text."
7003.0,Massey University,Qualification Bachelor of Accountancy,,,Undergraduate,Bachelor,2026,Domestic,7415.0,,,official_programme_estimate,https://www.massey.ac.nz/study/fees-and-funding/tuition-fees-for-domestic-students/,2026-05-14,"Domestic fee estimates.; HTML table 2, row 1; page_title=Tuition fees for domestic students - Massey University; raw=Qualification Bachelor of Accountancy | Estimate of fees for 2026 $7,415; amount repaired from notes using single_amount_from_notes; original_tuition_fee_nzd=202.0"
7003.0,Massey University,Qualification Bachelor of Agribusiness,,,Undergraduate,Bachelor,2026,Domestic,7415.0,,,official_programme_estimate,https://www.massey.ac.nz/study/fees-and-funding/tuition-fees-for-domestic-students/,2026-05-14,"Domestic fee estimates.; HTML table 2, row 2; page_title=Tuition fees for domestic students - Massey University; raw=Qualification Bachelor of Agribusiness | Estimate of fees for 2026 $7,415 – $8,761; amount repaired from notes using lower_bound_from_notes_range; original_tuition_fee_nzd=202.0"
7003.0,Massey University,Qualification Bachelor of Agricultural Science,,,Undergraduate,Bachelor,2026,Domestic,8761.0,,,official_programme_estimate,https://www.massey.ac.nz/study/fees-and-funding/tuition-fees-for-domestic-students/,2026-05-14,"Domestic fee estimates.; HTML table 2, row 3; page_title=Tuition fees for domestic students - Massey University; raw=Qualification Bachelor of Agricultural Science | Estimate of fees for 2026 $8,761; amount repaired from notes using single_amount_from_notes; original_tuition_fee_nzd=202.0"
7003.0,Massey University,Qualification Bachelor of Animal Science,,,Undergraduate,Bachelor,2026,Domestic,8761.0,,,official_programme_estimate,https://www.massey.ac.nz/study/fees-and-funding/tuition-fees-for-domestic-students/,2026-05-14,"Domestic fee estimates.; HTML table 2, row 4; page_title=Tuition fees for domestic students - Massey University; raw=Qualification Bachelor of Animal Science | Estimate of fees for 2026 $8,761; amount repaired from notes using single_amount_from_notes; original_tuition_fee_nzd=202.0"
7003.0,Massey University,Qualification Bachelor of Arts,,,Undergraduate,Bachelor,2026,Domestic,7415.0,,,official_programme_estimate,https://www.massey.ac.nz/study/fees-and-funding/tuition-fees-for-domestic-students/,2026-05-14,"Domestic fee estimates.; HTML table 2, row 5; page_title=Tuition fees for domestic students - Massey University; raw=Qualification Bachelor of Arts | Estimate of fees for 2026 $7,415 – $8,420; amount repaired from notes using lower_bound_from_notes_range; original_tuition_fee_nzd=202.0"
7003.0,Massey University,Qualification Bachelor of Aviation,,,Undergraduate,Bachelor,2026,Domestic,63369.0,,,official_programme_estimate,https://www.massey.ac.nz/study/fees-and-funding/tuition-fees-for-domestic-students/,2026-05-14,"Domestic fee estimates.; HTML table 2, row 6; page_title=Tuition fees for domestic students - Massey University; raw=Qualification Bachelor of Aviation | Estimate of fees for 2026 $63,369; amount repaired from notes using single_amount_from_notes; original_tuition_fee_nzd=202.0"
7003.0,Massey University,Qualification Bachelor of Aviation Management,,,Undergraduate,Bachelor,2026,Domestic,7415.0,,,official_programme_estimate,https://www.massey.ac.nz/study/fees-and-funding/tuition-fees-for-domestic-students/,2026-05-14,"Domestic fee estimates.; HTML table 2, row 7; page_title=Tuition fees for domestic students - Massey University; raw=Qualification Bachelor of Aviation Management | Estimate of fees for 2026 $7,415; amount repaired from notes using single_amount_from_notes; original_tuition_fee_nzd=202.0"
7003.0,Massey University,Qualification Bachelor of Business,,,Undergraduate,Bachelor,2026,Domestic,7415.0,,,official_programme_estimate,https://www.massey.ac.nz/study/fees-and-funding/tuition-fees-for-domestic-students/,2026-05-14,"Domestic fee estimates.; HTML table 2, row 8; page_title=Tuition fees for domestic students - Massey University; raw=Qualification Bachelor of Business | Estimate of fees for 2026 $7,415; amount repaired from notes using single_amount_from_notes; original_tuition_fee_nzd=202.0"
7003.0,Massey University,Qualification Bachelor of Commercial Music,,,Undergraduate,Bachelor,2026,Domestic,8420.0,,,official_programme_estimate,https://www.massey.ac.nz/study/fees-and-funding/tuition-fees-for-domestic-students/,2026-05-14,"Domestic fee estimates.; HTML table 2, row 9; page_title=Tuition fees for domestic students - Massey University; raw=Qualification Bachelor of Commercial Music | Estimate of fees for 2026 $8,420; amount repaired from notes using single_amount_from_notes; original_tuition_fee_nzd=202.0"
7003.0,Massey University,Qualification Bachelor of Communication,,,Undergraduate,Bachelor,2026,Domestic,7415.0,,,official_programme_estimate,https://www.massey.ac.nz/study/fees-and-funding/tuition-fees-for-domestic-students/,2026-05-14,"Domestic fee estimates.; HTML table 2, row 10; page_title=Tuition fees for domestic students - Massey University; raw=Qualification Bachelor of Communication | Estimate of fees for 2026 $7,415 – $8,420; amount repaired from notes using lower_bound_from_notes_range; original_tuition_fee_nzd=202.0"
7003.0,Massey University,Qualification Bachelor of Construction,,,Undergraduate,Bachelor,2026,Domestic,9157.0,,,official_programme_estimate,https://www.massey.ac.nz/study/fees-and-funding/tuition-fees-for-domestic-students/,2026-05-14,"Domestic fee estimates.; HTML table 2, row 11; page_title=Tuition fees for domestic students - Massey University; raw=Qualification Bachelor of Construction | Estimate of fees for 2026 $9,157 – $9,644; amount repaired from notes using lower_bound_from_notes_range; original_tuition_fee_nzd=202.0"
7003.0,Massey University,Qualification Bachelor of Design,,,Undergraduate,Bachelor,2026,Domestic,8420.0,,,official_programme_estimate,https://www.massey.ac.nz/study/fees-and-funding/tuition-fees-for-domestic-students/,2026-05-14,"Domestic fee estimates.; HTML table 2, row 12; page_title=Tuition fees for domestic students - Massey University; raw=Qualification Bachelor of Design | Estimate of fees for 2026 $8,420 – $8,761; amount repaired from notes using lower_bound_from_notes_range; original_tuition_fee_nzd=202.0"
7003.0,Massey University,Qualification Bachelor of Earth and Environmental Science,,,Undergraduate,Bachelor,2026,Domestic,8420.0,,,official_programme_estimate,https://www.massey.ac.nz/study/fees-and-funding/tuition-fees-for-domestic-students/,2026-05-14,"Domestic fee estimates.; HTML table 2, row 13; page_title=Tuition fees for domestic students - Massey University; raw=Qualification Bachelor of Earth and Environmental Science | Estimate of fees for 2026 $8,420; amount repaired from notes using single_amount_from_notes; original_tuition_fee_nzd=202.0"
7003.0,Massey University,Qualification Bachelor of Fine Arts,,,Undergraduate,Bachelor,2026,Domestic,8420.0,,,official_programme_estimate,https://www.massey.ac.nz/study/fees-and-funding/tuition-fees-for-domestic-students/,2026-05-14,"Domestic fee estimates.; HTML table 2, row 14; page_title=Tuition fees for domestic students - Massey University; raw=Qualification Bachelor of Fine Arts | Estimate of fees for 2026 $8,420; amount repaired from notes using single_amount_from_notes; original_tuition_fee_nzd=202.0"
7003.0,Massey University,Qualification Bachelor of Health Science,,,Undergraduate,Bachelor,2026,Domestic,8420.0,,,official_programme_estimate,https://www.massey.ac.nz/study/fees-and-funding/tuition-fees-for-domestic-students/,2026-05-14,"Domestic fee estimates.; HTML table 2, row 15; page_title=Tuition fees for domestic students - Massey University; raw=Qualification Bachelor of Health Science | Estimate of fees for 2026 $8,420; amount repaired from notes using single_amount_from_notes; original_tuition_fee_nzd=202.0"
7003.0,Massey University,Qualification Bachelor of Horticultural and Plant Systems,,,Undergraduate,Bachelor,2026,Domestic,7614.0,,,official_programme_estimate,https://www.massey.ac.nz/study/fees-and-funding/tuition-fees-for-domestic-students/,2026-05-14,"Domestic fee estimates.; HTML table 2, row 16; page_title=Tuition fees for domestic students - Massey University; raw=Qualification Bachelor of Horticultural and Plant Systems | Estimate of fees for 2026 $7,614 – $8,761; amount repaired from notes using lower_bound_from_notes_range; original_tuition_fee_nzd=202.0"
7003.0,Massey University,Qualification Bachelor of Information Sciences,,,Undergraduate,Bachelor,2026,Domestic,8420.0,,,official_programme_estimate,https://www.massey.ac.nz/study/fees-and-funding/tuition-fees-for-domestic-students/,2026-05-14,"Domestic fee estimates.; HTML table 2, row 17; page_title=Tuition fees for domestic students - Massey University; raw=Qualification Bachelor of Information Sciences | Estimate of fees for 2026 $8,420 – $11,615; amount repaired from notes using lower_bound_from_notes_range; original_tuition_fee_nzd=202.0"
7003.0,Massey University,Qualification Bachelor of Māori Visual Arts,,,Undergraduate,Bachelor,2026,Domestic,8420.0,,,official_programme_estimate,https://www.massey.ac.nz/study/fees-and-funding/tuition-fees-for-domestic-students/,2026-05-14,"Domestic fee estimates.; HTML table 2, row 18; page_title=Tuition fees for domestic students - Massey University; raw=Qualification Bachelor of Māori Visual Arts | Estimate of fees for 2026 $8,420; amount repaired from notes using single_amount_from_notes; original_tuition_fee_nzd=202.0"
7003.0,Massey University,Qualification Bachelor of Nursing,,,Undergraduate,Bachelor,2026,Domestic,8761.0,,,official_programme_estimate,https://www.massey.ac.nz/study/fees-and-funding/tuition-fees-for-domestic-students/,2026-05-14,"Domestic fee estimates.; HTML table 2, row 19; page_title=Tuition fees for domestic students - Massey University; raw=Qualification Bachelor of Nursing | Estimate of fees for 2026 $8,761; amount repaired from notes using single_amount_from_notes; original_tuition_fee_nzd=202.0"
7003.0,Massey University,Qualification Bachelor of Resource and Environmental Planning,,,Undergraduate,Bachelor,2026,Domestic,8761.0,,,official_programme_estimate,https://www.massey.ac.nz/study/fees-and-funding/tuition-fees-for-domestic-students/,2026-05-14,"Domestic fee estimates.; HTML table 2, row 20; page_title=Tuition fees for domestic students - Massey University; raw=Qualification Bachelor of Resource and Environmental Planning | Estimate of fees for 2026 $8,761; amount repaired from notes using single_amount_from_notes; original_tuition_fee_nzd=202.0"
7003.0,Massey University,Qualification Bachelor of Science,,,Undergraduate,Bachelor,2026,Domestic,7415.0,,,official_programme_estimate,https://www.massey.ac.nz/study/fees-and-funding/tuition-fees-for-domestic-students/,2026-05-14,"Domestic fee estimates.; HTML table 2, row 21; page_title=Tuition fees for domestic students - Massey University; raw=Qualification Bachelor of Science | Estimate of fees for 2026 $7,415 – $8,420; amount repaired from notes using lower_bound_from_notes_range; original_tuition_fee_nzd=202.0"
7003.0,Massey University,Qualification Bachelor of Screen Arts,,,Undergraduate,Bachelor,2026,Domestic,8420.0,,,official_programme_estimate,https://www.massey.ac.nz/study/fees-and-funding/tuition-fees-for-domestic-students/,2026-05-14,"Domestic fee estimates.; HTML table 2, row 22; page_title=Tuition fees for domestic students - Massey University; raw=Qualification Bachelor of Screen Arts | Estimate of fees for 2026 $8,420 – $9,957; amount repaired from notes using lower_bound_from_notes_range; original_tuition_fee_nzd=202.0"
7003.0,Massey University,Qualification Bachelor of Social Work,,,Undergraduate,Bachelor,2026,Domestic,7415.0,,,official_programme_estimate,https://www.massey.ac.nz/study/fees-and-funding/tuition-fees-for-domestic-students/,2026-05-14,"Domestic fee estimates.; HTML table 2, row 23; page_title=Tuition fees for domestic students - Massey University; raw=Qualification Bachelor of Social Work | Estimate of fees for 2026 $7,415; amount repaired from notes using single_amount_from_notes; original_tuition_fee_nzd=202.0"
7003.0,Massey University,Qualification Bachelor of Sport and Exercise,,,Undergraduate,Bachelor,2026,Domestic,8420.0,,,official_programme_estimate,https://www.massey.ac.nz/study/fees-and-funding/tuition-fees-for-domestic-students/,2026-05-14,"Domestic fee estimates.; HTML table 2, row 24; page_title=Tuition fees for domestic students - Massey University; raw=Qualification Bachelor of Sport and Exercise | Estimate of fees for 2026 $8,420; amount repaired from notes using single_amount_from_notes; original_tuition_fee_nzd=202.0"
7003.0,Massey University,Qualification Bachelor of Veterinary Science,,,Undergraduate,Bachelor,2026,Domestic,15318.0,,,official_programme_estimate,https://www.massey.ac.nz/study/fees-and-funding/tuition-fees-for-domestic-students/,2026-05-14,"Domestic fee estimates.; HTML table 2, row 25; page_title=Tuition fees for domestic students - Massey University; raw=Qualification Bachelor of Veterinary Science | Estimate of fees for 2026 $15,318; amount repaired from notes using single_amount_from_notes; original_tuition_fee_nzd=202.0"
7003.0,Massey University,Qualification Bachelor of Veterinary Science Pre-Selection Semester,,,Undergraduate,Bachelor,2026,Domestic,8420.0,,,official_programme_estimate,https://www.massey.ac.nz/study/fees-and-funding/tuition-fees-for-domestic-students/,2026-05-14,"Domestic fee estimates.; HTML table 2, row 26; page_title=Tuition fees for domestic students - Massey University; raw=Qualification Bachelor of Veterinary Science Pre-Selection Semester | Estimate of fees for 2026 $8,420; amount repaired from notes using single_amount_from_notes; original_tuition_fee_nzd=202.0"
7003.0,Massey University,Qualification Te Aho Tātairangi: Bachelor of Teaching and Learning Kura Kaupapa Māori,,,Undergraduate,Bachelor,2026,Domestic,6838.0,,,official_programme_estimate,https://www.massey.ac.nz/study/fees-and-funding/tuition-fees-for-domestic-students/,2026-05-14,"Domestic fee estimates.; HTML table 2, row 27; page_title=Tuition fees for domestic students - Massey University; raw=Qualification Te Aho Tātairangi: Bachelor of Teaching and Learning Kura Kaupapa Māori | Estimate of fees for 2026 $6,838; amount repaired from notes using single_amount_from_notes; original_tuition_fee_nzd=202.0"
7003.0,Massey University,Qualification Bachelor of Arts (Honours),,,Undergraduate,Bachelor with Honours,2026,Domestic,10652.0,,,official_programme_estimate,https://www.massey.ac.nz/study/fees-and-funding/tuition-fees-for-domestic-students/,2026-05-14,"Domestic fee estimates.; HTML table 3, row 1; page_title=Tuition fees for domestic students - Massey University; raw=Qualification Bachelor of Arts (Honours) | Estimate of fees for 2026 $10,652 – $11,615; amount repaired from notes using lower_bound_from_notes_range; original_tuition_fee_nzd=202.0"
7003.0,Massey University,Qualification Bachelor of Commercial Music (Honours),,,Undergraduate,Bachelor with Honours,2026,Domestic,11614.0,,,official_programme_estimate,https://www.massey.ac.nz/study/fees-and-funding/tuition-fees-for-domestic-students/,2026-05-14,"Domestic fee estimates.; HTML table 3, row 2; page_title=Tuition fees for domestic students - Massey University; raw=Qualification Bachelor of Commercial Music (Honours) | Estimate of fees for 2026 $11,614; amount repaired from notes using single_amount_from_notes; original_tuition_fee_nzd=202.0"
7003.0,Massey University,Qualification Bachelor of Construction (Honours),,,Undergraduate,Bachelor with Honours,2026,Domestic,11645.0,,,official_programme_estimate,https://www.massey.ac.nz/study/fees-and-funding/tuition-fees-for-domestic-students/,2026-05-14,"Domestic fee estimates.; HTML table 3, row 3; page_title=Tuition fees for domestic students - Massey University; raw=Qualification Bachelor of Construction (Honours) | Estimate of fees for 2026 $11,645; amount repaired from notes using single_amount_from_notes; original_tuition_fee_nzd=202.0"
7003.0,Massey University,Qualification Bachelor of Design with Honours,,,Undergraduate,Bachelor with Honours,2026,Domestic,8420.0,,,official_programme_estimate,https://www.massey.ac.nz/study/fees-and-funding/tuition-fees-for-domestic-students/,2026-05-14,"Domestic fee estimates.; HTML table 3, row 4; page_title=Tuition fees for domestic students - Massey University; raw=Qualification Bachelor of Design with Honours | Estimate of fees for 2026 $8,420; amount repaired from notes using single_amount_from_notes; original_tuition_fee_nzd=202.0"
7003.0,Massey University,Qualification Bachelor of Fine Arts with Honours,,,Undergraduate,Bachelor with Honours,2026,Domestic,8419.0,,,official_programme_estimate,https://www.massey.ac.nz/study/fees-and-funding/tuition-fees-for-domestic-students/,2026-05-14,"Domestic fee estimates.; HTML table 3, row 5; page_title=Tuition fees for domestic students - Massey University; raw=Qualification Bachelor of Fine Arts with Honours | Estimate of fees for 2026 $8,419; amount repaired from notes using single_amount_from_notes; original_tuition_fee_nzd=202.0"
7003.0,Massey University,Qualification Bachelor of Food Technology with Honours,,,Undergraduate,Bachelor with Honours,2026,Domestic,9157.0,,,official_programme_estimate,https://www.massey.ac.nz/study/fees-and-funding/tuition-fees-for-domestic-students/,2026-05-14,"Domestic fee estimates.; HTML table 3, row 6; page_title=Tuition fees for domestic students - Massey University; raw=Qualification Bachelor of Food Technology with Honours | Estimate of fees for 2026 $9,157; amount repaired from notes using single_amount_from_notes; original_tuition_fee_nzd=202.0"
7003.0,Massey University,Qualification Bachelor of Science (Honours),,,Undergraduate,Bachelor with Honours,2026,Domestic,11615.0,,,official_programme_estimate,https://www.massey.ac.nz/study/fees-and-funding/tuition-fees-for-domestic-students/,2026-05-14,"Domestic fee estimates.; HTML table 3, row 7; page_title=Tuition fees for domestic students - Massey University; raw=Qualification Bachelor of Science (Honours) | Estimate of fees for 2026 $11,615; amount repaired from notes using single_amount_from_notes; original_tuition_fee_nzd=202.0"
7003.0,Massey University,Qualification Bachelor of Screen Arts with Honours,,,Undergraduate,Bachelor with Honours,2026,Domestic,8420.0,,,official_programme_estimate,https://www.massey.ac.nz/study/fees-and-funding/tuition-fees-for-domestic-students/,2026-05-14,"Domestic fee estimates.; HTML table 3, row 8; page_title=Tuition fees for domestic students - Massey University; raw=Qualification Bachelor of Screen Arts with Honours | Estimate of fees for 2026 $8,420 – $9,957; amount repaired from notes using lower_bound_from_notes_range; original_tuition_fee_nzd=202.0"
7003.0,Massey University,Qualification Bachelor of Speech and Language Therapy with Honours,,,Undergraduate,Bachelor with Honours,2026,Domestic,8761.0,,,official_programme_estimate,https://www.massey.ac.nz/study/fees-and-funding/tuition-fees-for-domestic-students/,2026-05-14,"Domestic fee estimates.; HTML table 3, row 9; page_title=Tuition fees for domestic students - Massey University; raw=Qualification Bachelor of Speech and Language Therapy with Honours | Estimate of fees for 2026 $8,761; amount repaired from notes using single_amount_from_notes; original_tuition_fee_nzd=202.0"
7003.0,Massey University,Qualification Certificate,Arts,,Certificate,Certificate,2026,Domestic,3707.0,,,official_programme_estimate,https://www.massey.ac.nz/study/fees-and-funding/tuition-fees-for-domestic-students/,2026-05-14,"Domestic fee estimates.; HTML table 4, row 1; page_title=Tuition fees for domestic students - Massey University; raw=Qualification Certificate in Arts | Estimate of fees for 2026 $3,707; amount repaired from notes using single_amount_from_notes; original_tuition_fee_nzd=202.0"
7003.0,Massey University,Qualification Certificate,Border and Biosecurity,,Certificate,Certificate,2026,Domestic,3707.0,,,official_programme_estimate,https://www.massey.ac.nz/study/fees-and-funding/tuition-fees-for-domestic-students/,2026-05-14,"Domestic fee estimates.; HTML table 4, row 2; page_title=Tuition fees for domestic students - Massey University; raw=Qualification Certificate in Border and Biosecurity | Estimate of fees for 2026 $3,707; amount repaired from notes using single_amount_from_notes; original_tuition_fee_nzd=202.0"
7003.0,Massey University,Qualification Certificate,Business Studies,,Certificate,Certificate,2026,Domestic,3707.0,,,official_programme_estimate,https://www.massey.ac.nz/study/fees-and-funding/tuition-fees-for-domestic-students/,2026-05-14,"Domestic fee estimates.; HTML table 4, row 3; page_title=Tuition fees for domestic students - Massey University; raw=Qualification Certificate in Business Studies | Estimate of fees for 2026 $3,707; amount repaired from notes using single_amount_from_notes; original_tuition_fee_nzd=202.0"
7003.0,Massey University,Qualification Certificate,Creative Arts,,Certificate,Certificate,2026,Domestic,4578.0,,,official_programme_estimate,https://www.massey.ac.nz/study/fees-and-funding/tuition-fees-for-domestic-students/,2026-05-14,"Domestic fee estimates.; HTML table 4, row 4; page_title=Tuition fees for domestic students - Massey University; raw=Qualification Certificate in Creative Arts | Estimate of fees for 2026 $4,578; amount repaired from notes using single_amount_from_notes; original_tuition_fee_nzd=202.0"
7003.0,Massey University,Qualification Certificate,Financial Advice,,Certificate,Certificate,2026,Domestic,1908.0,,,official_programme_estimate,https://www.massey.ac.nz/study/fees-and-funding/tuition-fees-for-domestic-students/,2026-05-14,"Domestic fee estimates.; HTML table 4, row 5; page_title=Tuition fees for domestic students - Massey University; raw=Qualification Certificate in Financial Advice | Estimate of fees for 2026 $1,908; amount repaired from notes using single_amount_from_notes; original_tuition_fee_nzd=202.0"
7003.0,Massey University,Qualification Certificate of Proficiency (Postgraduate),,,Postgraduate,Certificate,2026,Domestic,5325.0,,,official_programme_estimate,https://www.massey.ac.nz/study/fees-and-funding/tuition-fees-for-domestic-students/,2026-05-14,"Domestic fee estimates.; HTML table 4, row 6; page_title=Tuition fees for domestic students - Massey University; raw=Qualification Certificate of Proficiency (Postgraduate) | Estimate of fees for 2026 $5,325; amount repaired from notes using single_amount_from_notes; original_tuition_fee_nzd=202.0"
7003.0,Massey University,Qualification Certificate of Proficiency (Undergraduate),,,Undergraduate,Certificate,2026,Domestic,3707.0,,,official_programme_estimate,https://www.massey.ac.nz/study/fees-and-funding/tuition-fees-for-domestic-students/,2026-05-14,"Domestic fee estimates.; HTML table 4, row 7; page_title=Tuition fees for domestic students - Massey University; raw=Qualification Certificate of Proficiency (Undergraduate) | Estimate of fees for 2026 $3,707; amount repaired from notes using single_amount_from_notes; original_tuition_fee_nzd=202.0"
7003.0,Massey University,Qualification Certificate,Science and Technology,,Certificate,Certificate,2026,Domestic,4209.0,,,official_programme_estimate,https://www.massey.ac.nz/study/fees-and-funding/tuition-fees-for-domestic-students/,2026-05-14,"Domestic fee estimates.; HTML table 4, row 8; page_title=Tuition fees for domestic students - Massey University; raw=Qualification Certificate in Science and Technology | Estimate of fees for 2026 $4,209; amount repaired from notes using single_amount_from_notes; original_tuition_fee_nzd=202.0"
7003.0,Massey University,Qualification Graduate Certificate,Arts,,Postgraduate,Graduate Certificate,2026,Domestic,3707.0,,,official_programme_estimate,https://www.massey.ac.nz/study/fees-and-funding/tuition-fees-for-domestic-students/,2026-05-14,"Domestic fee estimates.; HTML table 5, row 1; page_title=Tuition fees for domestic students - Massey University; raw=Qualification Graduate Certificate in Arts | Estimate of fees for 2026 $3,707 – $4,209; amount repaired from notes using lower_bound_from_notes_range; original_tuition_fee_nzd=202.0"
7003.0,Massey University,Qualification Graduate Certificate,Emergency Management,,Postgraduate,Graduate Certificate,2026,Domestic,4210.0,,,official_programme_estimate,https://www.massey.ac.nz/study/fees-and-funding/tuition-fees-for-domestic-students/,2026-05-14,"Domestic fee estimates.; HTML table 5, row 2; page_title=Tuition fees for domestic students - Massey University; raw=Qualification Graduate Certificate in Emergency Management | Estimate of fees for 2026 $4,210; amount repaired from notes using single_amount_from_notes; original_tuition_fee_nzd=202.0"
7003.0,Massey University,Qualification Graduate Certificate,Science and Technology,,Postgraduate,Graduate Certificate,2026,Domestic,4210.0,,,official_programme_estimate,https://www.massey.ac.nz/study/fees-and-funding/tuition-fees-for-domestic-students/,2026-05-14,"Domestic fee estimates.; HTML table 5, row 3; page_title=Tuition fees for domestic students - Massey University; raw=Qualification Graduate Certificate in Science and Technology | Estimate of fees for 2026 $4,210 – $5,822; amount repaired from notes using lower_bound_from_notes_range; original_tuition_fee_nzd=202.0"
7003.0,Massey University,Qualification Graduate Certificate,Teaching English as an Additional Language,,Postgraduate,Graduate Certificate,2026,Domestic,3707.0,,,official_programme_estimate,https://www.massey.ac.nz/study/fees-and-funding/tuition-fees-for-domestic-students/,2026-05-14,"Domestic fee estimates.; HTML table 5, row 4; page_title=Tuition fees for domestic students - Massey University; raw=Qualification Graduate Certificate in Teaching English as an Additional Language | Estimate of fees for 2026 $3,707; amount repaired from notes using single_amount_from_notes; original_tuition_fee_nzd=202.0"
7003.0,Massey University,Qualification Postgraduate Certificate,Applied Linguistics,,Postgraduate,Postgraduate Certificate,2026,Domestic,5326.0,,,official_programme_estimate,https://www.massey.ac.nz/study/fees-and-funding/tuition-fees-for-domestic-students/,2026-05-14,"Domestic fee estimates.; HTML table 6, row 1; page_title=Tuition fees for domestic students - Massey University; raw=Qualification Postgraduate Certificate in Applied Linguistics | Estimate of fees for 2026 $5,326; amount repaired from notes using single_amount_from_notes; original_tuition_fee_nzd=202.0"
7003.0,Massey University,Qualification Postgraduate Certificate,Arts,,Postgraduate,Postgraduate Certificate,2026,Domestic,5326.0,,,official_programme_estimate,https://www.massey.ac.nz/study/fees-and-funding/tuition-fees-for-domestic-students/,2026-05-14,"Domestic fee estimates.; HTML table 6, row 2; page_title=Tuition fees for domestic students - Massey University; raw=Qualification Postgraduate Certificate in Arts | Estimate of fees for 2026 $5,326; amount repaired from notes using single_amount_from_notes; original_tuition_fee_nzd=202.0"
7003.0,Massey University,Qualification Postgraduate Certificate,Business,,Postgraduate,Postgraduate Certificate,2026,Domestic,5326.0,,,official_programme_estimate,https://www.massey.ac.nz/study/fees-and-funding/tuition-fees-for-domestic-students/,2026-05-14,"Domestic fee estimates.; HTML table 6, row 3; page_title=Tuition fees for domestic students - Massey University; raw=Qualification Postgraduate Certificate in Business | Estimate of fees for 2026 $5,326; amount repaired from notes using single_amount_from_notes; original_tuition_fee_nzd=202.0"
7003.0,Massey University,Qualification Postgraduate Certificate,Education,,Postgraduate,Postgraduate Certificate,2026,Domestic,4245.0,,,official_programme_estimate,https://www.massey.ac.nz/study/fees-and-funding/tuition-fees-for-domestic-students/,2026-05-14,"Domestic fee estimates.; HTML table 6, row 4; page_title=Tuition fees for domestic students - Massey University; raw=Qualification Postgraduate Certificate in Education | Estimate of fees for 2026 $4,245; amount repaired from notes using single_amount_from_notes; original_tuition_fee_nzd=202.0"
7003.0,Massey University,Qualification Postgraduate Certificate,Educational and Developmental Psychology,,Postgraduate,Postgraduate Certificate,2026,Domestic,5807.0,,,official_programme_estimate,https://www.massey.ac.nz/study/fees-and-funding/tuition-fees-for-domestic-students/,2026-05-14,"Domestic fee estimates.; HTML table 6, row 5; page_title=Tuition fees for domestic students - Massey University; raw=Qualification Postgraduate Certificate in Educational and Developmental Psychology | Estimate of fees for 2026 $5,807; amount repaired from notes using single_amount_from_notes; original_tuition_fee_nzd=202.0"
7003.0,Massey University,Qualification Postgraduate Certificate,Emergency Management,,Postgraduate,Postgraduate Certificate,2026,Domestic,5807.0,,,official_programme_estimate,https://www.massey.ac.nz/study/fees-and-funding/tuition-fees-for-domestic-students/,2026-05-14,"Domestic fee estimates.; HTML table 6, row 6; page_title=Tuition fees for domestic students - Massey University; raw=Qualification Postgraduate Certificate in Emergency Management | Estimate of fees for 2026 $5,807; amount repaired from notes using single_amount_from_notes; original_tuition_fee_nzd=202.0"
7003.0,Massey University,Qualification Postgraduate Certificate,Intelligence,,Postgraduate,Postgraduate Certificate,2026,Domestic,5326.0,,,official_programme_estimate,https://www.massey.ac.nz/study/fees-and-funding/tuition-fees-for-domestic-students/,2026-05-14,"Domestic fee estimates.; HTML table 6, row 7; page_title=Tuition fees for domestic students - Massey University; raw=Qualification Postgraduate Certificate in Intelligence | Estimate of fees for 2026 $5,326; amount repaired from notes using single_amount_from_notes; original_tuition_fee_nzd=202.0"
7003.0,Massey University,Qualification Postgraduate Certificate,International Development,,Postgraduate,Postgraduate Certificate,2026,Domestic,5326.0,,,official_programme_estimate,https://www.massey.ac.nz/study/fees-and-funding/tuition-fees-for-domestic-students/,2026-05-14,"Domestic fee estimates.; HTML table 6, row 8; page_title=Tuition fees for domestic students - Massey University; raw=Qualification Postgraduate Certificate in International Development | Estimate of fees for 2026 $5,326; amount repaired from notes using single_amount_from_notes; original_tuition_fee_nzd=202.0"
7003.0,Massey University,Qualification Postgraduate Certificate,International Security,,Postgraduate,Postgraduate Certificate,2026,Domestic,5326.0,,,official_programme_estimate,https://www.massey.ac.nz/study/fees-and-funding/tuition-fees-for-domestic-students/,2026-05-14,"Domestic fee estimates.; HTML table 6, row 9; page_title=Tuition fees for domestic students - Massey University; raw=Qualification Postgraduate Certificate in International Security | Estimate of fees for 2026 $5,326; amount repaired from notes using single_amount_from_notes; original_tuition_fee_nzd=202.0"
7003.0,Massey University,Qualification Postgraduate Certificate,Learning Support,,Postgraduate,Postgraduate Certificate,2026,Domestic,4245.0,,,official_programme_estimate,https://www.massey.ac.nz/study/fees-and-funding/tuition-fees-for-domestic-students/,2026-05-14,"Domestic fee estimates.; HTML table 6, row 10; page_title=Tuition fees for domestic students - Massey University; raw=Qualification Postgraduate Certificate in Learning Support | Estimate of fees for 2026 $4,245; amount repaired from notes using single_amount_from_notes; original_tuition_fee_nzd=202.0"
7003.0,Massey University,Qualification Postgraduate Certificate,Nursing,,Postgraduate,Postgraduate Certificate,2026,Domestic,5807.0,,,official_programme_estimate,https://www.massey.ac.nz/study/fees-and-funding/tuition-fees-for-domestic-students/,2026-05-14,"Domestic fee estimates.; HTML table 6, row 11; page_title=Tuition fees for domestic students - Massey University; raw=Qualification Postgraduate Certificate in Nursing | Estimate of fees for 2026 $5,807; amount repaired from notes using single_amount_from_notes; original_tuition_fee_nzd=202.0"
7003.0,Massey University,Qualification Postgraduate Certificate,Planning,,Postgraduate,Postgraduate Certificate,2026,Domestic,5823.0,,,official_programme_estimate,https://www.massey.ac.nz/study/fees-and-funding/tuition-fees-for-domestic-students/,2026-05-14,"Domestic fee estimates.; HTML table 6, row 12; page_title=Tuition fees for domestic students - Massey University; raw=Qualification Postgraduate Certificate in Planning | Estimate of fees for 2026 $5,823; amount repaired from notes using single_amount_from_notes; original_tuition_fee_nzd=202.0"
7003.0,Massey University,Qualification Postgraduate Certificate,Science and Technology,,Postgraduate,Postgraduate Certificate,2026,Domestic,5823.0,,,official_programme_estimate,https://www.massey.ac.nz/study/fees-and-funding/tuition-fees-for-domestic-students/,2026-05-14,"Domestic fee estimates.; HTML table 6, row 13; page_title=Tuition fees for domestic students - Massey University; raw=Qualification Postgraduate Certificate in Science and Technology | Estimate of fees for 2026 $5,823; amount repaired from notes using single_amount_from_notes; original_tuition_fee_nzd=202.0"
7003.0,Massey University,Qualification Postgraduate Certificate,Specialist Teaching,,Postgraduate,Postgraduate Certificate,2026,Domestic,4245.0,,,official_programme_estimate,https://www.massey.ac.nz/study/fees-and-funding/tuition-fees-for-domestic-students/,2026-05-14,"Domestic fee estimates.; HTML table 6, row 14; page_title=Tuition fees for domestic students - Massey University; raw=Qualification Postgraduate Certificate in Specialist Teaching | Estimate of fees for 2026 $4,245; amount repaired from notes using single_amount_from_notes; original_tuition_fee_nzd=202.0"
7003.0,Massey University,Qualification Diploma (Business),,,Diploma,Diploma,2026,Domestic,7415.0,,,official_programme_estimate,https://www.massey.ac.nz/study/fees-and-funding/tuition-fees-for-domestic-students/,2026-05-14,"Domestic fee estimates.; HTML table 7, row 1; page_title=Tuition fees for domestic students - Massey University; raw=Qualification Diploma (Business) | Estimate of fees for 2026 $7,415; amount repaired from notes using single_amount_from_notes; original_tuition_fee_nzd=202.0"
7003.0,Massey University,Qualification Diploma,Agriculture,,Diploma,Diploma,2026,Domestic,8761.0,,,official_programme_estimate,https://www.massey.ac.nz/study/fees-and-funding/tuition-fees-for-domestic-students/,2026-05-14,"Domestic fee estimates.; HTML table 7, row 2; page_title=Tuition fees for domestic students - Massey University; raw=Qualification Diploma in Agriculture | Estimate of fees for 2026 $8,761; amount repaired from notes using single_amount_from_notes; original_tuition_fee_nzd=202.0"
7003.0,Massey University,Qualification Diploma,Arts,,Diploma,Diploma,2026,Domestic,7415.0,,,official_programme_estimate,https://www.massey.ac.nz/study/fees-and-funding/tuition-fees-for-domestic-students/,2026-05-14,"Domestic fee estimates.; HTML table 7, row 3; page_title=Tuition fees for domestic students - Massey University; raw=Qualification Diploma in Arts | Estimate of fees for 2026 $7,415 – $8,420; amount repaired from notes using lower_bound_from_notes_range; original_tuition_fee_nzd=202.0"
7003.0,Massey University,Qualification Diploma,Border and Biosecurity,,Diploma,Diploma,2026,Domestic,7415.0,,,official_programme_estimate,https://www.massey.ac.nz/study/fees-and-funding/tuition-fees-for-domestic-students/,2026-05-14,"Domestic fee estimates.; HTML table 7, row 4; page_title=Tuition fees for domestic students - Massey University; raw=Qualification Diploma in Border and Biosecurity | Estimate of fees for 2026 $7,415; amount repaired from notes using single_amount_from_notes; original_tuition_fee_nzd=202.0"
7003.0,Massey University,Qualification Diploma,Business Studies,,Diploma,Diploma,2026,Domestic,3816.0,,,official_programme_estimate,https://www.massey.ac.nz/study/fees-and-funding/tuition-fees-for-domestic-students/,2026-05-14,"Domestic fee estimates.; HTML table 7, row 5; page_title=Tuition fees for domestic students - Massey University; raw=Qualification Diploma in Business Studies | Estimate of fees for 2026 $3,816 – $7,415; amount repaired from notes using lower_bound_from_notes_range; original_tuition_fee_nzd=202.0"
7003.0,Massey University,Qualification Diploma,Communication,,Diploma,Diploma,2026,Domestic,7415.0,,,official_programme_estimate,https://www.massey.ac.nz/study/fees-and-funding/tuition-fees-for-domestic-students/,2026-05-14,"Domestic fee estimates.; HTML table 7, row 6; page_title=Tuition fees for domestic students - Massey University; raw=Qualification Diploma in Communication | Estimate of fees for 2026 $7,415; amount repaired from notes using single_amount_from_notes; original_tuition_fee_nzd=202.0"
7003.0,Massey University,Qualification Diploma,Creative Arts,,Diploma,Diploma,2026,Domestic,8420.0,,,official_programme_estimate,https://www.massey.ac.nz/study/fees-and-funding/tuition-fees-for-domestic-students/,2026-05-14,"Domestic fee estimates.; HTML table 7, row 7; page_title=Tuition fees for domestic students - Massey University; raw=Qualification Diploma in Creative Arts | Estimate of fees for 2026 $8,420; amount repaired from notes using single_amount_from_notes; original_tuition_fee_nzd=202.0"
7003.0,Massey University,Qualification Diploma,Facilities Management,,Diploma,Diploma,2026,Domestic,10652.0,,,official_programme_estimate,https://www.massey.ac.nz/study/fees-and-funding/tuition-fees-for-domestic-students/,2026-05-14,"Domestic fee estimates.; HTML table 7, row 8; page_title=Tuition fees for domestic students - Massey University; raw=Qualification Diploma in Facilities Management | Estimate of fees for 2026 $10,652; amount repaired from notes using single_amount_from_notes; original_tuition_fee_nzd=202.0"
7003.0,Massey University,Qualification Diploma,Science and Technology,,Diploma,Diploma,2026,Domestic,8420.0,,,official_programme_estimate,https://www.massey.ac.nz/study/fees-and-funding/tuition-fees-for-domestic-students/,2026-05-14,"Domestic fee estimates.; HTML table 7, row 9; page_title=Tuition fees for domestic students - Massey University; raw=Qualification Diploma in Science and Technology | Estimate of fees for 2026 $8,420; amount repaired from notes using single_amount_from_notes; original_tuition_fee_nzd=202.0"
7003.0,Massey University,Qualification Graduate Diploma,Arts,,Postgraduate,Graduate Diploma,2026,Domestic,7415.0,,,official_programme_estimate,https://www.massey.ac.nz/study/fees-and-funding/tuition-fees-for-domestic-students/,2026-05-14,"Domestic fee estimates.; HTML table 8, row 1; page_title=Tuition fees for domestic students - Massey University; raw=Qualification Graduate Diploma in Arts | Estimate of fees for 2026 $7,415 – $8,785; amount repaired from notes using lower_bound_from_notes_range; original_tuition_fee_nzd=202.0"
7003.0,Massey University,Qualification Graduate Diploma,Aviation,,Postgraduate,Graduate Diploma,2026,Domestic,7415.0,,,official_programme_estimate,https://www.massey.ac.nz/study/fees-and-funding/tuition-fees-for-domestic-students/,2026-05-14,"Domestic fee estimates.; HTML table 8, row 2; page_title=Tuition fees for domestic students - Massey University; raw=Qualification Graduate Diploma in Aviation | Estimate of fees for 2026 $7,415 – $9,157; amount repaired from notes using lower_bound_from_notes_range; original_tuition_fee_nzd=202.0"
7003.0,Massey University,Qualification Graduate Diploma,Business Studies,,Postgraduate,Graduate Diploma,2026,Domestic,7415.0,,,official_programme_estimate,https://www.massey.ac.nz/study/fees-and-funding/tuition-fees-for-domestic-students/,2026-05-14,"Domestic fee estimates.; HTML table 8, row 3; page_title=Tuition fees for domestic students - Massey University; raw=Qualification Graduate Diploma in Business Studies | Estimate of fees for 2026 $7,415; amount repaired from notes using single_amount_from_notes; original_tuition_fee_nzd=202.0"
7003.0,Massey University,Qualification Graduate Diploma,Construction and Facilities Management,,Postgraduate,Graduate Diploma,2026,Domestic,8785.0,,,official_programme_estimate,https://www.massey.ac.nz/study/fees-and-funding/tuition-fees-for-domestic-students/,2026-05-14,"Domestic fee estimates.; HTML table 8, row 4; page_title=Tuition fees for domestic students - Massey University; raw=Qualification Graduate Diploma in Construction and Facilities Management | Estimate of fees for 2026 $8,785; amount repaired from notes using single_amount_from_notes; original_tuition_fee_nzd=202.0"
7003.0,Massey University,Qualification Graduate Diploma,Dairy Science and Technology,,Postgraduate,Graduate Diploma,2026,Domestic,9157.0,,,official_programme_estimate,https://www.massey.ac.nz/study/fees-and-funding/tuition-fees-for-domestic-students/,2026-05-14,"Domestic fee estimates.; HTML table 8, row 5; page_title=Tuition fees for domestic students - Massey University; raw=Qualification Graduate Diploma in Dairy Science and Technology | Estimate of fees for 2026 $9,157; amount repaired from notes using single_amount_from_notes; original_tuition_fee_nzd=202.0"
7003.0,Massey University,Qualification Graduate Diploma,Design,,Postgraduate,Graduate Diploma,2026,Domestic,8420.0,,,official_programme_estimate,https://www.massey.ac.nz/study/fees-and-funding/tuition-fees-for-domestic-students/,2026-05-14,"Domestic fee estimates.; HTML table 8, row 6; page_title=Tuition fees for domestic students - Massey University; raw=Qualification Graduate Diploma in Design | Estimate of fees for 2026 $8,420; amount repaired from notes using single_amount_from_notes; original_tuition_fee_nzd=202.0"
7003.0,Massey University,Qualification Graduate Diploma,Emergency Management,,Postgraduate,Graduate Diploma,2026,Domestic,8420.0,,,official_programme_estimate,https://www.massey.ac.nz/study/fees-and-funding/tuition-fees-for-domestic-students/,2026-05-14,"Domestic fee estimates.; HTML table 8, row 7; page_title=Tuition fees for domestic students - Massey University; raw=Qualification Graduate Diploma in Emergency Management | Estimate of fees for 2026 $8,420; amount repaired from notes using single_amount_from_notes; original_tuition_fee_nzd=202.0"
7003.0,Massey University,Qualification Graduate Diploma,Environmental Health,,Postgraduate,Graduate Diploma,2026,Domestic,8420.0,,,official_programme_estimate,https://www.massey.ac.nz/study/fees-and-funding/tuition-fees-for-domestic-students/,2026-05-14,"Domestic fee estimates.; HTML table 8, row 8; page_title=Tuition fees for domestic students - Massey University; raw=Qualification Graduate Diploma in Environmental Health | Estimate of fees for 2026 $8,420; amount repaired from notes using single_amount_from_notes; original_tuition_fee_nzd=202.0"
7003.0,Massey University,Qualification Graduate Diploma,Fine Arts,,Postgraduate,Graduate Diploma,2026,Domestic,8420.0,,,official_programme_estimate,https://www.massey.ac.nz/study/fees-and-funding/tuition-fees-for-domestic-students/,2026-05-14,"Domestic fee estimates.; HTML table 8, row 9; page_title=Tuition fees for domestic students - Massey University; raw=Qualification Graduate Diploma in Fine Arts | Estimate of fees for 2026 $8,420; amount repaired from notes using single_amount_from_notes; original_tuition_fee_nzd=202.0"
7003.0,Massey University,Qualification Graduate Diploma,Information Sciences,,Postgraduate,Graduate Diploma,2026,Domestic,8785.0,,,official_programme_estimate,https://www.massey.ac.nz/study/fees-and-funding/tuition-fees-for-domestic-students/,2026-05-14,"Domestic fee estimates.; HTML table 8, row 10; page_title=Tuition fees for domestic students - Massey University; raw=Qualification Graduate Diploma in Information Sciences | Estimate of fees for 2026 $8,785; amount repaired from notes using single_amount_from_notes; original_tuition_fee_nzd=202.0"
7003.0,Massey University,Qualification Graduate Diploma (Management),,,Postgraduate,Graduate Diploma,2026,Domestic,10652.0,,,official_programme_estimate,https://www.massey.ac.nz/study/fees-and-funding/tuition-fees-for-domestic-students/,2026-05-14,"Domestic fee estimates.; HTML table 8, row 11; page_title=Tuition fees for domestic students - Massey University; raw=Qualification Graduate Diploma (Management) | Estimate of fees for 2026 $10,652; amount repaired from notes using single_amount_from_notes; original_tuition_fee_nzd=202.0"
7003.0,Massey University,Qualification Graduate Diploma (Marketing),,,Postgraduate,Graduate Diploma,2026,Domestic,10652.0,,,official_programme_estimate,https://www.massey.ac.nz/study/fees-and-funding/tuition-fees-for-domestic-students/,2026-05-14,"Domestic fee estimates.; HTML table 8, row 12; page_title=Tuition fees for domestic students - Massey University; raw=Qualification Graduate Diploma (Marketing) | Estimate of fees for 2026 $10,652; amount repaired from notes using single_amount_from_notes; original_tuition_fee_nzd=202.0"
7003.0,Massey University,Qualification Graduate Diploma,Occupational Health and Safety,,Postgraduate,Graduate Diploma,2026,Domestic,7415.0,,,official_programme_estimate,https://www.massey.ac.nz/study/fees-and-funding/tuition-fees-for-domestic-students/,2026-05-14,"Domestic fee estimates.; HTML table 8, row 13; page_title=Tuition fees for domestic students - Massey University; raw=Qualification Graduate Diploma in Occupational Health and Safety | Estimate of fees for 2026 $7,415; amount repaired from notes using single_amount_from_notes; original_tuition_fee_nzd=202.0"
7003.0,Massey University,Qualification Graduate Diploma,Science and Technology,,Postgraduate,Graduate Diploma,2026,Domestic,11615.0,,,official_programme_estimate,https://www.massey.ac.nz/study/fees-and-funding/tuition-fees-for-domestic-students/,2026-05-14,"Domestic fee estimates.; HTML table 8, row 14; page_title=Tuition fees for domestic students - Massey University; raw=Qualification Graduate Diploma in Science and Technology | Estimate of fees for 2026 $11,615; amount repaired from notes using single_amount_from_notes; original_tuition_fee_nzd=202.0"
7003.0,Massey University,Qualification Graduate Diploma,Screen Arts,,Postgraduate,Graduate Diploma,2026,Domestic,9157.0,,,official_programme_estimate,https://www.massey.ac.nz/study/fees-and-funding/tuition-fees-for-domestic-students/,2026-05-14,"Domestic fee estimates.; HTML table 8, row 15; page_title=Tuition fees for domestic students - Massey University; raw=Qualification Graduate Diploma in Screen Arts | Estimate of fees for 2026 $9,157; amount repaired from notes using single_amount_from_notes; original_tuition_fee_nzd=202.0"
7003.0,Massey University,Qualification Graduate Diploma of Learning and Teaching,,,Postgraduate,Graduate Diploma,2026,Domestic,9371.0,,,official_programme_estimate,https://www.massey.ac.nz/study/fees-and-funding/tuition-fees-for-domestic-students/,2026-05-14,"Domestic fee estimates.; HTML table 8, row 16; page_title=Tuition fees for domestic students - Massey University; raw=Qualification Graduate Diploma of Learning and Teaching | Estimate of fees for 2026 $9,371*; amount repaired from notes using single_amount_from_notes; original_tuition_fee_nzd=202.0"
7003.0,Massey University,Qualification Postgraduate Diploma,Agribusiness,,Postgraduate,Postgraduate Diploma,2026,Domestic,11615.0,,,official_programme_estimate,https://www.massey.ac.nz/study/fees-and-funding/tuition-fees-for-domestic-students/,2026-05-14,"Domestic fee estimates.; HTML table 9, row 1; page_title=Tuition fees for domestic students - Massey University; raw=Qualification Postgraduate Diploma in Agribusiness | Estimate of fees for 2026 $11,615; amount repaired from notes using single_amount_from_notes; original_tuition_fee_nzd=202.0"
7003.0,Massey University,Qualification Postgraduate Diploma,Applied Linguistics,,Postgraduate,Postgraduate Diploma,2026,Domestic,10652.0,,,official_programme_estimate,https://www.massey.ac.nz/study/fees-and-funding/tuition-fees-for-domestic-students/,2026-05-14,"Domestic fee estimates.; HTML table 9, row 2; page_title=Tuition fees for domestic students - Massey University; raw=Qualification Postgraduate Diploma in Applied Linguistics | Estimate of fees for 2026 $10,652; amount repaired from notes using single_amount_from_notes; original_tuition_fee_nzd=202.0"
7003.0,Massey University,Qualification Postgraduate Diploma,Arts,,Postgraduate,Postgraduate Diploma,2026,Domestic,10652.0,,,official_programme_estimate,https://www.massey.ac.nz/study/fees-and-funding/tuition-fees-for-domestic-students/,2026-05-14,"Domestic fee estimates.; HTML table 9, row 3; page_title=Tuition fees for domestic students - Massey University; raw=Qualification Postgraduate Diploma in Arts | Estimate of fees for 2026 $10,652 – $11,615; amount repaired from notes using lower_bound_from_notes_range; original_tuition_fee_nzd=202.0"
7003.0,Massey University,Qualification Postgraduate Diploma,Business,,Postgraduate,Postgraduate Diploma,2026,Domestic,6283.0,,,official_programme_estimate,https://www.massey.ac.nz/study/fees-and-funding/tuition-fees-for-domestic-students/,2026-05-14,"Domestic fee estimates.; HTML table 9, row 4; page_title=Tuition fees for domestic students - Massey University; raw=Qualification Postgraduate Diploma in Business | Estimate of fees for 2026 $6,283 – $10,652; amount repaired from notes using lower_bound_from_notes_range; original_tuition_fee_nzd=202.0"
7003.0,Massey University,Qualification Postgraduate Diploma,Clinical Supervision,,Postgraduate,Postgraduate Diploma,2026,Domestic,10652.0,,,official_programme_estimate,https://www.massey.ac.nz/study/fees-and-funding/tuition-fees-for-domestic-students/,2026-05-14,"Domestic fee estimates.; HTML table 9, row 5; page_title=Tuition fees for domestic students - Massey University; raw=Qualification Postgraduate Diploma in Clinical Supervision | Estimate of fees for 2026 $10,652; amount repaired from notes using single_amount_from_notes; original_tuition_fee_nzd=202.0"
7003.0,Massey University,Qualification Postgraduate Diploma,Communication,,Postgraduate,Postgraduate Diploma,2026,Domestic,10652.0,,,official_programme_estimate,https://www.massey.ac.nz/study/fees-and-funding/tuition-fees-for-domestic-students/,2026-05-14,"Domestic fee estimates.; HTML table 9, row 6; page_title=Tuition fees for domestic students - Massey University; raw=Qualification Postgraduate Diploma in Communication | Estimate of fees for 2026 $10,652; amount repaired from notes using single_amount_from_notes; original_tuition_fee_nzd=202.0"
7003.0,Massey University,Qualification Postgraduate Diploma,Construction,,Postgraduate,Postgraduate Diploma,2026,Domestic,11645.0,,,official_programme_estimate,https://www.massey.ac.nz/study/fees-and-funding/tuition-fees-for-domestic-students/,2026-05-14,"Domestic fee estimates.; HTML table 9, row 7; page_title=Tuition fees for domestic students - Massey University; raw=Qualification Postgraduate Diploma in Construction | Estimate of fees for 2026 $11,645; amount repaired from notes using single_amount_from_notes; original_tuition_fee_nzd=202.0"
7003.0,Massey University,Qualification Postgraduate Diploma,Counselling and Guidance Studies,,Postgraduate,Postgraduate Diploma,2026,Domestic,10652.0,,,official_programme_estimate,https://www.massey.ac.nz/study/fees-and-funding/tuition-fees-for-domestic-students/,2026-05-14,"Domestic fee estimates.; HTML table 9, row 8; page_title=Tuition fees for domestic students - Massey University; raw=Qualification Postgraduate Diploma in Counselling and Guidance Studies | Estimate of fees for 2026 $10,652; amount repaired from notes using single_amount_from_notes; original_tuition_fee_nzd=202.0"
7003.0,Massey University,Qualification Postgraduate Diploma,Design,,Postgraduate,Postgraduate Diploma,2026,Domestic,11615.0,,,official_programme_estimate,https://www.massey.ac.nz/study/fees-and-funding/tuition-fees-for-domestic-students/,2026-05-14,"Domestic fee estimates.; HTML table 9, row 9; page_title=Tuition fees for domestic students - Massey University; raw=Qualification Postgraduate Diploma in Design | Estimate of fees for 2026 $11,615; amount repaired from notes using single_amount_from_notes; original_tuition_fee_nzd=202.0"
7003.0,Massey University,Qualification Postgraduate Diploma,Education,,Postgraduate,Postgraduate Diploma,2026,Domestic,8489.0,,,official_programme_estimate,https://www.massey.ac.nz/study/fees-and-funding/tuition-fees-for-domestic-students/,2026-05-14,"Domestic fee estimates.; HTML table 9, row 10; page_title=Tuition fees for domestic students - Massey University; raw=Qualification Postgraduate Diploma in Education | Estimate of fees for 2026 $8,489 – $10,652; amount repaired from notes using lower_bound_from_notes_range; original_tuition_fee_nzd=202.0"
7003.0,Massey University,Qualification Postgraduate Diploma,Educational and Developmental Psychology,,Postgraduate,Postgraduate Diploma,2026,Domestic,11615.0,,,official_programme_estimate,https://www.massey.ac.nz/study/fees-and-funding/tuition-fees-for-domestic-students/,2026-05-14,"Domestic fee estimates.; HTML table 9, row 11; page_title=Tuition fees for domestic students - Massey University; raw=Qualification Postgraduate Diploma in Educational and Developmental Psychology | Estimate of fees for 2026 $11,615; amount repaired from notes using single_amount_from_notes; original_tuition_fee_nzd=202.0"
7003.0,Massey University,Qualification Postgraduate Diploma,Emergency Management,,Postgraduate,Postgraduate Diploma,2026,Domestic,11615.0,,,official_programme_estimate,https://www.massey.ac.nz/study/fees-and-funding/tuition-fees-for-domestic-students/,2026-05-14,"Domestic fee estimates.; HTML table 9, row 12; page_title=Tuition fees for domestic students - Massey University; raw=Qualification Postgraduate Diploma in Emergency Management | Estimate of fees for 2026 $11,615; amount repaired from notes using single_amount_from_notes; original_tuition_fee_nzd=202.0"
7003.0,Massey University,Qualification Postgraduate Diploma,Environmental Management,,Postgraduate,Postgraduate Diploma,2026,Domestic,11645.0,,,official_programme_estimate,https://www.massey.ac.nz/study/fees-and-funding/tuition-fees-for-domestic-students/,2026-05-14,"Domestic fee estimates.; HTML table 9, row 13; page_title=Tuition fees for domestic students - Massey University; raw=Qualification Postgraduate Diploma in Environmental Management | Estimate of fees for 2026 $11,645; amount repaired from notes using single_amount_from_notes; original_tuition_fee_nzd=202.0"
7003.0,Massey University,Qualification Postgraduate Diploma,Fine Arts,,Postgraduate,Postgraduate Diploma,2026,Domestic,11615.0,,,official_programme_estimate,https://www.massey.ac.nz/study/fees-and-funding/tuition-fees-for-domestic-students/,2026-05-14,"Domestic fee estimates.; HTML table 9, row 14; page_title=Tuition fees for domestic students - Massey University; raw=Qualification Postgraduate Diploma in Fine Arts | Estimate of fees for 2026 $11,615; amount repaired from notes using single_amount_from_notes; original_tuition_fee_nzd=202.0"
7003.0,Massey University,Qualification Postgraduate Diploma,Health Science,,Postgraduate,Postgraduate Diploma,2026,Domestic,10652.0,,,official_programme_estimate,https://www.massey.ac.nz/study/fees-and-funding/tuition-fees-for-domestic-students/,2026-05-14,"Domestic fee estimates.; HTML table 9, row 15; page_title=Tuition fees for domestic students - Massey University; raw=Qualification Postgraduate Diploma in Health Science | Estimate of fees for 2026 $10,652 – $11,615; amount repaired from notes using lower_bound_from_notes_range; original_tuition_fee_nzd=202.0"
7003.0,Massey University,Qualification Postgraduate Diploma,Health Service Management,,Postgraduate,Postgraduate Diploma,2026,Domestic,10652.0,,,official_programme_estimate,https://www.massey.ac.nz/study/fees-and-funding/tuition-fees-for-domestic-students/,2026-05-14,"Domestic fee estimates.; HTML table 9, row 16; page_title=Tuition fees for domestic students - Massey University; raw=Qualification Postgraduate Diploma in Health Service Management | Estimate of fees for 2026 $10,652; amount repaired from notes using single_amount_from_notes; original_tuition_fee_nzd=202.0"
7003.0,Massey University,Qualification Postgraduate Diploma,Information Sciences,,Postgraduate,Postgraduate Diploma,2026,Domestic,11615.0,,,official_programme_estimate,https://www.massey.ac.nz/study/fees-and-funding/tuition-fees-for-domestic-students/,2026-05-14,"Domestic fee estimates.; HTML table 9, row 17; page_title=Tuition fees for domestic students - Massey University; raw=Qualification Postgraduate Diploma in Information Sciences | Estimate of fees for 2026 $11,615; amount repaired from notes using single_amount_from_notes; original_tuition_fee_nzd=202.0"
7003.0,Massey University,Qualification Postgraduate Diploma,International Development,,Postgraduate,Postgraduate Diploma,2026,Domestic,10652.0,,,official_programme_estimate,https://www.massey.ac.nz/study/fees-and-funding/tuition-fees-for-domestic-students/,2026-05-14,"Domestic fee estimates.; HTML table 9, row 18; page_title=Tuition fees for domestic students - Massey University; raw=Qualification Postgraduate Diploma in International Development | Estimate of fees for 2026 $10,652; amount repaired from notes using single_amount_from_notes; original_tuition_fee_nzd=202.0"
7003.0,Massey University,Qualification Postgraduate Diploma,International Security,,Postgraduate,Postgraduate Diploma,2026,Domestic,10652.0,,,official_programme_estimate,https://www.massey.ac.nz/study/fees-and-funding/tuition-fees-for-domestic-students/,2026-05-14,"Domestic fee estimates.; HTML table 9, row 19; page_title=Tuition fees for domestic students - Massey University; raw=Qualification Postgraduate Diploma in International Security | Estimate of fees for 2026 $10,652; amount repaired from notes using single_amount_from_notes; original_tuition_fee_nzd=202.0"
7003.0,Massey University,Qualification Postgraduate Diploma,Journalism,,Postgraduate,Postgraduate Diploma,2026,Domestic,13080.0,,,official_programme_estimate,https://www.massey.ac.nz/study/fees-and-funding/tuition-fees-for-domestic-students/,2026-05-14,"Domestic fee estimates.; HTML table 9, row 20; page_title=Tuition fees for domestic students - Massey University; raw=Qualification Postgraduate Diploma in Journalism | Estimate of fees for 2026 $13,080; amount repaired from notes using single_amount_from_notes; original_tuition_fee_nzd=202.0"
7003.0,Massey University,Qualification Postgraduate Diploma,Learning Support,,Postgraduate,Postgraduate Diploma,2026,Domestic,8489.0,,,official_programme_estimate,https://www.massey.ac.nz/study/fees-and-funding/tuition-fees-for-domestic-students/,2026-05-14,"Domestic fee estimates.; HTML table 9, row 21; page_title=Tuition fees for domestic students - Massey University; raw=Qualification Postgraduate Diploma in Learning Support | Estimate of fees for 2026 $8,489; amount repaired from notes using single_amount_from_notes; original_tuition_fee_nzd=202.0"
7003.0,Massey University,Qualification Postgraduate Diploma,Māori Studies,,Postgraduate,Postgraduate Diploma,2026,Domestic,10652.0,,,official_programme_estimate,https://www.massey.ac.nz/study/fees-and-funding/tuition-fees-for-domestic-students/,2026-05-14,"Domestic fee estimates.; HTML table 9, row 22; page_title=Tuition fees for domestic students - Massey University; raw=Qualification Postgraduate Diploma in Māori Studies | Estimate of fees for 2026 $10,652; amount repaired from notes using single_amount_from_notes; original_tuition_fee_nzd=202.0"
7003.0,Massey University,Qualification Postgraduate Diploma,Māori Visual Arts,,Postgraduate,Postgraduate Diploma,2026,Domestic,11615.0,,,official_programme_estimate,https://www.massey.ac.nz/study/fees-and-funding/tuition-fees-for-domestic-students/,2026-05-14,"Domestic fee estimates.; HTML table 9, row 23; page_title=Tuition fees for domestic students - Massey University; raw=Qualification Postgraduate Diploma in Māori Visual Arts | Estimate of fees for 2026 $11,615; amount repaired from notes using single_amount_from_notes; original_tuition_fee_nzd=202.0"
7003.0,Massey University,Qualification Postgraduate Diploma,Museum Studies,,Postgraduate,Postgraduate Diploma,2026,Domestic,10652.0,,,official_programme_estimate,https://www.massey.ac.nz/study/fees-and-funding/tuition-fees-for-domestic-students/,2026-05-14,"Domestic fee estimates.; HTML table 9, row 24; page_title=Tuition fees for domestic students - Massey University; raw=Qualification Postgraduate Diploma in Museum Studies | Estimate of fees for 2026 $10,652; amount repaired from notes using single_amount_from_notes; original_tuition_fee_nzd=202.0"
7003.0,Massey University,Qualification Postgraduate Diploma,Nursing,,Postgraduate,Postgraduate Diploma,2026,Domestic,11615.0,,,official_programme_estimate,https://www.massey.ac.nz/study/fees-and-funding/tuition-fees-for-domestic-students/,2026-05-14,"Domestic fee estimates.; HTML table 9, row 25; page_title=Tuition fees for domestic students - Massey University; raw=Qualification Postgraduate Diploma in Nursing | Estimate of fees for 2026 $11,615; amount repaired from notes using single_amount_from_notes; original_tuition_fee_nzd=202.0"
7003.0,Massey University,Qualification Postgraduate Diploma,Planning,,Postgraduate,Postgraduate Diploma,2026,Domestic,11645.0,,,official_programme_estimate,https://www.massey.ac.nz/study/fees-and-funding/tuition-fees-for-domestic-students/,2026-05-14,"Domestic fee estimates.; HTML table 9, row 26; page_title=Tuition fees for domestic students - Massey University; raw=Qualification Postgraduate Diploma in Planning | Estimate of fees for 2026 $11,645; amount repaired from notes using single_amount_from_notes; original_tuition_fee_nzd=202.0"
7003.0,Massey University,Qualification Postgraduate Diploma,Psychological Practice,,Postgraduate,Postgraduate Diploma,2026,Domestic,11615.0,,,official_programme_estimate,https://www.massey.ac.nz/study/fees-and-funding/tuition-fees-for-domestic-students/,2026-05-14,"Domestic fee estimates.; HTML table 9, row 27; page_title=Tuition fees for domestic students - Massey University; raw=Qualification Postgraduate Diploma in Psychological Practice | Estimate of fees for 2026 $11,615; amount repaired from notes using single_amount_from_notes; original_tuition_fee_nzd=202.0"
7003.0,Massey University,Qualification Postgraduate Diploma,Public Health,,Postgraduate,Postgraduate Diploma,2026,Domestic,10652.0,,,official_programme_estimate,https://www.massey.ac.nz/study/fees-and-funding/tuition-fees-for-domestic-students/,2026-05-14,"Domestic fee estimates.; HTML table 9, row 28; page_title=Tuition fees for domestic students - Massey University; raw=Qualification Postgraduate Diploma in Public Health | Estimate of fees for 2026 $10,652; amount repaired from notes using single_amount_from_notes; original_tuition_fee_nzd=202.0"
7003.0,Massey University,Qualification Postgraduate Diploma,Science and Technology,,Postgraduate,Postgraduate Diploma,2026,Domestic,11615.0,,,official_programme_estimate,https://www.massey.ac.nz/study/fees-and-funding/tuition-fees-for-domestic-students/,2026-05-14,"Domestic fee estimates.; HTML table 9, row 29; page_title=Tuition fees for domestic students - Massey University; raw=Qualification Postgraduate Diploma in Science and Technology | Estimate of fees for 2026 $11,615 – $11,645; amount repaired from notes using lower_bound_from_notes_range; original_tuition_fee_nzd=202.0"
7003.0,Massey University,Qualification Postgraduate Diploma,Screen Arts,,Postgraduate,Postgraduate Diploma,2026,Domestic,11645.0,,,official_programme_estimate,https://www.massey.ac.nz/study/fees-and-funding/tuition-fees-for-domestic-students/,2026-05-14,"Domestic fee estimates.; HTML table 9, row 30; page_title=Tuition fees for domestic students - Massey University; raw=Qualification Postgraduate Diploma in Screen Arts | Estimate of fees for 2026 $11,645; amount repaired from notes using single_amount_from_notes; original_tuition_fee_nzd=202.0"
7003.0,Massey University,Qualification Postgraduate Diploma,Social Work,,Postgraduate,Postgraduate Diploma,2026,Domestic,10652.0,,,official_programme_estimate,https://www.massey.ac.nz/study/fees-and-funding/tuition-fees-for-domestic-students/,2026-05-14,"Domestic fee estimates.; HTML table 9, row 31; page_title=Tuition fees for domestic students - Massey University; raw=Qualification Postgraduate Diploma in Social Work | Estimate of fees for 2026 $10,652; amount repaired from notes using single_amount_from_notes; original_tuition_fee_nzd=202.0"
7003.0,Massey University,Qualification Postgraduate Diploma,Specialist Teaching,,Postgraduate,Postgraduate Diploma,2026,Domestic,8489.0,,,official_programme_estimate,https://www.massey.ac.nz/study/fees-and-funding/tuition-fees-for-domestic-students/,2026-05-14,"Domestic fee estimates.; HTML table 9, row 32; page_title=Tuition fees for domestic students - Massey University; raw=Qualification Postgraduate Diploma in Specialist Teaching | Estimate of fees for 2026 $8,489; amount repaired from notes using single_amount_from_notes; original_tuition_fee_nzd=202.0"
7003.0,Massey University,Qualification Postgraduate Diploma,Veterinary Science,,Postgraduate,Postgraduate Diploma,2026,Domestic,15686.0,,,official_programme_estimate,https://www.massey.ac.nz/study/fees-and-funding/tuition-fees-for-domestic-students/,2026-05-14,"Domestic fee estimates.; HTML table 9, row 33; page_title=Tuition fees for domestic students - Massey University; raw=Qualification Postgraduate Diploma in Veterinary Science | Estimate of fees for 2026 $15,686; amount repaired from notes using single_amount_from_notes; original_tuition_fee_nzd=202.0"
7003.0,Massey University,Qualification Te Aho Paerewa Postgraduate Diploma Teaching and Learning,Māori Medium,,Postgraduate,Postgraduate Diploma,2026,Domestic,8489.0,,,official_programme_estimate,https://www.massey.ac.nz/study/fees-and-funding/tuition-fees-for-domestic-students/,2026-05-14,"Domestic fee estimates.; HTML table 9, row 34; page_title=Tuition fees for domestic students - Massey University; raw=Qualification Te Aho Paerewa Postgraduate Diploma Teaching and Learning in Māori Medium | Estimate of fees for 2026 $8,489; amount repaired from notes using single_amount_from_notes; original_tuition_fee_nzd=202.0"
7003.0,Massey University,Qualification Executive Master of Business Administration,,,Postgraduate,Master,2026,Domestic,55100.0,,per year,official_programme_estimate,https://www.massey.ac.nz/study/fees-and-funding/tuition-fees-for-domestic-students/,2026-05-14,"Domestic fee estimates.; HTML table 10, row 1; page_title=Tuition fees for domestic students - Massey University; raw=Qualification Executive Master of Business Administration | Estimate of fees for 2026 $55,100 (over 2 years); amount repaired from notes using single_amount_from_notes; original_tuition_fee_nzd=202.0"
7003.0,Massey University,Qualification Master of Agribusiness,,,Postgraduate,Master,2026,Domestic,11645.0,,,official_programme_estimate,https://www.massey.ac.nz/study/fees-and-funding/tuition-fees-for-domestic-students/,2026-05-14,"Domestic fee estimates.; HTML table 10, row 2; page_title=Tuition fees for domestic students - Massey University; raw=Qualification Master of Agribusiness | Estimate of fees for 2026 $11,645; amount repaired from notes using single_amount_from_notes; original_tuition_fee_nzd=202.0"
7003.0,Massey University,Qualification Master of Analytics,,,Postgraduate,Master,2026,Domestic,16100.0,,per 180 points/credits,official_programme_estimate,https://www.massey.ac.nz/study/fees-and-funding/tuition-fees-for-domestic-students/,2026-05-14,"Domestic fee estimates.; HTML table 10, row 3; page_title=Tuition fees for domestic students - Massey University; raw=Qualification Master of Analytics | Estimate of fees for 2026 $16,100 (for 180 credits); amount repaired from notes using single_amount_from_notes; original_tuition_fee_nzd=202.0"
7003.0,Massey University,Qualification Master of Applied Linguistics,,,Postgraduate,Master,2026,Domestic,10652.0,,,official_programme_estimate,https://www.massey.ac.nz/study/fees-and-funding/tuition-fees-for-domestic-students/,2026-05-14,"Domestic fee estimates.; HTML table 10, row 4; page_title=Tuition fees for domestic students - Massey University; raw=Qualification Master of Applied Linguistics | Estimate of fees for 2026 $10,652; amount repaired from notes using single_amount_from_notes; original_tuition_fee_nzd=202.0"
7003.0,Massey University,Qualification Master of Applied Social Work,,,Postgraduate,Master,2026,Domestic,10652.0,,,official_programme_estimate,https://www.massey.ac.nz/study/fees-and-funding/tuition-fees-for-domestic-students/,2026-05-14,"Domestic fee estimates.; HTML table 10, row 5; page_title=Tuition fees for domestic students - Massey University; raw=Qualification Master of Applied Social Work | Estimate of fees for 2026 $10,652; amount repaired from notes using single_amount_from_notes; original_tuition_fee_nzd=202.0"
7003.0,Massey University,Qualification Master of Arts,,,Postgraduate,Master,2026,Domestic,10652.0,,,official_programme_estimate,https://www.massey.ac.nz/study/fees-and-funding/tuition-fees-for-domestic-students/,2026-05-14,"Domestic fee estimates.; HTML table 10, row 6; page_title=Tuition fees for domestic students - Massey University; raw=Qualification Master of Arts | Estimate of fees for 2026 $10,652 – $11,615; amount repaired from notes using lower_bound_from_notes_range; original_tuition_fee_nzd=202.0"
7003.0,Massey University,Qualification Master of Aviation,,,Postgraduate,Master,2026,Domestic,11645.0,,,official_programme_estimate,https://www.massey.ac.nz/study/fees-and-funding/tuition-fees-for-domestic-students/,2026-05-14,"Domestic fee estimates.; HTML table 10, row 7; page_title=Tuition fees for domestic students - Massey University; raw=Qualification Master of Aviation | Estimate of fees for 2026 $11,645; amount repaired from notes using single_amount_from_notes; original_tuition_fee_nzd=202.0"
7003.0,Massey University,Qualification Master of Business Administration,,,Postgraduate,Master,2026,Domestic,52300.0,,per 180 points/credits,official_programme_estimate,https://www.massey.ac.nz/study/fees-and-funding/tuition-fees-for-domestic-students/,2026-05-14,"Domestic fee estimates.; HTML table 10, row 8; page_title=Tuition fees for domestic students - Massey University; raw=Qualification Master of Business Administration | Estimate of fees for 2026 $52,300 (for 180 credits); amount repaired from notes using single_amount_from_notes; original_tuition_fee_nzd=202.0"
7003.0,Massey University,Qualification Master of Business Studies,,,Postgraduate,Master,2026,Domestic,10652.0,,,official_programme_estimate,https://www.massey.ac.nz/study/fees-and-funding/tuition-fees-for-domestic-students/,2026-05-14,"Domestic fee estimates.; HTML table 10, row 9; page_title=Tuition fees for domestic students - Massey University; raw=Qualification Master of Business Studies | Estimate of fees for 2026 $10,652; amount repaired from notes using single_amount_from_notes; original_tuition_fee_nzd=202.0"
7003.0,Massey University,Qualification Master of Clinical Practice (Nursing),,,Postgraduate,Master,2026,Domestic,11615.0,,,official_programme_estimate,https://www.massey.ac.nz/study/fees-and-funding/tuition-fees-for-domestic-students/,2026-05-14,"Domestic fee estimates.; HTML table 10, row 10; page_title=Tuition fees for domestic students - Massey University; raw=Qualification Master of Clinical Practice (Nursing) | Estimate of fees for 2026 $11,615; amount repaired from notes using single_amount_from_notes; original_tuition_fee_nzd=202.0"
7003.0,Massey University,Qualification Master of Clinical Psychology,,,Postgraduate,Master,2026,Domestic,11615.0,,,official_programme_estimate,https://www.massey.ac.nz/study/fees-and-funding/tuition-fees-for-domestic-students/,2026-05-14,"Domestic fee estimates.; HTML table 10, row 11; page_title=Tuition fees for domestic students - Massey University; raw=Qualification Master of Clinical Psychology | Estimate of fees for 2026 $11,615; amount repaired from notes using single_amount_from_notes; original_tuition_fee_nzd=202.0"
7003.0,Massey University,Qualification Master of Commercial Music,,,Postgraduate,Master,2026,Domestic,11615.0,,,official_programme_estimate,https://www.massey.ac.nz/study/fees-and-funding/tuition-fees-for-domestic-students/,2026-05-14,"Domestic fee estimates.; HTML table 10, row 12; page_title=Tuition fees for domestic students - Massey University; raw=Qualification Master of Commercial Music | Estimate of fees for 2026 $11,615; amount repaired from notes using single_amount_from_notes; original_tuition_fee_nzd=202.0"
7003.0,Massey University,Qualification Master of Communication,,,Postgraduate,Master,2026,Domestic,10652.0,,,official_programme_estimate,https://www.massey.ac.nz/study/fees-and-funding/tuition-fees-for-domestic-students/,2026-05-14,"Domestic fee estimates.; HTML table 10, row 13; page_title=Tuition fees for domestic students - Massey University; raw=Qualification Master of Communication | Estimate of fees for 2026 $10,652; amount repaired from notes using single_amount_from_notes; original_tuition_fee_nzd=202.0"
7003.0,Massey University,Qualification Master of Construction,,,Postgraduate,Master,2026,Domestic,11645.0,,,official_programme_estimate,https://www.massey.ac.nz/study/fees-and-funding/tuition-fees-for-domestic-students/,2026-05-14,"Domestic fee estimates.; HTML table 10, row 14; page_title=Tuition fees for domestic students - Massey University; raw=Qualification Master of Construction | Estimate of fees for 2026 $11,645; amount repaired from notes using single_amount_from_notes; original_tuition_fee_nzd=202.0"
7003.0,Massey University,Qualification Master of Counselling,,,Postgraduate,Master,2026,Domestic,11615.0,,,official_programme_estimate,https://www.massey.ac.nz/study/fees-and-funding/tuition-fees-for-domestic-students/,2026-05-14,"Domestic fee estimates.; HTML table 10, row 15; page_title=Tuition fees for domestic students - Massey University; raw=Qualification Master of Counselling | Estimate of fees for 2026 $11,615; amount repaired from notes using single_amount_from_notes; original_tuition_fee_nzd=202.0"
7003.0,Massey University,Qualification Master of Creative Writing,,,Postgraduate,Master,2026,Domestic,11615.0,,,official_programme_estimate,https://www.massey.ac.nz/study/fees-and-funding/tuition-fees-for-domestic-students/,2026-05-14,"Domestic fee estimates.; HTML table 10, row 16; page_title=Tuition fees for domestic students - Massey University; raw=Qualification Master of Creative Writing | Estimate of fees for 2026 $11,615; amount repaired from notes using single_amount_from_notes; original_tuition_fee_nzd=202.0"
7003.0,Massey University,Qualification Master of Dairy Science and Technology,,,Postgraduate,Master,2026,Domestic,11645.0,,,official_programme_estimate,https://www.massey.ac.nz/study/fees-and-funding/tuition-fees-for-domestic-students/,2026-05-14,"Domestic fee estimates.; HTML table 10, row 17; page_title=Tuition fees for domestic students - Massey University; raw=Qualification Master of Dairy Science and Technology | Estimate of fees for 2026 $11,645; amount repaired from notes using single_amount_from_notes; original_tuition_fee_nzd=202.0"
7003.0,Massey University,Qualification Master of Design,,,Postgraduate,Master,2026,Domestic,11615.0,,,official_programme_estimate,https://www.massey.ac.nz/study/fees-and-funding/tuition-fees-for-domestic-students/,2026-05-14,"Domestic fee estimates.; HTML table 10, row 18; page_title=Tuition fees for domestic students - Massey University; raw=Qualification Master of Design | Estimate of fees for 2026 $11,615; amount repaired from notes using single_amount_from_notes; original_tuition_fee_nzd=202.0"
7003.0,Massey University,Qualification Master of Education,,,Postgraduate,Master,2026,Domestic,8489.0,,,official_programme_estimate,https://www.massey.ac.nz/study/fees-and-funding/tuition-fees-for-domestic-students/,2026-05-14,"Domestic fee estimates.; HTML table 10, row 19; page_title=Tuition fees for domestic students - Massey University; raw=Qualification Master of Education | Estimate of fees for 2026 $8,489 – $11,615; amount repaired from notes using lower_bound_from_notes_range; original_tuition_fee_nzd=202.0"
7003.0,Massey University,Qualification Master of Educational and Developmental Psychology,,,Postgraduate,Master,2026,Domestic,11615.0,,,official_programme_estimate,https://www.massey.ac.nz/study/fees-and-funding/tuition-fees-for-domestic-students/,2026-05-14,"Domestic fee estimates.; HTML table 10, row 20; page_title=Tuition fees for domestic students - Massey University; raw=Qualification Master of Educational and Developmental Psychology | Estimate of fees for 2026 $11,615; amount repaired from notes using single_amount_from_notes; original_tuition_fee_nzd=202.0"
7003.0,Massey University,Qualification Master of Emergency Management,,,Postgraduate,Master,2026,Domestic,11615.0,,,official_programme_estimate,https://www.massey.ac.nz/study/fees-and-funding/tuition-fees-for-domestic-students/,2026-05-14,"Domestic fee estimates.; HTML table 10, row 21; page_title=Tuition fees for domestic students - Massey University; raw=Qualification Master of Emergency Management | Estimate of fees for 2026 $11,615; amount repaired from notes using single_amount_from_notes; original_tuition_fee_nzd=202.0"
7003.0,Massey University,Qualification Master of Environmental Management,,,Postgraduate,Master,2026,Domestic,9244.0,,,official_programme_estimate,https://www.massey.ac.nz/study/fees-and-funding/tuition-fees-for-domestic-students/,2026-05-14,"Domestic fee estimates.; HTML table 10, row 22; page_title=Tuition fees for domestic students - Massey University; raw=Qualification Master of Environmental Management | Estimate of fees for 2026 $9,244; amount repaired from notes using single_amount_from_notes; original_tuition_fee_nzd=202.0"
7003.0,Massey University,Qualification Master of Finance,,,Postgraduate,Master,2026,Domestic,10652.0,,per 180 points/credits,official_programme_estimate,https://www.massey.ac.nz/study/fees-and-funding/tuition-fees-for-domestic-students/,2026-05-14,"Domestic fee estimates.; HTML table 10, row 23; page_title=Tuition fees for domestic students - Massey University; raw=Qualification Master of Finance | Estimate of fees for 2026 $10,652 – $15,978 (higher amount for 180 credits); amount repaired from notes using lower_bound_from_notes_range; original_tuition_fee_nzd=202.0"
7003.0,Massey University,Qualification Master of Fine Arts,,,Postgraduate,Master,2026,Domestic,11615.0,,,official_programme_estimate,https://www.massey.ac.nz/study/fees-and-funding/tuition-fees-for-domestic-students/,2026-05-14,"Domestic fee estimates.; HTML table 10, row 24; page_title=Tuition fees for domestic students - Massey University; raw=Qualification Master of Fine Arts | Estimate of fees for 2026 $11,615; amount repaired from notes using single_amount_from_notes; original_tuition_fee_nzd=202.0"
7003.0,Massey University,Qualification Master of Food Safety and Quality,,,Postgraduate,Master,2026,Domestic,9244.0,,,official_programme_estimate,https://www.massey.ac.nz/study/fees-and-funding/tuition-fees-for-domestic-students/,2026-05-14,"Domestic fee estimates.; HTML table 10, row 25; page_title=Tuition fees for domestic students - Massey University; raw=Qualification Master of Food Safety and Quality | Estimate of fees for 2026 $9,244; amount repaired from notes using single_amount_from_notes; original_tuition_fee_nzd=202.0"
7003.0,Massey University,Qualification Master of Food Technology,,,Postgraduate,Master,2026,Domestic,11645.0,,,official_programme_estimate,https://www.massey.ac.nz/study/fees-and-funding/tuition-fees-for-domestic-students/,2026-05-14,"Domestic fee estimates.; HTML table 10, row 26; page_title=Tuition fees for domestic students - Massey University; raw=Qualification Master of Food Technology | Estimate of fees for 2026 $11,645; amount repaired from notes using single_amount_from_notes; original_tuition_fee_nzd=202.0"
7003.0,Massey University,Qualification Master of Health Science,,,Postgraduate,Master,2026,Domestic,8943.0,,,official_programme_estimate,https://www.massey.ac.nz/study/fees-and-funding/tuition-fees-for-domestic-students/,2026-05-14,"Domestic fee estimates.; HTML table 10, row 27; page_title=Tuition fees for domestic students - Massey University; raw=Qualification Master of Health Science | Estimate of fees for 2026 $8,943 – $11,645; amount repaired from notes using lower_bound_from_notes_range; original_tuition_fee_nzd=202.0"
7003.0,Massey University,Qualification Master of Health Service Management,,,Postgraduate,Master,2026,Domestic,10652.0,,,official_programme_estimate,https://www.massey.ac.nz/study/fees-and-funding/tuition-fees-for-domestic-students/,2026-05-14,"Domestic fee estimates.; HTML table 10, row 28; page_title=Tuition fees for domestic students - Massey University; raw=Qualification Master of Health Service Management | Estimate of fees for 2026 $10,652; amount repaired from notes using single_amount_from_notes; original_tuition_fee_nzd=202.0"
7003.0,Massey University,Qualification Master of Information Sciences,,,Postgraduate,Master,2026,Domestic,11615.0,,,official_programme_estimate,https://www.massey.ac.nz/study/fees-and-funding/tuition-fees-for-domestic-students/,2026-05-14,"Domestic fee estimates.; HTML table 10, row 29; page_title=Tuition fees for domestic students - Massey University; raw=Qualification Master of Information Sciences | Estimate of fees for 2026 $11,615; amount repaired from notes using single_amount_from_notes; original_tuition_fee_nzd=202.0"
7003.0,Massey University,Qualification Master of International Development,,,Postgraduate,Master,2026,Domestic,10652.0,,,official_programme_estimate,https://www.massey.ac.nz/study/fees-and-funding/tuition-fees-for-domestic-students/,2026-05-14,"Domestic fee estimates.; HTML table 10, row 30; page_title=Tuition fees for domestic students - Massey University; raw=Qualification Master of International Development | Estimate of fees for 2026 $10,652; amount repaired from notes using single_amount_from_notes; original_tuition_fee_nzd=202.0"
7003.0,Massey University,Qualification Master of International Security,,,Postgraduate,Master,2026,Domestic,8066.0,,,official_programme_estimate,https://www.massey.ac.nz/study/fees-and-funding/tuition-fees-for-domestic-students/,2026-05-14,"Domestic fee estimates.; HTML table 10, row 31; page_title=Tuition fees for domestic students - Massey University; raw=Qualification Master of International Security | Estimate of fees for 2026 $8,066; amount repaired from notes using single_amount_from_notes; original_tuition_fee_nzd=202.0"
7003.0,Massey University,Qualification Master of Management,,,Postgraduate,Master,2026,Domestic,10680.0,,per 180 points/credits,official_programme_estimate,https://www.massey.ac.nz/study/fees-and-funding/tuition-fees-for-domestic-students/,2026-05-14,"Domestic fee estimates.; HTML table 10, row 32; page_title=Tuition fees for domestic students - Massey University; raw=Qualification Master of Management | Estimate of fees for 2026 $10,680 – $16,010 (higher amount for 180 credits); amount repaired from notes using lower_bound_from_notes_range; original_tuition_fee_nzd=202.0"
7003.0,Massey University,Qualification Master of Māori Studies,,,Postgraduate,Master,2026,Domestic,10652.0,,,official_programme_estimate,https://www.massey.ac.nz/study/fees-and-funding/tuition-fees-for-domestic-students/,2026-05-14,"Domestic fee estimates.; HTML table 10, row 33; page_title=Tuition fees for domestic students - Massey University; raw=Qualification Master of Māori Studies | Estimate of fees for 2026 $10,652; amount repaired from notes using single_amount_from_notes; original_tuition_fee_nzd=202.0"
7003.0,Massey University,Qualification Master of Māori Visual Arts,,,Postgraduate,Master,2026,Domestic,11615.0,,,official_programme_estimate,https://www.massey.ac.nz/study/fees-and-funding/tuition-fees-for-domestic-students/,2026-05-14,"Domestic fee estimates.; HTML table 10, row 34; page_title=Tuition fees for domestic students - Massey University; raw=Qualification Master of Māori Visual Arts | Estimate of fees for 2026 $11,615; amount repaired from notes using single_amount_from_notes; original_tuition_fee_nzd=202.0"
7003.0,Massey University,Qualification Master of Nursing,,,Postgraduate,Master,2026,Domestic,11615.0,,,official_programme_estimate,https://www.massey.ac.nz/study/fees-and-funding/tuition-fees-for-domestic-students/,2026-05-14,"Domestic fee estimates.; HTML table 10, row 35; page_title=Tuition fees for domestic students - Massey University; raw=Qualification Master of Nursing | Estimate of fees for 2026 $11,615; amount repaired from notes using single_amount_from_notes; original_tuition_fee_nzd=202.0"
7003.0,Massey University,Qualification Master of Professional Accountancy,,,Postgraduate,Master,2026,Domestic,24186.0,,,official_programme_estimate,https://www.massey.ac.nz/study/fees-and-funding/tuition-fees-for-domestic-students/,2026-05-14,"Domestic fee estimates.; HTML table 10, row 36; page_title=Tuition fees for domestic students - Massey University; raw=Qualification Master of Professional Accountancy | Estimate of fees for 2026 $24,186; amount repaired from notes using single_amount_from_notes; original_tuition_fee_nzd=202.0"
7003.0,Massey University,Qualification Master of Professional Accountancy (Chartered Accountant),,,Postgraduate,Master,2026,Domestic,24186.0,,,official_programme_estimate,https://www.massey.ac.nz/study/fees-and-funding/tuition-fees-for-domestic-students/,2026-05-14,"Domestic fee estimates.; HTML table 10, row 37; page_title=Tuition fees for domestic students - Massey University; raw=Qualification Master of Professional Accountancy (Chartered Accountant) | Estimate of fees for 2026 $24,186; amount repaired from notes using single_amount_from_notes; original_tuition_fee_nzd=202.0"
7003.0,Massey University,Qualification Master of Public Health,,,Postgraduate,Master,2026,Domestic,10652.0,,,official_programme_estimate,https://www.massey.ac.nz/study/fees-and-funding/tuition-fees-for-domestic-students/,2026-05-14,"Domestic fee estimates.; HTML table 10, row 38; page_title=Tuition fees for domestic students - Massey University; raw=Qualification Master of Public Health | Estimate of fees for 2026 $10,652; amount repaired from notes using single_amount_from_notes; original_tuition_fee_nzd=202.0"
7003.0,Massey University,Qualification Master of Resource and Environmental Planning,,,Postgraduate,Master,2026,Domestic,11645.0,,,official_programme_estimate,https://www.massey.ac.nz/study/fees-and-funding/tuition-fees-for-domestic-students/,2026-05-14,"Domestic fee estimates.; HTML table 10, row 39; page_title=Tuition fees for domestic students - Massey University; raw=Qualification Master of Resource and Environmental Planning | Estimate of fees for 2026 $11,645; amount repaired from notes using single_amount_from_notes; original_tuition_fee_nzd=202.0"
7003.0,Massey University,Qualification Master of Science,,,Postgraduate,Master,2026,Domestic,10652.0,,,official_programme_estimate,https://www.massey.ac.nz/study/fees-and-funding/tuition-fees-for-domestic-students/,2026-05-14,"Domestic fee estimates.; HTML table 10, row 40; page_title=Tuition fees for domestic students - Massey University; raw=Qualification Master of Science | Estimate of fees for 2026 $10,652 – $13,945; amount repaired from notes using lower_bound_from_notes_range; original_tuition_fee_nzd=202.0"
7003.0,Massey University,Qualification Master of Screen Arts,,,Postgraduate,Master,2026,Domestic,11645.0,,,official_programme_estimate,https://www.massey.ac.nz/study/fees-and-funding/tuition-fees-for-domestic-students/,2026-05-14,"Domestic fee estimates.; HTML table 10, row 41; page_title=Tuition fees for domestic students - Massey University; raw=Qualification Master of Screen Arts | Estimate of fees for 2026 $11,645; amount repaired from notes using single_amount_from_notes; original_tuition_fee_nzd=202.0"
7003.0,Massey University,Qualification Master of Social Work,,,Postgraduate,Master,2026,Domestic,10652.0,,,official_programme_estimate,https://www.massey.ac.nz/study/fees-and-funding/tuition-fees-for-domestic-students/,2026-05-14,"Domestic fee estimates.; HTML table 10, row 42; page_title=Tuition fees for domestic students - Massey University; raw=Qualification Master of Social Work | Estimate of fees for 2026 $10,652; amount repaired from notes using single_amount_from_notes; original_tuition_fee_nzd=202.0"
7003.0,Massey University,Qualification Master of Specialist Teaching,,,Postgraduate,Master,2026,Domestic,8489.0,,,official_programme_estimate,https://www.massey.ac.nz/study/fees-and-funding/tuition-fees-for-domestic-students/,2026-05-14,"Domestic fee estimates.; HTML table 10, row 43; page_title=Tuition fees for domestic students - Massey University; raw=Qualification Master of Specialist Teaching | Estimate of fees for 2026 $8,489; amount repaired from notes using single_amount_from_notes; original_tuition_fee_nzd=202.0"
7003.0,Massey University,Qualification Master of Speech and Language Therapy,,,Postgraduate,Master,2026,Domestic,11645.0,,,official_programme_estimate,https://www.massey.ac.nz/study/fees-and-funding/tuition-fees-for-domestic-students/,2026-05-14,"Domestic fee estimates.; HTML table 10, row 44; page_title=Tuition fees for domestic students - Massey University; raw=Qualification Master of Speech and Language Therapy | Estimate of fees for 2026 $11,645; amount repaired from notes using single_amount_from_notes; original_tuition_fee_nzd=202.0"
7003.0,Massey University,Qualification Master of Sustainable Development Goals,,,Postgraduate,Master,2026,Domestic,10652.0,,,official_programme_estimate,https://www.massey.ac.nz/study/fees-and-funding/tuition-fees-for-domestic-students/,2026-05-14,"Domestic fee estimates.; HTML table 10, row 45; page_title=Tuition fees for domestic students - Massey University; raw=Qualification Master of Sustainable Development Goals | Estimate of fees for 2026 $10,652 – $11,645; amount repaired from notes using lower_bound_from_notes_range; original_tuition_fee_nzd=202.0"
7003.0,Massey University,Qualification Master of Veterinary Medicine,,,Postgraduate,Master,2026,Domestic,15686.0,,,official_programme_estimate,https://www.massey.ac.nz/study/fees-and-funding/tuition-fees-for-domestic-students/,2026-05-14,"Domestic fee estimates.; HTML table 10, row 46; page_title=Tuition fees for domestic students - Massey University; raw=Qualification Master of Veterinary Medicine | Estimate of fees for 2026 $15,686; amount repaired from notes using single_amount_from_notes; original_tuition_fee_nzd=202.0"
7003.0,Massey University,Qualification Master of Veterinary Studies,,,Postgraduate,Master,2026,Domestic,15686.0,,,official_programme_estimate,https://www.massey.ac.nz/study/fees-and-funding/tuition-fees-for-domestic-students/,2026-05-14,"Domestic fee estimates.; HTML table 10, row 47; page_title=Tuition fees for domestic students - Massey University; raw=Qualification Master of Veterinary Studies | Estimate of fees for 2026 $15,686; amount repaired from notes using single_amount_from_notes; original_tuition_fee_nzd=202.0"
7003.0,Massey University,Qualification Doctor of Clinical Psychology,,,,Doctoral,2026,Domestic,11615.0,,,official_programme_estimate,https://www.massey.ac.nz/study/fees-and-funding/tuition-fees-for-domestic-students/,2026-05-14,"Domestic fee estimates.; HTML table 11, row 1; page_title=Tuition fees for domestic students - Massey University; raw=Qualification Doctor of Clinical Psychology | Estimate of fees for 2026 $11,615; amount repaired from notes using single_amount_from_notes; original_tuition_fee_nzd=202.0"
7003.0,Massey University,Qualification Doctor of Philosophy,,,Doctoral,Doctor of Philosophy,2026,Domestic,8066.0,,,official_programme_estimate,https://www.massey.ac.nz/study/fees-and-funding/tuition-fees-for-domestic-students/,2026-05-14,"Domestic fee estimates.; HTML table 11, row 2; page_title=Tuition fees for domestic students - Massey University; raw=Qualification Doctor of Philosophy | Estimate of fees for 2026 $8,066; amount repaired from notes using single_amount_from_notes; original_tuition_fee_nzd=202.0"
7003.0,Massey University,Pre-degree qualification type English language short course,,,Pathway / Foundation,English Language,2026,International,2495.0,2495.0,per course / short course,official_programme_estimate,https://www.massey.ac.nz/study/fees-and-funding/tuition-fees-for-international-students/,2026-05-14,"International fee estimates.; HTML table 1, row 1; page_title=Tuition fees for international students - Massey University; raw=Pre-degree qualification type English language short course | Length of study 5 weeks modules | Estimate of total tuition fees for 2026 $2,495 ; repaired: Massey dollar amount extracted from raw text."
7003.0,Massey University,Pre-degree qualification type English Academic Purposes,,,,,2026,International,6288.0,6288.0,per course / short course,official_programme_estimate,https://www.massey.ac.nz/study/fees-and-funding/tuition-fees-for-international-students/,2026-05-14,"International fee estimates.; HTML table 1, row 2; page_title=Tuition fees for international students - Massey University; raw=Pre-degree qualification type English Academic Purposes | Length of study 10 weeks | Estimate of total tuition fees for 2026 $6,288 ; repaired: Massey dollar amount extracted from raw text."
7003.0,Massey University,Pre-degree qualification type Certificate,Foundation Studies,,Pathway / Foundation,Certificate,2026,International,30800.0,30800.0,per course / short course,official_programme_estimate,https://www.massey.ac.nz/study/fees-and-funding/tuition-fees-for-international-students/,2026-05-14,"International fee estimates.; HTML table 1, row 3; page_title=Tuition fees for international students - Massey University; raw=Pre-degree qualification type Certificate in Foundation Studies | Length of study 1 year | Estimate of total tuition fees for 2026 $30,800 ; repaired: Massey dollar amount extracted from raw text."
7003.0,Massey University,Pre-degree qualification type Certificate of University Preparation,,,Certificate,Certificate,2026,International,15400.0,15400.0,per course / short course,official_programme_estimate,https://www.massey.ac.nz/study/fees-and-funding/tuition-fees-for-international-students/,2026-05-14,"International fee estimates.; HTML table 1, row 4; page_title=Tuition fees for international students - Massey University; raw=Pre-degree qualification type Certificate of University Preparation | Length of study 1 semester | Estimate of total tuition fees for 2026 $15,400 ; repaired: Massey dollar amount extracted from raw text."
7003.0,Massey University,Pre-degree qualification type Foundation Certificate (International),,,Pathway / Foundation,Certificate,2026,International,30800.0,30800.0,per course / short course,official_programme_estimate,https://www.massey.ac.nz/study/fees-and-funding/tuition-fees-for-international-students/,2026-05-14,"International fee estimates.; HTML table 1, row 5; page_title=Tuition fees for international students - Massey University; raw=Pre-degree qualification type Foundation Certificate (International) | Length of study 1 semester | Estimate of total tuition fees for 2026 $30,800 ; repaired: Massey dollar amount extracted from raw text."
7003.0,Massey University,Pre-degree qualification type Foundation Certificate (International,Accelerated),,Pathway / Foundation,Certificate,2026,International,15400.0,15400.0,per course / short course,official_programme_estimate,https://www.massey.ac.nz/study/fees-and-funding/tuition-fees-for-international-students/,2026-05-14,"International fee estimates.; HTML table 1, row 6; page_title=Tuition fees for international students - Massey University; raw=Pre-degree qualification type Foundation Certificate (International - Accelerated) | Length of study 1 year | Estimate of total tuition fees for 2026 $15,400 ; repaired: Massey dollar amount extracted from raw text."
7003.0,Massey University,Qualification Bachelor of Accountancy,,,Undergraduate,Bachelor,2026,International,38080.0,,,official_programme_estimate,https://www.massey.ac.nz/study/fees-and-funding/tuition-fees-for-international-students/,2026-05-14,"International fee estimates.; HTML table 2, row 1; page_title=Tuition fees for international students - Massey University; raw=Qualification Bachelor of Accountancy | Estimate of fees for 2026 $38,080; amount repaired from notes using single_amount_from_notes; original_tuition_fee_nzd=202.0"
7003.0,Massey University,Qualification Bachelor of Agribusiness,,,Undergraduate,Bachelor,2026,International,38080.0,,,official_programme_estimate,https://www.massey.ac.nz/study/fees-and-funding/tuition-fees-for-international-students/,2026-05-14,"International fee estimates.; HTML table 2, row 2; page_title=Tuition fees for international students - Massey University; raw=Qualification Bachelor of Agribusiness | Estimate of fees for 2026 $38,080 – $42,300; amount repaired from notes using lower_bound_from_notes_range; original_tuition_fee_nzd=202.0"
7003.0,Massey University,Qualification Bachelor of Agricultural Science,,,Undergraduate,Bachelor,2026,International,42300.0,,,official_programme_estimate,https://www.massey.ac.nz/study/fees-and-funding/tuition-fees-for-international-students/,2026-05-14,"International fee estimates.; HTML table 2, row 3; page_title=Tuition fees for international students - Massey University; raw=Qualification Bachelor of Agricultural Science | Estimate of fees for 2026 $42,300; amount repaired from notes using single_amount_from_notes; original_tuition_fee_nzd=202.0"
7003.0,Massey University,Qualification Bachelor of Animal Science,,,Undergraduate,Bachelor,2026,International,42300.0,,,official_programme_estimate,https://www.massey.ac.nz/study/fees-and-funding/tuition-fees-for-international-students/,2026-05-14,"International fee estimates.; HTML table 2, row 4; page_title=Tuition fees for international students - Massey University; raw=Qualification Bachelor of Animal Science | Estimate of fees for 2026 $42,300; amount repaired from notes using single_amount_from_notes; original_tuition_fee_nzd=202.0"
7003.0,Massey University,Qualification Bachelor of Arts,,,Undergraduate,Bachelor,2026,International,34220.0,,,official_programme_estimate,https://www.massey.ac.nz/study/fees-and-funding/tuition-fees-for-international-students/,2026-05-14,"International fee estimates.; HTML table 2, row 5; page_title=Tuition fees for international students - Massey University; raw=Qualification Bachelor of Arts | Estimate of fees for 2026 $34,220 – $42,300; amount repaired from notes using lower_bound_from_notes_range; original_tuition_fee_nzd=202.0"
7003.0,Massey University,Qualification Bachelor of Aviation Management,,,Undergraduate,Bachelor,2026,International,38080.0,,,official_programme_estimate,https://www.massey.ac.nz/study/fees-and-funding/tuition-fees-for-international-students/,2026-05-14,"International fee estimates.; HTML table 2, row 7; page_title=Tuition fees for international students - Massey University; raw=Qualification Bachelor of Aviation Management | Estimate of fees for 2026 $38,080; amount repaired from notes using single_amount_from_notes; original_tuition_fee_nzd=202.0"
7003.0,Massey University,Qualification Bachelor of Business,,,Undergraduate,Bachelor,2026,International,38080.0,,,official_programme_estimate,https://www.massey.ac.nz/study/fees-and-funding/tuition-fees-for-international-students/,2026-05-14,"International fee estimates.; HTML table 2, row 8; page_title=Tuition fees for international students - Massey University; raw=Qualification Bachelor of Business | Estimate of fees for 2026 $38,080; amount repaired from notes using single_amount_from_notes; original_tuition_fee_nzd=202.0"
7003.0,Massey University,Qualification Bachelor of Commercial Music,,,Undergraduate,Bachelor,2026,International,42110.0,,,official_programme_estimate,https://www.massey.ac.nz/study/fees-and-funding/tuition-fees-for-international-students/,2026-05-14,"International fee estimates.; HTML table 2, row 9; page_title=Tuition fees for international students - Massey University; raw=Qualification Bachelor of Commercial Music | Estimate of fees for 2026 $42,110; amount repaired from notes using single_amount_from_notes; original_tuition_fee_nzd=202.0"
7003.0,Massey University,Qualification Bachelor of Communication,,,Undergraduate,Bachelor,2026,International,38080.0,,,official_programme_estimate,https://www.massey.ac.nz/study/fees-and-funding/tuition-fees-for-international-students/,2026-05-14,"International fee estimates.; HTML table 2, row 10; page_title=Tuition fees for international students - Massey University; raw=Qualification Bachelor of Communication | Estimate of fees for 2026 $38,080 – $42,110; amount repaired from notes using lower_bound_from_notes_range; original_tuition_fee_nzd=202.0"
7003.0,Massey University,Qualification Bachelor of Construction,,,Undergraduate,Bachelor,2026,International,45580.0,,,official_programme_estimate,https://www.massey.ac.nz/study/fees-and-funding/tuition-fees-for-international-students/,2026-05-14,"International fee estimates.; HTML table 2, row 11; page_title=Tuition fees for international students - Massey University; raw=Qualification Bachelor of Construction | Estimate of fees for 2026 $45,580; amount repaired from notes using single_amount_from_notes; original_tuition_fee_nzd=202.0"
7003.0,Massey University,Qualification Bachelor of Design,,,Undergraduate,Bachelor,2026,International,42110.0,,,official_programme_estimate,https://www.massey.ac.nz/study/fees-and-funding/tuition-fees-for-international-students/,2026-05-14,"International fee estimates.; HTML table 2, row 12; page_title=Tuition fees for international students - Massey University; raw=Qualification Bachelor of Design | Estimate of fees for 2026 $42,110 – $45,580; amount repaired from notes using lower_bound_from_notes_range; original_tuition_fee_nzd=202.0"
7003.0,Massey University,Qualification Bachelor of Earth and Environmental Science,,,Undergraduate,Bachelor,2026,International,42300.0,,,official_programme_estimate,https://www.massey.ac.nz/study/fees-and-funding/tuition-fees-for-international-students/,2026-05-14,"International fee estimates.; HTML table 2, row 13; page_title=Tuition fees for international students - Massey University; raw=Qualification Bachelor of Earth and Environmental Science | Estimate of fees for 2026 $42,300; amount repaired from notes using single_amount_from_notes; original_tuition_fee_nzd=202.0"
7003.0,Massey University,Qualification Bachelor of Fine Arts,,,Undergraduate,Bachelor,2026,International,42110.0,,,official_programme_estimate,https://www.massey.ac.nz/study/fees-and-funding/tuition-fees-for-international-students/,2026-05-14,"International fee estimates.; HTML table 2, row 14; page_title=Tuition fees for international students - Massey University; raw=Qualification Bachelor of Fine Arts | Estimate of fees for 2026 $42,110; amount repaired from notes using single_amount_from_notes; original_tuition_fee_nzd=202.0"
7003.0,Massey University,Qualification Bachelor of Horticultural and Plant Systems,,,Undergraduate,Bachelor,2026,International,34220.0,,,official_programme_estimate,https://www.massey.ac.nz/study/fees-and-funding/tuition-fees-for-international-students/,2026-05-14,"International fee estimates.; HTML table 2, row 15; page_title=Tuition fees for international students - Massey University; raw=Qualification Bachelor of Horticultural and Plant Systems | Estimate of fees for 2026 $34,220 – $42,300; amount repaired from notes using lower_bound_from_notes_range; original_tuition_fee_nzd=202.0"
7003.0,Massey University,Qualification Bachelor of Information Sciences,,,Undergraduate,Bachelor,2026,International,41010.0,,,official_programme_estimate,https://www.massey.ac.nz/study/fees-and-funding/tuition-fees-for-international-students/,2026-05-14,"International fee estimates.; HTML table 2, row 16; page_title=Tuition fees for international students - Massey University; raw=Qualification Bachelor of Information Sciences | Estimate of fees for 2026 $41,010 – $46,100; amount repaired from notes using lower_bound_from_notes_range; original_tuition_fee_nzd=202.0"
7003.0,Massey University,Qualification Bachelor of Resource and Environmental Planning,,,Undergraduate,Bachelor,2026,International,45580.0,,,official_programme_estimate,https://www.massey.ac.nz/study/fees-and-funding/tuition-fees-for-international-students/,2026-05-14,"International fee estimates.; HTML table 2, row 17; page_title=Tuition fees for international students - Massey University; raw=Qualification Bachelor of Resource and Environmental Planning | Estimate of fees for 2026 $45,580; amount repaired from notes using single_amount_from_notes; original_tuition_fee_nzd=202.0"
7003.0,Massey University,Qualification Bachelor of Science,,,Undergraduate,Bachelor,2026,International,34220.0,,,official_programme_estimate,https://www.massey.ac.nz/study/fees-and-funding/tuition-fees-for-international-students/,2026-05-14,"International fee estimates.; HTML table 2, row 18; page_title=Tuition fees for international students - Massey University; raw=Qualification Bachelor of Science | Estimate of fees for 2026 $34,220 – $42,300; amount repaired from notes using lower_bound_from_notes_range; original_tuition_fee_nzd=202.0"
7003.0,Massey University,Qualification Bachelor of Screen Arts,,,Undergraduate,Bachelor,2026,International,45580.0,,,official_programme_estimate,https://www.massey.ac.nz/study/fees-and-funding/tuition-fees-for-international-students/,2026-05-14,"International fee estimates.; HTML table 2, row 19; page_title=Tuition fees for international students - Massey University; raw=Qualification Bachelor of Screen Arts | Estimate of fees for 2026 $45,580; amount repaired from notes using single_amount_from_notes; original_tuition_fee_nzd=202.0"
7003.0,Massey University,Qualification Bachelor of Sport and Exercise,,,Undergraduate,Bachelor,2026,International,42300.0,,,official_programme_estimate,https://www.massey.ac.nz/study/fees-and-funding/tuition-fees-for-international-students/,2026-05-14,"International fee estimates.; HTML table 2, row 20; page_title=Tuition fees for international students - Massey University; raw=Qualification Bachelor of Sport and Exercise | Estimate of fees for 2026 $42,300; amount repaired from notes using single_amount_from_notes; original_tuition_fee_nzd=202.0"
7003.0,Massey University,Qualification Bachelor of Veterinary Science,,,Undergraduate,Bachelor,2026,International,84220.0,,,official_programme_estimate,https://www.massey.ac.nz/study/fees-and-funding/tuition-fees-for-international-students/,2026-05-14,"International fee estimates.; HTML table 2, row 21; page_title=Tuition fees for international students - Massey University; raw=Qualification Bachelor of Veterinary Science | Estimate of fees for 2026 $84,220; amount repaired from notes using single_amount_from_notes; original_tuition_fee_nzd=202.0"
7003.0,Massey University,Qualification Bachelor of Veterinary Science Pre-Selection Semester,,,Undergraduate,Bachelor,2026,International,42300.0,,,official_programme_estimate,https://www.massey.ac.nz/study/fees-and-funding/tuition-fees-for-international-students/,2026-05-14,"International fee estimates.; HTML table 2, row 22; page_title=Tuition fees for international students - Massey University; raw=Qualification Bachelor of Veterinary Science Pre-Selection Semester | Estimate of fees for 2026 $42,300; amount repaired from notes using single_amount_from_notes; original_tuition_fee_nzd=202.0"
7003.0,Massey University,Qualification Bachelor of Commercial Music (Honours),,,Undergraduate,Bachelor with Honours,2026,International,46100.0,,,official_programme_estimate,https://www.massey.ac.nz/study/fees-and-funding/tuition-fees-for-international-students/,2026-05-14,"International fee estimates.; HTML table 3, row 1; page_title=Tuition fees for international students - Massey University; raw=Qualification Bachelor of Commercial Music (Honours) | Estimate of fees for 2026 $46,100; amount repaired from notes using single_amount_from_notes; original_tuition_fee_nzd=202.0"
7003.0,Massey University,Qualification Bachelor of Construction (Honours),,,Undergraduate,Bachelor with Honours,2026,International,50190.0,,,official_programme_estimate,https://www.massey.ac.nz/study/fees-and-funding/tuition-fees-for-international-students/,2026-05-14,"International fee estimates.; HTML table 3, row 2; page_title=Tuition fees for international students - Massey University; raw=Qualification Bachelor of Construction (Honours) | Estimate of fees for 2026 $50,190; amount repaired from notes using single_amount_from_notes; original_tuition_fee_nzd=202.0"
7003.0,Massey University,Qualification Bachelor of Design with Honours,,,Undergraduate,Bachelor with Honours,2026,International,42110.0,,,official_programme_estimate,https://www.massey.ac.nz/study/fees-and-funding/tuition-fees-for-international-students/,2026-05-14,"International fee estimates.; HTML table 3, row 3; page_title=Tuition fees for international students - Massey University; raw=Qualification Bachelor of Design with Honours | Estimate of fees for 2026 $42,110; amount repaired from notes using single_amount_from_notes; original_tuition_fee_nzd=202.0"
7003.0,Massey University,Qualification Bachelor of Fine Arts with Honours,,,Undergraduate,Bachelor with Honours,2026,International,42110.0,,,official_programme_estimate,https://www.massey.ac.nz/study/fees-and-funding/tuition-fees-for-international-students/,2026-05-14,"International fee estimates.; HTML table 3, row 4; page_title=Tuition fees for international students - Massey University; raw=Qualification Bachelor of Fine Arts with Honours | Estimate of fees for 2026 $42,110; amount repaired from notes using single_amount_from_notes; original_tuition_fee_nzd=202.0"
7003.0,Massey University,Qualification Bachelor of Food Technology with Honours,,,Undergraduate,Bachelor with Honours,2026,International,45580.0,,,official_programme_estimate,https://www.massey.ac.nz/study/fees-and-funding/tuition-fees-for-international-students/,2026-05-14,"International fee estimates.; HTML table 3, row 5; page_title=Tuition fees for international students - Massey University; raw=Qualification Bachelor of Food Technology with Honours | Estimate of fees for 2026 $45,580; amount repaired from notes using single_amount_from_notes; original_tuition_fee_nzd=202.0"
7003.0,Massey University,Qualification Certificate,Arts,,Certificate,Certificate,2026,International,17110.0,,,official_programme_estimate,https://www.massey.ac.nz/study/fees-and-funding/tuition-fees-for-international-students/,2026-05-14,"International fee estimates.; HTML table 4, row 1; page_title=Tuition fees for international students - Massey University; raw=Qualification Certificate in Arts | Estimate of fees for 2026 $17,110; amount repaired from notes using single_amount_from_notes; original_tuition_fee_nzd=202.0"
7003.0,Massey University,Qualification Certificate,Border and Biosecurity,,Certificate,Certificate,2026,International,17110.0,,,official_programme_estimate,https://www.massey.ac.nz/study/fees-and-funding/tuition-fees-for-international-students/,2026-05-14,"International fee estimates.; HTML table 4, row 2; page_title=Tuition fees for international students - Massey University; raw=Qualification Certificate in Border and Biosecurity | Estimate of fees for 2026 $17,110; amount repaired from notes using single_amount_from_notes; original_tuition_fee_nzd=202.0"
7003.0,Massey University,Qualification Certificate,Business Studies,,Certificate,Certificate,2026,International,19040.0,,,official_programme_estimate,https://www.massey.ac.nz/study/fees-and-funding/tuition-fees-for-international-students/,2026-05-14,"International fee estimates.; HTML table 4, row 3; page_title=Tuition fees for international students - Massey University; raw=Qualification Certificate in Business Studies | Estimate of fees for 2026 $19,040; amount repaired from notes using single_amount_from_notes; original_tuition_fee_nzd=202.0"
7003.0,Massey University,Qualification Certificate,Creative Arts,,Certificate,Certificate,2026,International,22790.0,,,official_programme_estimate,https://www.massey.ac.nz/study/fees-and-funding/tuition-fees-for-international-students/,2026-05-14,"International fee estimates.; HTML table 4, row 4; page_title=Tuition fees for international students - Massey University; raw=Qualification Certificate in Creative Arts | Estimate of fees for 2026 $22,790; amount repaired from notes using single_amount_from_notes; original_tuition_fee_nzd=202.0"
7003.0,Massey University,Qualification Certificate,Science and Technology,,Certificate,Certificate,2026,International,21150.0,,,official_programme_estimate,https://www.massey.ac.nz/study/fees-and-funding/tuition-fees-for-international-students/,2026-05-14,"International fee estimates.; HTML table 4, row 5; page_title=Tuition fees for international students - Massey University; raw=Qualification Certificate in Science and Technology | Estimate of fees for 2026 $21,150; amount repaired from notes using single_amount_from_notes; original_tuition_fee_nzd=202.0"
7003.0,Massey University,Qualification Graduate Certificate,Arts,,Postgraduate,Graduate Certificate,2026,International,17110.0,,,official_programme_estimate,https://www.massey.ac.nz/study/fees-and-funding/tuition-fees-for-international-students/,2026-05-14,"International fee estimates.; HTML table 5, row 1; page_title=Tuition fees for international students - Massey University; raw=Qualification Graduate Certificate in Arts | Estimate of fees for 2026 $17,110; amount repaired from notes using single_amount_from_notes; original_tuition_fee_nzd=202.0"
7003.0,Massey University,Qualification Graduate Certificate,Emergency Management,,Postgraduate,Graduate Certificate,2026,International,21150.0,,,official_programme_estimate,https://www.massey.ac.nz/study/fees-and-funding/tuition-fees-for-international-students/,2026-05-14,"International fee estimates.; HTML table 5, row 2; page_title=Tuition fees for international students - Massey University; raw=Qualification Graduate Certificate in Emergency Management | Estimate of fees for 2026 $21,150; amount repaired from notes using single_amount_from_notes; original_tuition_fee_nzd=202.0"
7003.0,Massey University,Qualification Graduate Certificate,Science and Technology,,Postgraduate,Graduate Certificate,2026,International,21150.0,,,official_programme_estimate,https://www.massey.ac.nz/study/fees-and-funding/tuition-fees-for-international-students/,2026-05-14,"International fee estimates.; HTML table 5, row 3; page_title=Tuition fees for international students - Massey University; raw=Qualification Graduate Certificate in Science and Technology | Estimate of fees for 2026 $21,150 – $25,095; amount repaired from notes using lower_bound_from_notes_range; original_tuition_fee_nzd=202.0"
7003.0,Massey University,Qualification Postgraduate Certificate,Arts,,Postgraduate,Postgraduate Certificate,2026,International,19420.0,,,official_programme_estimate,https://www.massey.ac.nz/study/fees-and-funding/tuition-fees-for-international-students/,2026-05-14,"International fee estimates.; HTML table 6, row 1; page_title=Tuition fees for international students - Massey University; raw=Qualification Postgraduate Certificate in Arts | Estimate of fees for 2026 $19,420; amount repaired from notes using single_amount_from_notes; original_tuition_fee_nzd=202.0"
7003.0,Massey University,Qualification Postgraduate Certificate,Business,,Postgraduate,Postgraduate Certificate,2026,International,19920.0,,,official_programme_estimate,https://www.massey.ac.nz/study/fees-and-funding/tuition-fees-for-international-students/,2026-05-14,"International fee estimates.; HTML table 6, row 2; page_title=Tuition fees for international students - Massey University; raw=Qualification Postgraduate Certificate in Business | Estimate of fees for 2026 $19,920; amount repaired from notes using single_amount_from_notes; original_tuition_fee_nzd=202.0"
7003.0,Massey University,Qualification Postgraduate Certificate,Emergency Management,,Postgraduate,Postgraduate Certificate,2026,International,23295.0,,,official_programme_estimate,https://www.massey.ac.nz/study/fees-and-funding/tuition-fees-for-international-students/,2026-05-14,"International fee estimates.; HTML table 6, row 3; page_title=Tuition fees for international students - Massey University; raw=Qualification Postgraduate Certificate in Emergency Management | Estimate of fees for 2026 $23,295; amount repaired from notes using single_amount_from_notes; original_tuition_fee_nzd=202.0"
7003.0,Massey University,Qualification Postgraduate Certificate,International Development,,Postgraduate,Postgraduate Certificate,2026,International,19420.0,,,official_programme_estimate,https://www.massey.ac.nz/study/fees-and-funding/tuition-fees-for-international-students/,2026-05-14,"International fee estimates.; HTML table 6, row 4; page_title=Tuition fees for international students - Massey University; raw=Qualification Postgraduate Certificate in International Development | Estimate of fees for 2026 $19,420; amount repaired from notes using single_amount_from_notes; original_tuition_fee_nzd=202.0"
7003.0,Massey University,Qualification Postgraduate Certificate,Planning,,Postgraduate,Postgraduate Certificate,2026,International,25095.0,,,official_programme_estimate,https://www.massey.ac.nz/study/fees-and-funding/tuition-fees-for-international-students/,2026-05-14,"International fee estimates.; HTML table 6, row 5; page_title=Tuition fees for international students - Massey University; raw=Qualification Postgraduate Certificate in Planning | Estimate of fees for 2026 $25,095; amount repaired from notes using single_amount_from_notes; original_tuition_fee_nzd=202.0"
7003.0,Massey University,Qualification Postgraduate Certificate,Science and Technology,,Postgraduate,Postgraduate Certificate,2026,International,25590.0,,,official_programme_estimate,https://www.massey.ac.nz/study/fees-and-funding/tuition-fees-for-international-students/,2026-05-14,"International fee estimates.; HTML table 6, row 6; page_title=Tuition fees for international students - Massey University; raw=Qualification Postgraduate Certificate in Science and Technology | Estimate of fees for 2026 $25,590; amount repaired from notes using single_amount_from_notes; original_tuition_fee_nzd=202.0"
7003.0,Massey University,Qualification Diploma (Business),,,Diploma,Diploma,2026,International,33888.0,,,official_programme_estimate,https://www.massey.ac.nz/study/fees-and-funding/tuition-fees-for-international-students/,2026-05-14,"International fee estimates.; HTML table 7, row 1; page_title=Tuition fees for international students - Massey University; raw=Qualification Diploma (Business) | Estimate of fees for 2026 $33,888; amount repaired from notes using single_amount_from_notes; original_tuition_fee_nzd=202.0"
7003.0,Massey University,Qualification Diploma,Arts,,Diploma,Diploma,2026,International,34220.0,,,official_programme_estimate,https://www.massey.ac.nz/study/fees-and-funding/tuition-fees-for-international-students/,2026-05-14,"International fee estimates.; HTML table 7, row 2; page_title=Tuition fees for international students - Massey University; raw=Qualification Diploma in Arts | Estimate of fees for 2026 $34,220 – $42,110; amount repaired from notes using lower_bound_from_notes_range; original_tuition_fee_nzd=202.0"
7003.0,Massey University,Qualification Diploma,Border and Biosecurity,,Diploma,Diploma,2026,International,34220.0,,,official_programme_estimate,https://www.massey.ac.nz/study/fees-and-funding/tuition-fees-for-international-students/,2026-05-14,"International fee estimates.; HTML table 7, row 3; page_title=Tuition fees for international students - Massey University; raw=Qualification Diploma in Border and Biosecurity | Estimate of fees for 2026 $34,220; amount repaired from notes using single_amount_from_notes; original_tuition_fee_nzd=202.0"
7003.0,Massey University,Qualification Diploma,Business Studies,,Diploma,Diploma,2026,International,38080.0,,,official_programme_estimate,https://www.massey.ac.nz/study/fees-and-funding/tuition-fees-for-international-students/,2026-05-14,"International fee estimates.; HTML table 7, row 4; page_title=Tuition fees for international students - Massey University; raw=Qualification Diploma in Business Studies | Estimate of fees for 2026 $38,080; amount repaired from notes using single_amount_from_notes; original_tuition_fee_nzd=202.0"
7003.0,Massey University,Qualification Diploma,Communication,,Diploma,Diploma,2026,International,38080.0,,,official_programme_estimate,https://www.massey.ac.nz/study/fees-and-funding/tuition-fees-for-international-students/,2026-05-14,"International fee estimates.; HTML table 7, row 5; page_title=Tuition fees for international students - Massey University; raw=Qualification Diploma in Communication | Estimate of fees for 2026 $38,080; amount repaired from notes using single_amount_from_notes; original_tuition_fee_nzd=202.0"
7003.0,Massey University,Qualification Diploma,Creative Arts,,Diploma,Diploma,2026,International,42110.0,,,official_programme_estimate,https://www.massey.ac.nz/study/fees-and-funding/tuition-fees-for-international-students/,2026-05-14,"International fee estimates.; HTML table 7, row 6; page_title=Tuition fees for international students - Massey University; raw=Qualification Diploma in Creative Arts | Estimate of fees for 2026 $42,110; amount repaired from notes using single_amount_from_notes; original_tuition_fee_nzd=202.0"
7003.0,Massey University,Qualification Diploma,Facilities Management,,Diploma,Diploma,2026,International,39840.0,,,official_programme_estimate,https://www.massey.ac.nz/study/fees-and-funding/tuition-fees-for-international-students/,2026-05-14,"International fee estimates.; HTML table 7, row 7; page_title=Tuition fees for international students - Massey University; raw=Qualification Diploma in Facilities Management | Estimate of fees for 2026 $39,840; amount repaired from notes using single_amount_from_notes; original_tuition_fee_nzd=202.0"
7003.0,Massey University,Qualification Diploma,Science and Technology,,Diploma,Diploma,2026,International,42300.0,,,official_programme_estimate,https://www.massey.ac.nz/study/fees-and-funding/tuition-fees-for-international-students/,2026-05-14,"International fee estimates.; HTML table 7, row 8; page_title=Tuition fees for international students - Massey University; raw=Qualification Diploma in Science and Technology | Estimate of fees for 2026 $42,300; amount repaired from notes using single_amount_from_notes; original_tuition_fee_nzd=202.0"
7003.0,Massey University,Qualification Graduate Diploma (Management),,,Postgraduate,Graduate Diploma,2026,International,35488.0,,,official_programme_estimate,https://www.massey.ac.nz/study/fees-and-funding/tuition-fees-for-international-students/,2026-05-14,"International fee estimates.; HTML table 8, row 1; page_title=Tuition fees for international students - Massey University; raw=Qualification Graduate Diploma (Management) | Estimate of fees for 2026 $35,488; amount repaired from notes using single_amount_from_notes; original_tuition_fee_nzd=202.0"
7003.0,Massey University,Qualification Graduate Diploma (Marketing),,,Postgraduate,Graduate Diploma,2026,International,35488.0,,,official_programme_estimate,https://www.massey.ac.nz/study/fees-and-funding/tuition-fees-for-international-students/,2026-05-14,"International fee estimates.; HTML table 8, row 2; page_title=Tuition fees for international students - Massey University; raw=Qualification Graduate Diploma (Marketing) | Estimate of fees for 2026 $35,488; amount repaired from notes using single_amount_from_notes; original_tuition_fee_nzd=202.0"
7003.0,Massey University,Qualification Graduate Diploma,Arts,,Postgraduate,Graduate Diploma,2026,International,34220.0,,,official_programme_estimate,https://www.massey.ac.nz/study/fees-and-funding/tuition-fees-for-international-students/,2026-05-14,"International fee estimates.; HTML table 8, row 3; page_title=Tuition fees for international students - Massey University; raw=Qualification Graduate Diploma in Arts | Estimate of fees for 2026 $34,220 – $42,300; amount repaired from notes using lower_bound_from_notes_range; original_tuition_fee_nzd=202.0"
7003.0,Massey University,Qualification Graduate Diploma,Aviation,,Postgraduate,Graduate Diploma,2026,International,38080.0,,,official_programme_estimate,https://www.massey.ac.nz/study/fees-and-funding/tuition-fees-for-international-students/,2026-05-14,"International fee estimates.; HTML table 8, row 4; page_title=Tuition fees for international students - Massey University; raw=Qualification Graduate Diploma in Aviation | Estimate of fees for 2026 $38,080 – $43,440; amount repaired from notes using lower_bound_from_notes_range; original_tuition_fee_nzd=202.0"
7003.0,Massey University,Qualification Graduate Diploma,Business Studies,,Postgraduate,Graduate Diploma,2026,International,38080.0,,,official_programme_estimate,https://www.massey.ac.nz/study/fees-and-funding/tuition-fees-for-international-students/,2026-05-14,"International fee estimates.; HTML table 8, row 5; page_title=Tuition fees for international students - Massey University; raw=Qualification Graduate Diploma in Business Studies | Estimate of fees for 2026 $38,080; amount repaired from notes using single_amount_from_notes; original_tuition_fee_nzd=202.0"
7003.0,Massey University,Qualification Graduate Diploma,Construction and Facilities Management,,Postgraduate,Graduate Diploma,2026,International,41010.0,,,official_programme_estimate,https://www.massey.ac.nz/study/fees-and-funding/tuition-fees-for-international-students/,2026-05-14,"International fee estimates.; HTML table 8, row 6; page_title=Tuition fees for international students - Massey University; raw=Qualification Graduate Diploma in Construction and Facilities Management | Estimate of fees for 2026 $41,010; amount repaired from notes using single_amount_from_notes; original_tuition_fee_nzd=202.0"
7003.0,Massey University,Qualification Graduate Diploma,Dairy Science and Technology,,Postgraduate,Graduate Diploma,2026,International,45580.0,,,official_programme_estimate,https://www.massey.ac.nz/study/fees-and-funding/tuition-fees-for-international-students/,2026-05-14,"International fee estimates.; HTML table 8, row 7; page_title=Tuition fees for international students - Massey University; raw=Qualification Graduate Diploma in Dairy Science and Technology | Estimate of fees for 2026 $45,580; amount repaired from notes using single_amount_from_notes; original_tuition_fee_nzd=202.0"
7003.0,Massey University,Qualification Graduate Diploma,Design,,Postgraduate,Graduate Diploma,2026,International,42110.0,,,official_programme_estimate,https://www.massey.ac.nz/study/fees-and-funding/tuition-fees-for-international-students/,2026-05-14,"International fee estimates.; HTML table 8, row 8; page_title=Tuition fees for international students - Massey University; raw=Qualification Graduate Diploma in Design | Estimate of fees for 2026 $42,110; amount repaired from notes using single_amount_from_notes; original_tuition_fee_nzd=202.0"
7003.0,Massey University,Qualification Graduate Diploma,Emergency Management,,Postgraduate,Graduate Diploma,2026,International,42300.0,,,official_programme_estimate,https://www.massey.ac.nz/study/fees-and-funding/tuition-fees-for-international-students/,2026-05-14,"International fee estimates.; HTML table 8, row 9; page_title=Tuition fees for international students - Massey University; raw=Qualification Graduate Diploma in Emergency Management | Estimate of fees for 2026 $42,300; amount repaired from notes using single_amount_from_notes; original_tuition_fee_nzd=202.0"
7003.0,Massey University,Qualification Graduate Diploma,Fine Arts,,Postgraduate,Graduate Diploma,2026,International,42110.0,,,official_programme_estimate,https://www.massey.ac.nz/study/fees-and-funding/tuition-fees-for-international-students/,2026-05-14,"International fee estimates.; HTML table 8, row 10; page_title=Tuition fees for international students - Massey University; raw=Qualification Graduate Diploma in Fine Arts | Estimate of fees for 2026 $42,110; amount repaired from notes using single_amount_from_notes; original_tuition_fee_nzd=202.0"
7003.0,Massey University,Qualification Graduate Diploma,Information Sciences,,Postgraduate,Graduate Diploma,2026,International,41010.0,,,official_programme_estimate,https://www.massey.ac.nz/study/fees-and-funding/tuition-fees-for-international-students/,2026-05-14,"International fee estimates.; HTML table 8, row 11; page_title=Tuition fees for international students - Massey University; raw=Qualification Graduate Diploma in Information Sciences | Estimate of fees for 2026 $41,010; amount repaired from notes using single_amount_from_notes; original_tuition_fee_nzd=202.0"
7003.0,Massey University,Qualification Graduate Diploma,Science and Technology,,Postgraduate,Graduate Diploma,2026,International,46590.0,,,official_programme_estimate,https://www.massey.ac.nz/study/fees-and-funding/tuition-fees-for-international-students/,2026-05-14,"International fee estimates.; HTML table 8, row 12; page_title=Tuition fees for international students - Massey University; raw=Qualification Graduate Diploma in Science and Technology | Estimate of fees for 2026 $46,590; amount repaired from notes using single_amount_from_notes; original_tuition_fee_nzd=202.0"
7003.0,Massey University,Qualification Graduate Diploma,Screen Arts,,Postgraduate,Graduate Diploma,2026,International,45580.0,,,official_programme_estimate,https://www.massey.ac.nz/study/fees-and-funding/tuition-fees-for-international-students/,2026-05-14,"International fee estimates.; HTML table 8, row 13; page_title=Tuition fees for international students - Massey University; raw=Qualification Graduate Diploma in Screen Arts | Estimate of fees for 2026 $45,580; amount repaired from notes using single_amount_from_notes; original_tuition_fee_nzd=202.0"
7003.0,Massey University,Qualification Graduate Diploma of Learning and Teaching,,,Postgraduate,Graduate Diploma,2026,International,42775.0,,,official_programme_estimate,https://www.massey.ac.nz/study/fees-and-funding/tuition-fees-for-international-students/,2026-05-14,"International fee estimates.; HTML table 8, row 14; page_title=Tuition fees for international students - Massey University; raw=Qualification Graduate Diploma of Learning and Teaching | Estimate of fees for 2026 $42,775*; amount repaired from notes using single_amount_from_notes; original_tuition_fee_nzd=202.0"
7003.0,Massey University,Qualification Postgraduate Diploma,Agribusiness,,Postgraduate,Postgraduate Diploma,2026,International,46590.0,,,official_programme_estimate,https://www.massey.ac.nz/study/fees-and-funding/tuition-fees-for-international-students/,2026-05-14,"International fee estimates.; HTML table 9, row 1; page_title=Tuition fees for international students - Massey University; raw=Qualification Postgraduate Diploma in Agribusiness | Estimate of fees for 2026 $46,590; amount repaired from notes using single_amount_from_notes; original_tuition_fee_nzd=202.0"
7003.0,Massey University,Qualification Postgraduate Diploma,Applied Linguistics,,Postgraduate,Postgraduate Diploma,2026,International,38840.0,,,official_programme_estimate,https://www.massey.ac.nz/study/fees-and-funding/tuition-fees-for-international-students/,2026-05-14,"International fee estimates.; HTML table 9, row 2; page_title=Tuition fees for international students - Massey University; raw=Qualification Postgraduate Diploma in Applied Linguistics | Estimate of fees for 2026 $38,840; amount repaired from notes using single_amount_from_notes; original_tuition_fee_nzd=202.0"
7003.0,Massey University,Qualification Postgraduate Diploma,Arts,,Postgraduate,Postgraduate Diploma,2026,International,38840.0,,,official_programme_estimate,https://www.massey.ac.nz/study/fees-and-funding/tuition-fees-for-international-students/,2026-05-14,"International fee estimates.; HTML table 9, row 3; page_title=Tuition fees for international students - Massey University; raw=Qualification Postgraduate Diploma in Arts | Estimate of fees for 2026 $38,840 – $50,190; amount repaired from notes using lower_bound_from_notes_range; original_tuition_fee_nzd=202.0"
7003.0,Massey University,Qualification Postgraduate Diploma,Business,,Postgraduate,Postgraduate Diploma,2026,International,39840.0,,,official_programme_estimate,https://www.massey.ac.nz/study/fees-and-funding/tuition-fees-for-international-students/,2026-05-14,"International fee estimates.; HTML table 9, row 4; page_title=Tuition fees for international students - Massey University; raw=Qualification Postgraduate Diploma in Business | Estimate of fees for 2026 $39,840 – $42,350; amount repaired from notes using lower_bound_from_notes_range; original_tuition_fee_nzd=202.0"
7003.0,Massey University,Qualification Postgraduate Diploma,Communication,,Postgraduate,Postgraduate Diploma,2026,International,39840.0,,,official_programme_estimate,https://www.massey.ac.nz/study/fees-and-funding/tuition-fees-for-international-students/,2026-05-14,"International fee estimates.; HTML table 9, row 5; page_title=Tuition fees for international students - Massey University; raw=Qualification Postgraduate Diploma in Communication | Estimate of fees for 2026 $39,840; amount repaired from notes using single_amount_from_notes; original_tuition_fee_nzd=202.0"
7003.0,Massey University,Qualification Postgraduate Diploma,Construction,,Postgraduate,Postgraduate Diploma,2026,International,46100.0,,,official_programme_estimate,https://www.massey.ac.nz/study/fees-and-funding/tuition-fees-for-international-students/,2026-05-14,"International fee estimates.; HTML table 9, row 6; page_title=Tuition fees for international students - Massey University; raw=Qualification Postgraduate Diploma in Construction | Estimate of fees for 2026 $46,100 – $50,190; amount repaired from notes using lower_bound_from_notes_range; original_tuition_fee_nzd=202.0"
7003.0,Massey University,Qualification Postgraduate Diploma,Counselling and Guidance Studies,,Postgraduate,Postgraduate Diploma,2026,International,38840.0,,,official_programme_estimate,https://www.massey.ac.nz/study/fees-and-funding/tuition-fees-for-international-students/,2026-05-14,"International fee estimates.; HTML table 9, row 7; page_title=Tuition fees for international students - Massey University; raw=Qualification Postgraduate Diploma in Counselling and Guidance Studies | Estimate of fees for 2026 $38,840; amount repaired from notes using single_amount_from_notes; original_tuition_fee_nzd=202.0"
7003.0,Massey University,Qualification Postgraduate Diploma,Design,,Postgraduate,Postgraduate Diploma,2026,International,46100.0,,,official_programme_estimate,https://www.massey.ac.nz/study/fees-and-funding/tuition-fees-for-international-students/,2026-05-14,"International fee estimates.; HTML table 9, row 8; page_title=Tuition fees for international students - Massey University; raw=Qualification Postgraduate Diploma in Design | Estimate of fees for 2026 $46,100; amount repaired from notes using single_amount_from_notes; original_tuition_fee_nzd=202.0"
7003.0,Massey University,Qualification Postgraduate Diploma,Education,,Postgraduate,Postgraduate Diploma,2026,International,38840.0,,,official_programme_estimate,https://www.massey.ac.nz/study/fees-and-funding/tuition-fees-for-international-students/,2026-05-14,"International fee estimates.; HTML table 9, row 9; page_title=Tuition fees for international students - Massey University; raw=Qualification Postgraduate Diploma in Education | Estimate of fees for 2026 $38,840 – $46,590; amount repaired from notes using lower_bound_from_notes_range; original_tuition_fee_nzd=202.0"
7003.0,Massey University,Qualification Postgraduate Diploma,Emergency Management,,Postgraduate,Postgraduate Diploma,2026,International,46590.0,,,official_programme_estimate,https://www.massey.ac.nz/study/fees-and-funding/tuition-fees-for-international-students/,2026-05-14,"International fee estimates.; HTML table 9, row 10; page_title=Tuition fees for international students - Massey University; raw=Qualification Postgraduate Diploma in Emergency Management | Estimate of fees for 2026 $46,590; amount repaired from notes using single_amount_from_notes; original_tuition_fee_nzd=202.0"
7003.0,Massey University,Qualification Postgraduate Diploma,Environmental Management,,Postgraduate,Postgraduate Diploma,2026,International,51180.0,,,official_programme_estimate,https://www.massey.ac.nz/study/fees-and-funding/tuition-fees-for-international-students/,2026-05-14,"International fee estimates.; HTML table 9, row 11; page_title=Tuition fees for international students - Massey University; raw=Qualification Postgraduate Diploma in Environmental Management | Estimate of fees for 2026 $51,180; amount repaired from notes using single_amount_from_notes; original_tuition_fee_nzd=202.0"
7003.0,Massey University,Qualification Postgraduate Diploma,Fine Arts,,Postgraduate,Postgraduate Diploma,2026,International,46100.0,,,official_programme_estimate,https://www.massey.ac.nz/study/fees-and-funding/tuition-fees-for-international-students/,2026-05-14,"International fee estimates.; HTML table 9, row 12; page_title=Tuition fees for international students - Massey University; raw=Qualification Postgraduate Diploma in Fine Arts | Estimate of fees for 2026 $46,100; amount repaired from notes using single_amount_from_notes; original_tuition_fee_nzd=202.0"
7003.0,Massey University,Qualification Postgraduate Diploma,Health Service Management,,Postgraduate,Postgraduate Diploma,2026,International,39840.0,,,official_programme_estimate,https://www.massey.ac.nz/study/fees-and-funding/tuition-fees-for-international-students/,2026-05-14,"International fee estimates.; HTML table 9, row 13; page_title=Tuition fees for international students - Massey University; raw=Qualification Postgraduate Diploma in Health Service Management | Estimate of fees for 2026 $39,840; amount repaired from notes using single_amount_from_notes; original_tuition_fee_nzd=202.0"
7003.0,Massey University,Qualification Postgraduate Diploma,Information Sciences,,Postgraduate,Postgraduate Diploma,2026,International,46100.0,,,official_programme_estimate,https://www.massey.ac.nz/study/fees-and-funding/tuition-fees-for-international-students/,2026-05-14,"International fee estimates.; HTML table 9, row 14; page_title=Tuition fees for international students - Massey University; raw=Qualification Postgraduate Diploma in Information Sciences | Estimate of fees for 2026 $46,100; amount repaired from notes using single_amount_from_notes; original_tuition_fee_nzd=202.0"
7003.0,Massey University,Qualification Postgraduate Diploma,International Development,,Postgraduate,Postgraduate Diploma,2026,International,38840.0,,,official_programme_estimate,https://www.massey.ac.nz/study/fees-and-funding/tuition-fees-for-international-students/,2026-05-14,"International fee estimates.; HTML table 9, row 15; page_title=Tuition fees for international students - Massey University; raw=Qualification Postgraduate Diploma in International Development | Estimate of fees for 2026 $38,840; amount repaired from notes using single_amount_from_notes; original_tuition_fee_nzd=202.0"
7003.0,Massey University,Qualification Postgraduate Diploma,International Security,,Postgraduate,Postgraduate Diploma,2026,International,38840.0,,,official_programme_estimate,https://www.massey.ac.nz/study/fees-and-funding/tuition-fees-for-international-students/,2026-05-14,"International fee estimates.; HTML table 9, row 16; page_title=Tuition fees for international students - Massey University; raw=Qualification Postgraduate Diploma in International Security | Estimate of fees for 2026 $38,840; amount repaired from notes using single_amount_from_notes; original_tuition_fee_nzd=202.0"
7003.0,Massey University,Qualification Postgraduate Diploma,Journalism,,Postgraduate,Postgraduate Diploma,2026,International,38840.0,,,official_programme_estimate,https://www.massey.ac.nz/study/fees-and-funding/tuition-fees-for-international-students/,2026-05-14,"International fee estimates.; HTML table 9, row 17; page_title=Tuition fees for international students - Massey University; raw=Qualification Postgraduate Diploma in Journalism | Estimate of fees for 2026 $38,840; amount repaired from notes using single_amount_from_notes; original_tuition_fee_nzd=202.0"
7003.0,Massey University,Qualification Postgraduate Diploma,Māori Studies,,Postgraduate,Postgraduate Diploma,2026,International,38840.0,,,official_programme_estimate,https://www.massey.ac.nz/study/fees-and-funding/tuition-fees-for-international-students/,2026-05-14,"International fee estimates.; HTML table 9, row 18; page_title=Tuition fees for international students - Massey University; raw=Qualification Postgraduate Diploma in Māori Studies | Estimate of fees for 2026 $38,840; amount repaired from notes using single_amount_from_notes; original_tuition_fee_nzd=202.0"
7003.0,Massey University,Qualification Postgraduate Diploma,Planning,,Postgraduate,Postgraduate Diploma,2026,International,50190.0,,,official_programme_estimate,https://www.massey.ac.nz/study/fees-and-funding/tuition-fees-for-international-students/,2026-05-14,"International fee estimates.; HTML table 9, row 19; page_title=Tuition fees for international students - Massey University; raw=Qualification Postgraduate Diploma in Planning | Estimate of fees for 2026 $50,190; amount repaired from notes using single_amount_from_notes; original_tuition_fee_nzd=202.0"
7003.0,Massey University,Qualification Postgraduate Diploma,Science and Technology,,Postgraduate,Postgraduate Diploma,2026,International,46590.0,,,official_programme_estimate,https://www.massey.ac.nz/study/fees-and-funding/tuition-fees-for-international-students/,2026-05-14,"International fee estimates.; HTML table 9, row 20; page_title=Tuition fees for international students - Massey University; raw=Qualification Postgraduate Diploma in Science and Technology | Estimate of fees for 2026 $46,590 – $51,180; amount repaired from notes using lower_bound_from_notes_range; original_tuition_fee_nzd=202.0"
7003.0,Massey University,Qualification Postgraduate Diploma,Screen Arts,,Postgraduate,Postgraduate Diploma,2026,International,50190.0,,,official_programme_estimate,https://www.massey.ac.nz/study/fees-and-funding/tuition-fees-for-international-students/,2026-05-14,"International fee estimates.; HTML table 9, row 21; page_title=Tuition fees for international students - Massey University; raw=Qualification Postgraduate Diploma in Screen Arts | Estimate of fees for 2026 $50,190; amount repaired from notes using single_amount_from_notes; original_tuition_fee_nzd=202.0"
7003.0,Massey University,Qualification Postgraduate Diploma,Veterinary Science,,Postgraduate,Postgraduate Diploma,2026,International,59620.0,,,official_programme_estimate,https://www.massey.ac.nz/study/fees-and-funding/tuition-fees-for-international-students/,2026-05-14,"International fee estimates.; HTML table 9, row 22; page_title=Tuition fees for international students - Massey University; raw=Qualification Postgraduate Diploma in Veterinary Science | Estimate of fees for 2026 $59,620; amount repaired from notes using single_amount_from_notes; original_tuition_fee_nzd=202.0"
7003.0,Massey University,Qualification Executive Master of Business Administration,,,Postgraduate,Master,2026,International,82800.0,,per year,official_programme_estimate,https://www.massey.ac.nz/study/fees-and-funding/tuition-fees-for-international-students/,2026-05-14,"International fee estimates.; HTML table 10, row 1; page_title=Tuition fees for international students - Massey University; raw=Qualification Executive Master of Business Administration | Estimate of fees for 2026 $82,800 (over 2 years); amount repaired from notes using single_amount_from_notes; original_tuition_fee_nzd=202.0"
7003.0,Massey University,Qualification Master of Agribusiness,,,Postgraduate,Master,2026,International,51180.0,,,official_programme_estimate,https://www.massey.ac.nz/study/fees-and-funding/tuition-fees-for-international-students/,2026-05-14,"International fee estimates.; HTML table 10, row 2; page_title=Tuition fees for international students - Massey University; raw=Qualification Master of Agribusiness | Estimate of fees for 2026 $51,180; amount repaired from notes using single_amount_from_notes; original_tuition_fee_nzd=202.0"
7003.0,Massey University,Qualification Master of Analytics,,,Postgraduate,Master,2026,International,59760.0,,per 180 points/credits,official_programme_estimate,https://www.massey.ac.nz/study/fees-and-funding/tuition-fees-for-international-students/,2026-05-14,"International fee estimates.; HTML table 10, row 3; page_title=Tuition fees for international students - Massey University; raw=Qualification Master of Analytics | Estimate of fees for 2026 $59,760 (for 180 credits); amount repaired from notes using single_amount_from_notes; original_tuition_fee_nzd=202.0"
7003.0,Massey University,Qualification Master of Applied Linguistics,,,Postgraduate,Master,2026,International,38840.0,,,official_programme_estimate,https://www.massey.ac.nz/study/fees-and-funding/tuition-fees-for-international-students/,2026-05-14,"International fee estimates.; HTML table 10, row 4; page_title=Tuition fees for international students - Massey University; raw=Qualification Master of Applied Linguistics | Estimate of fees for 2026 $38,840; amount repaired from notes using single_amount_from_notes; original_tuition_fee_nzd=202.0"
7003.0,Massey University,Qualification Master of Applied Social Work,,,Postgraduate,Master,2026,International,38840.0,,,official_programme_estimate,https://www.massey.ac.nz/study/fees-and-funding/tuition-fees-for-international-students/,2026-05-14,"International fee estimates.; HTML table 10, row 5; page_title=Tuition fees for international students - Massey University; raw=Qualification Master of Applied Social Work | Estimate of fees for 2026 $38,840; amount repaired from notes using single_amount_from_notes; original_tuition_fee_nzd=202.0"
7003.0,Massey University,Qualification Master of Arts,,,Postgraduate,Master,2026,International,38840.0,,,official_programme_estimate,https://www.massey.ac.nz/study/fees-and-funding/tuition-fees-for-international-students/,2026-05-14,"International fee estimates.; HTML table 10, row 6; page_title=Tuition fees for international students - Massey University; raw=Qualification Master of Arts | Estimate of fees for 2026 $38,840 – $46,590; amount repaired from notes using lower_bound_from_notes_range; original_tuition_fee_nzd=202.0"
7003.0,Massey University,Qualification Master of Aviation,,,Postgraduate,Master,2026,International,47820.0,,,official_programme_estimate,https://www.massey.ac.nz/study/fees-and-funding/tuition-fees-for-international-students/,2026-05-14,"International fee estimates.; HTML table 10, row 7; page_title=Tuition fees for international students - Massey University; raw=Qualification Master of Aviation | Estimate of fees for 2026 $47,820; amount repaired from notes using single_amount_from_notes; original_tuition_fee_nzd=202.0"
7003.0,Massey University,Qualification Master of Business Administration,,,Postgraduate,Master,2026,International,65150.0,,per 180 points/credits,official_programme_estimate,https://www.massey.ac.nz/study/fees-and-funding/tuition-fees-for-international-students/,2026-05-14,"International fee estimates.; HTML table 10, row 8; page_title=Tuition fees for international students - Massey University; raw=Qualification Master of Business Administration | Estimate of fees for 2026 $65,150 (for 180 credits); amount repaired from notes using single_amount_from_notes; original_tuition_fee_nzd=202.0"
7003.0,Massey University,Qualification Master of Business Studies,,,Postgraduate,Master,2026,International,39840.0,,,official_programme_estimate,https://www.massey.ac.nz/study/fees-and-funding/tuition-fees-for-international-students/,2026-05-14,"International fee estimates.; HTML table 10, row 9; page_title=Tuition fees for international students - Massey University; raw=Qualification Master of Business Studies | Estimate of fees for 2026 $39,840; amount repaired from notes using single_amount_from_notes; original_tuition_fee_nzd=202.0"
7003.0,Massey University,Qualification Master of Commercial Music,,,Postgraduate,Master,2026,International,46100.0,,,official_programme_estimate,https://www.massey.ac.nz/study/fees-and-funding/tuition-fees-for-international-students/,2026-05-14,"International fee estimates.; HTML table 10, row 10; page_title=Tuition fees for international students - Massey University; raw=Qualification Master of Commercial Music | Estimate of fees for 2026 $46,100; amount repaired from notes using single_amount_from_notes; original_tuition_fee_nzd=202.0"
7003.0,Massey University,Qualification Master of Communication,,,Postgraduate,Master,2026,International,39840.0,,,official_programme_estimate,https://www.massey.ac.nz/study/fees-and-funding/tuition-fees-for-international-students/,2026-05-14,"International fee estimates.; HTML table 10, row 11; page_title=Tuition fees for international students - Massey University; raw=Qualification Master of Communication | Estimate of fees for 2026 $39,840; amount repaired from notes using single_amount_from_notes; original_tuition_fee_nzd=202.0"
7003.0,Massey University,Qualification Master of Construction,,,Postgraduate,Master,2026,International,46100.0,,,official_programme_estimate,https://www.massey.ac.nz/study/fees-and-funding/tuition-fees-for-international-students/,2026-05-14,"International fee estimates.; HTML table 10, row 12; page_title=Tuition fees for international students - Massey University; raw=Qualification Master of Construction | Estimate of fees for 2026 $46,100 – $50,190; amount repaired from notes using lower_bound_from_notes_range; original_tuition_fee_nzd=202.0"
7003.0,Massey University,Qualification Master of Creative Writing,,,Postgraduate,Master,2026,International,46100.0,,,official_programme_estimate,https://www.massey.ac.nz/study/fees-and-funding/tuition-fees-for-international-students/,2026-05-14,"International fee estimates.; HTML table 10, row 13; page_title=Tuition fees for international students - Massey University; raw=Qualification Master of Creative Writing | Estimate of fees for 2026 $46,100; amount repaired from notes using single_amount_from_notes; original_tuition_fee_nzd=202.0"
7003.0,Massey University,Qualification Master of Dairy Science and Technology,,,Postgraduate,Master,2026,International,50190.0,,,official_programme_estimate,https://www.massey.ac.nz/study/fees-and-funding/tuition-fees-for-international-students/,2026-05-14,"International fee estimates.; HTML table 10, row 14; page_title=Tuition fees for international students - Massey University; raw=Qualification Master of Dairy Science and Technology | Estimate of fees for 2026 $50,190; amount repaired from notes using single_amount_from_notes; original_tuition_fee_nzd=202.0"
7003.0,Massey University,Qualification Master of Design,,,Postgraduate,Master,2026,International,46100.0,,,official_programme_estimate,https://www.massey.ac.nz/study/fees-and-funding/tuition-fees-for-international-students/,2026-05-14,"International fee estimates.; HTML table 10, row 15; page_title=Tuition fees for international students - Massey University; raw=Qualification Master of Design | Estimate of fees for 2026 $46,100; amount repaired from notes using single_amount_from_notes; original_tuition_fee_nzd=202.0"
7003.0,Massey University,Qualification Master of Education,,,Postgraduate,Master,2026,International,38840.0,,,official_programme_estimate,https://www.massey.ac.nz/study/fees-and-funding/tuition-fees-for-international-students/,2026-05-14,"International fee estimates.; HTML table 10, row 16; page_title=Tuition fees for international students - Massey University; raw=Qualification Master of Education | Estimate of fees for 2026 $38,840 – $46,590; amount repaired from notes using lower_bound_from_notes_range; original_tuition_fee_nzd=202.0"
7003.0,Massey University,Qualification Master of Emergency Management,,,Postgraduate,Master,2026,International,46590.0,,,official_programme_estimate,https://www.massey.ac.nz/study/fees-and-funding/tuition-fees-for-international-students/,2026-05-14,"International fee estimates.; HTML table 10, row 17; page_title=Tuition fees for international students - Massey University; raw=Qualification Master of Emergency Management | Estimate of fees for 2026 $46,590; amount repaired from notes using single_amount_from_notes; original_tuition_fee_nzd=202.0"
7003.0,Massey University,Qualification Master of Environmental Management,,,Postgraduate,Master,2026,International,51180.0,,,official_programme_estimate,https://www.massey.ac.nz/study/fees-and-funding/tuition-fees-for-international-students/,2026-05-14,"International fee estimates.; HTML table 10, row 18; page_title=Tuition fees for international students - Massey University; raw=Qualification Master of Environmental Management | Estimate of fees for 2026 $51,180; amount repaired from notes using single_amount_from_notes; original_tuition_fee_nzd=202.0"
7003.0,Massey University,Qualification Master of Finance,,,Postgraduate,Master,2026,International,39840.0,,per 180 points/credits,official_programme_estimate,https://www.massey.ac.nz/study/fees-and-funding/tuition-fees-for-international-students/,2026-05-14,"International fee estimates.; HTML table 10, row 19; page_title=Tuition fees for international students - Massey University; raw=Qualification Master of Finance | Estimate of fees for 2026 $39,840 – $59,760 (higher amount is for 180 credits); amount repaired from notes using lower_bound_from_notes_range; original_tuition_fee_nzd=202.0"
7003.0,Massey University,Qualification Master of Fine Arts,,,Postgraduate,Master,2026,International,46100.0,,,official_programme_estimate,https://www.massey.ac.nz/study/fees-and-funding/tuition-fees-for-international-students/,2026-05-14,"International fee estimates.; HTML table 10, row 20; page_title=Tuition fees for international students - Massey University; raw=Qualification Master of Fine Arts | Estimate of fees for 2026 $46,100; amount repaired from notes using single_amount_from_notes; original_tuition_fee_nzd=202.0"
7003.0,Massey University,Qualification Master of Food Safety and Quality,,,Postgraduate,Master,2026,International,50190.0,,,official_programme_estimate,https://www.massey.ac.nz/study/fees-and-funding/tuition-fees-for-international-students/,2026-05-14,"International fee estimates.; HTML table 10, row 21; page_title=Tuition fees for international students - Massey University; raw=Qualification Master of Food Safety and Quality | Estimate of fees for 2026 $50,190; amount repaired from notes using single_amount_from_notes; original_tuition_fee_nzd=202.0"
7003.0,Massey University,Qualification Master of Food Technology,,,Postgraduate,Master,2026,International,50190.0,,,official_programme_estimate,https://www.massey.ac.nz/study/fees-and-funding/tuition-fees-for-international-students/,2026-05-14,"International fee estimates.; HTML table 10, row 22; page_title=Tuition fees for international students - Massey University; raw=Qualification Master of Food Technology | Estimate of fees for 2026 $50,190; amount repaired from notes using single_amount_from_notes; original_tuition_fee_nzd=202.0"
7003.0,Massey University,Qualification Master of Health Service Management,,,Postgraduate,Master,2026,International,39840.0,,,official_programme_estimate,https://www.massey.ac.nz/study/fees-and-funding/tuition-fees-for-international-students/,2026-05-14,"International fee estimates.; HTML table 10, row 23; page_title=Tuition fees for international students - Massey University; raw=Qualification Master of Health Service Management | Estimate of fees for 2026 $39,840; amount repaired from notes using single_amount_from_notes; original_tuition_fee_nzd=202.0"
7003.0,Massey University,Qualification Master of Information Sciences,,,Postgraduate,Master,2026,International,46100.0,,,official_programme_estimate,https://www.massey.ac.nz/study/fees-and-funding/tuition-fees-for-international-students/,2026-05-14,"International fee estimates.; HTML table 10, row 24; page_title=Tuition fees for international students - Massey University; raw=Qualification Master of Information Sciences | Estimate of fees for 2026 $46,100; amount repaired from notes using single_amount_from_notes; original_tuition_fee_nzd=202.0"
7003.0,Massey University,Qualification Master of International Development,,,Postgraduate,Master,2026,International,38840.0,,,official_programme_estimate,https://www.massey.ac.nz/study/fees-and-funding/tuition-fees-for-international-students/,2026-05-14,"International fee estimates.; HTML table 10, row 25; page_title=Tuition fees for international students - Massey University; raw=Qualification Master of International Development | Estimate of fees for 2026 $38,840; amount repaired from notes using single_amount_from_notes; original_tuition_fee_nzd=202.0"
7003.0,Massey University,Qualification Master of International Security,,,Postgraduate,Master,2026,International,38840.0,,,official_programme_estimate,https://www.massey.ac.nz/study/fees-and-funding/tuition-fees-for-international-students/,2026-05-14,"International fee estimates.; HTML table 10, row 26; page_title=Tuition fees for international students - Massey University; raw=Qualification Master of International Security | Estimate of fees for 2026 $38,840; amount repaired from notes using single_amount_from_notes; original_tuition_fee_nzd=202.0"
7003.0,Massey University,Qualification Master of Management,,,Postgraduate,Master,2026,International,39840.0,,per 180 points/credits,official_programme_estimate,https://www.massey.ac.nz/study/fees-and-funding/tuition-fees-for-international-students/,2026-05-14,"International fee estimates.; HTML table 10, row 27; page_title=Tuition fees for international students - Massey University; raw=Qualification Master of Management | Estimate of fees for 2026 $39,840 – $59,760 (higher amount for 180 credits); amount repaired from notes using lower_bound_from_notes_range; original_tuition_fee_nzd=202.0"
7003.0,Massey University,Qualification Master of Māori Studies,,,Postgraduate,Master,2026,International,38840.0,,,official_programme_estimate,https://www.massey.ac.nz/study/fees-and-funding/tuition-fees-for-international-students/,2026-05-14,"International fee estimates.; HTML table 10, row 28; page_title=Tuition fees for international students - Massey University; raw=Qualification Master of Māori Studies | Estimate of fees for 2026 $38,840; amount repaired from notes using single_amount_from_notes; original_tuition_fee_nzd=202.0"
7003.0,Massey University,Qualification Master of Professional Accountancy,,,Postgraduate,Master,2026,International,42350.0,,,official_programme_estimate,https://www.massey.ac.nz/study/fees-and-funding/tuition-fees-for-international-students/,2026-05-14,"International fee estimates.; HTML table 10, row 29; page_title=Tuition fees for international students - Massey University; raw=Qualification Master of Professional Accountancy | Estimate of fees for 2026 $42,350; amount repaired from notes using single_amount_from_notes; original_tuition_fee_nzd=202.0"
7003.0,Massey University,Qualification Master of Professional Accountancy (Chartered Accountant),,,Postgraduate,Master,2026,International,42350.0,,,official_programme_estimate,https://www.massey.ac.nz/study/fees-and-funding/tuition-fees-for-international-students/,2026-05-14,"International fee estimates.; HTML table 10, row 30; page_title=Tuition fees for international students - Massey University; raw=Qualification Master of Professional Accountancy (Chartered Accountant) | Estimate of fees for 2026 $42,350; amount repaired from notes using single_amount_from_notes; original_tuition_fee_nzd=202.0"
7003.0,Massey University,Qualification Master of Science,,,Postgraduate,Master,2026,International,39840.0,,,official_programme_estimate,https://www.massey.ac.nz/study/fees-and-funding/tuition-fees-for-international-students/,2026-05-14,"International fee estimates.; HTML table 10, row 31; page_title=Tuition fees for international students - Massey University; raw=Qualification Master of Science | Estimate of fees for 2026 $39,840 – $51,180; amount repaired from notes using lower_bound_from_notes_range; original_tuition_fee_nzd=202.0"
7003.0,Massey University,Qualification Master of Screen Arts,,,Postgraduate,Master,2026,International,50190.0,,,official_programme_estimate,https://www.massey.ac.nz/study/fees-and-funding/tuition-fees-for-international-students/,2026-05-14,"International fee estimates.; HTML table 10, row 32; page_title=Tuition fees for international students - Massey University; raw=Qualification Master of Screen Arts | Estimate of fees for 2026 $50,190; amount repaired from notes using single_amount_from_notes; original_tuition_fee_nzd=202.0"
7003.0,Massey University,Qualification Master of Speech and Language Therapy,,,Postgraduate,Master,2026,International,50190.0,,,official_programme_estimate,https://www.massey.ac.nz/study/fees-and-funding/tuition-fees-for-international-students/,2026-05-14,"International fee estimates.; HTML table 10, row 33; page_title=Tuition fees for international students - Massey University; raw=Qualification Master of Speech and Language Therapy | Estimate of fees for 2026 $50,190; amount repaired from notes using single_amount_from_notes; original_tuition_fee_nzd=202.0"
7003.0,Massey University,Qualification Master of Sustainable Development Goals,,,Postgraduate,Master,2026,International,39840.0,,,official_programme_estimate,https://www.massey.ac.nz/study/fees-and-funding/tuition-fees-for-international-students/,2026-05-14,"International fee estimates.; HTML table 10, row 34; page_title=Tuition fees for international students - Massey University; raw=Qualification Master of Sustainable Development Goals | Estimate of fees for 2026 $39,840 – $51,180; amount repaired from notes using lower_bound_from_notes_range; original_tuition_fee_nzd=202.0"
7003.0,Massey University,Qualification Master of Veterinary Medicine,,,Postgraduate,Master,2026,International,81620.0,,,official_programme_estimate,https://www.massey.ac.nz/study/fees-and-funding/tuition-fees-for-international-students/,2026-05-14,"International fee estimates.; HTML table 10, row 35; page_title=Tuition fees for international students - Massey University; raw=Qualification Master of Veterinary Medicine | Estimate of fees for 2026 $81,620; amount repaired from notes using single_amount_from_notes; original_tuition_fee_nzd=202.0"
7003.0,Massey University,Qualification Master of Veterinary Studies,,,Postgraduate,Master,2026,International,59620.0,,,official_programme_estimate,https://www.massey.ac.nz/study/fees-and-funding/tuition-fees-for-international-students/,2026-05-14,"International fee estimates.; HTML table 10, row 36; page_title=Tuition fees for international students - Massey University; raw=Qualification Master of Veterinary Studies | Estimate of fees for 2026 $59,620; amount repaired from notes using single_amount_from_notes; original_tuition_fee_nzd=202.0"
7003.0,Massey University,Qualification Doctor of Philosophy,,,Doctoral,Doctor of Philosophy,2026,International,38840.0,,,official_programme_estimate,https://www.massey.ac.nz/study/fees-and-funding/tuition-fees-for-international-students/,2026-05-14,"International fee estimates.; HTML table 11, row 1; page_title=Tuition fees for international students - Massey University; raw=Qualification Doctor of Philosophy | Estimate of fees for 2026 $38,840; amount repaired from notes using single_amount_from_notes; original_tuition_fee_nzd=202.0"
7004.0,Victoria University of Wellington,Humanities and Social Sciences,,,,,2026,Domestic,6936.0,,per 120 points,official_subject_band_120_points,https://www.wgtn.ac.nz/students/money/fees/domestic,2026-05-14,"Domestic fee tables by subject area / point value.; HTML table 1, row 1; page_title=Fees for domestic students | Current students | Te Herenga Waka—Victoria University of Wellington; raw=Humanities and Social Sciences | 57.8 | 6936.0 ; repaired: VUW subject-band row; per_point_fee_nzd=57.8, annual_120_points_tuition_nzd=6936.0."
7004.0,Victoria University of Wellington,Education,,,,,2026,Domestic,6936.0,,per 120 points,official_subject_band_120_points,https://www.wgtn.ac.nz/students/money/fees/domestic,2026-05-14,"Domestic fee tables by subject area / point value.; HTML table 1, row 2; page_title=Fees for domestic students | Current students | Te Herenga Waka—Victoria University of Wellington; raw=Education | 57.8 | 6936.0 ; repaired: VUW subject-band row; per_point_fee_nzd=57.8, annual_120_points_tuition_nzd=6936.0."
7004.0,Victoria University of Wellington,Music,,,,,2026,Domestic,8778.0,,per 120 points,official_subject_band_120_points,https://www.wgtn.ac.nz/students/money/fees/domestic,2026-05-14,"Domestic fee tables by subject area / point value.; HTML table 1, row 3; page_title=Fees for domestic students | Current students | Te Herenga Waka—Victoria University of Wellington; raw=Music | 73.15 | 8778.0 ; repaired: VUW subject-band row; per_point_fee_nzd=73.15, annual_120_points_tuition_nzd=8778.0."
7004.0,Victoria University of Wellington,Health (HLWB) and Wellbeing,,,,,2026,Domestic,8528.4,,per 120 points,official_subject_band_120_points,https://www.wgtn.ac.nz/students/money/fees/domestic,2026-05-14,"Domestic fee tables by subject area / point value.; HTML table 1, row 4; page_title=Fees for domestic students | Current students | Te Herenga Waka—Victoria University of Wellington; raw=Health (HLWB) and Wellbeing | 71.07 | 8528.4 ; repaired: VUW subject-band row; per_point_fee_nzd=71.07, annual_120_points_tuition_nzd=8528.4."
7004.0,Victoria University of Wellington,Midwifery,,,,,2026,Domestic,9654.0,,per 120 points,official_subject_band_120_points,https://www.wgtn.ac.nz/students/money/fees/domestic,2026-05-14,"Domestic fee tables by subject area / point value.; HTML table 1, row 5; page_title=Fees for domestic students | Current students | Te Herenga Waka—Victoria University of Wellington; raw=Midwifery | 80.45 | 9654.0 ; repaired: VUW subject-band row; per_point_fee_nzd=80.45, annual_120_points_tuition_nzd=9654.0."
7004.0,Victoria University of Wellington,Commerce,,,,,2026,Domestic,8160.0,,per 120 points,official_subject_band_120_points,https://www.wgtn.ac.nz/students/money/fees/domestic,2026-05-14,"Domestic fee tables by subject area / point value.; HTML table 1, row 6; page_title=Fees for domestic students | Current students | Te Herenga Waka—Victoria University of Wellington; raw=Commerce | 68.0 | 8160.0 ; repaired: VUW subject-band row; per_point_fee_nzd=68.0, annual_120_points_tuition_nzd=8160.0."
7004.0,Victoria University of Wellington,Law,,,,,2026,Domestic,8160.0,,per 120 points,official_subject_band_120_points,https://www.wgtn.ac.nz/students/money/fees/domestic,2026-05-14,"Domestic fee tables by subject area / point value.; HTML table 1, row 7; page_title=Fees for domestic students | Current students | Te Herenga Waka—Victoria University of Wellington; raw=Law | 68.0 | 8160.0 ; repaired: VUW subject-band row; per_point_fee_nzd=68.0, annual_120_points_tuition_nzd=8160.0."
7004.0,Victoria University of Wellington,Mathematics and Statistics,,,,,2026,Domestic,7626.0,,per 120 points,official_subject_band_120_points,https://www.wgtn.ac.nz/students/money/fees/domestic,2026-05-14,"Domestic fee tables by subject area / point value.; HTML table 1, row 8; page_title=Fees for domestic students | Current students | Te Herenga Waka—Victoria University of Wellington; raw=Mathematics and Statistics | 63.55 | 7626.0 ; repaired: VUW subject-band row; per_point_fee_nzd=63.55, annual_120_points_tuition_nzd=7626.0."
7004.0,Victoria University of Wellington,Architecture,,,,,2026,Domestic,9644.4,,per 120 points,official_subject_band_120_points,https://www.wgtn.ac.nz/students/money/fees/domestic,2026-05-14,"Domestic fee tables by subject area / point value.; HTML table 1, row 9; page_title=Fees for domestic students | Current students | Te Herenga Waka—Victoria University of Wellington; raw=Architecture | 80.37 | 9644.4 ; repaired: VUW subject-band row; per_point_fee_nzd=80.37, annual_120_points_tuition_nzd=9644.4."
7004.0,Victoria University of Wellington,Design,,,,,2026,Domestic,8667.6,,per 120 points,official_subject_band_120_points,https://www.wgtn.ac.nz/students/money/fees/domestic,2026-05-14,"Domestic fee tables by subject area / point value.; HTML table 1, row 10; page_title=Fees for domestic students | Current students | Te Herenga Waka—Victoria University of Wellington; raw=Design | 72.23 | 8667.6 ; repaired: VUW subject-band row; per_point_fee_nzd=72.23, annual_120_points_tuition_nzd=8667.6."
7004.0,Victoria University of Wellington,Psychology and Computer Science,,,,,2026,Domestic,8667.6,,per 120 points,official_subject_band_120_points,https://www.wgtn.ac.nz/students/money/fees/domestic,2026-05-14,"Domestic fee tables by subject area / point value.; HTML table 1, row 11; page_title=Fees for domestic students | Current students | Te Herenga Waka—Victoria University of Wellington; raw=Psychology and Computer Science | 72.23 | 8667.6 ; repaired: VUW subject-band row; per_point_fee_nzd=72.23, annual_120_points_tuition_nzd=8667.6."
7004.0,Victoria University of Wellington,"Chemical, Physical, Biological and Earth Sciences",,,,,2026,Domestic,8761.2,,per 120 points,official_subject_band_120_points,https://www.wgtn.ac.nz/students/money/fees/domestic,2026-05-14,"Domestic fee tables by subject area / point value.; HTML table 1, row 12; page_title=Fees for domestic students | Current students | Te Herenga Waka—Victoria University of Wellington; raw=Chemical, Physical, Biological and Earth Sciences | 73.01 | 8761.2 ; repaired: VUW subject-band row; per_point_fee_nzd=73.01, annual_120_points_tuition_nzd=8761.2."
7004.0,Victoria University of Wellington,Engineering,,,,,2026,Domestic,10155.6,,per 120 points,official_subject_band_120_points,https://www.wgtn.ac.nz/students/money/fees/domestic,2026-05-14,"Domestic fee tables by subject area / point value.; HTML table 1, row 13; page_title=Fees for domestic students | Current students | Te Herenga Waka—Victoria University of Wellington; raw=Engineering | 84.63 | 10155.6 ; repaired: VUW subject-band row; per_point_fee_nzd=84.63, annual_120_points_tuition_nzd=10155.6."
7004.0,Victoria University of Wellington,Humanities and Social Sciences,,,,,2026,Domestic,9644.4,,per 120 points,official_subject_band_120_points,https://www.wgtn.ac.nz/students/money/fees/domestic,2026-05-14,"Domestic fee tables by subject area / point value.; HTML table 2, row 1; page_title=Fees for domestic students | Current students | Te Herenga Waka—Victoria University of Wellington; raw=Humanities and Social Sciences | 80.37 | 9644.40 ; repaired: VUW subject-band row; per_point_fee_nzd=80.37, annual_120_points_tuition_nzd=9644.4."
7004.0,Victoria University of Wellington,Education,,,,,2026,Domestic,9644.4,,per 120 points,official_subject_band_120_points,https://www.wgtn.ac.nz/students/money/fees/domestic,2026-05-14,"Domestic fee tables by subject area / point value.; HTML table 2, row 2; page_title=Fees for domestic students | Current students | Te Herenga Waka—Victoria University of Wellington; raw=Education | 80.37 | 9644.40 ; repaired: VUW subject-band row; per_point_fee_nzd=80.37, annual_120_points_tuition_nzd=9644.4."
7004.0,Victoria University of Wellington,"Health (HLWB), Wellbeing and Hauora",,,,,2026,Domestic,10812.0,,per 120 points,official_subject_band_120_points,https://www.wgtn.ac.nz/students/money/fees/domestic,2026-05-14,"Domestic fee tables by subject area / point value.; HTML table 2, row 4; page_title=Fees for domestic students | Current students | Te Herenga Waka—Victoria University of Wellington; raw=Health (HLWB), Wellbeing and Hauora | 90.10 | 10812.00 ; repaired: VUW subject-band row; per_point_fee_nzd=90.1, annual_120_points_tuition_nzd=10812.0."
7004.0,Victoria University of Wellington,Commerce,,,,,2026,Domestic,10604.4,,per 120 points,official_subject_band_120_points,https://www.wgtn.ac.nz/students/money/fees/domestic,2026-05-14,"Domestic fee tables by subject area / point value.; HTML table 2, row 5; page_title=Fees for domestic students | Current students | Te Herenga Waka—Victoria University of Wellington; raw=Commerce | 88.37 | 10604.40 ; repaired: VUW subject-band row; per_point_fee_nzd=88.37, annual_120_points_tuition_nzd=10604.4."
7004.0,Victoria University of Wellington,Mathematics and Statistics,,,,,2026,Domestic,10842.0,,per 120 points,official_subject_band_120_points,https://www.wgtn.ac.nz/students/money/fees/domestic,2026-05-14,"Domestic fee tables by subject area / point value.; HTML table 2, row 6; page_title=Fees for domestic students | Current students | Te Herenga Waka—Victoria University of Wellington; raw=Mathematics and Statistics | 90.35 | 10842.00 ; repaired: VUW subject-band row; per_point_fee_nzd=90.35, annual_120_points_tuition_nzd=10842.0."
7004.0,Victoria University of Wellington,Architecture and Design,,,,,2026,Domestic,11011.2,,per 120 points,official_subject_band_120_points,https://www.wgtn.ac.nz/students/money/fees/domestic,2026-05-14,"Domestic fee tables by subject area / point value.; HTML table 2, row 7; page_title=Fees for domestic students | Current students | Te Herenga Waka—Victoria University of Wellington; raw=Architecture and Design | 91.76 | 11011.20 ; repaired: VUW subject-band row; per_point_fee_nzd=91.76, annual_120_points_tuition_nzd=11011.2."
7004.0,Victoria University of Wellington,Psychology and Computer Science,,,,,2026,Domestic,11011.2,,per 120 points,official_subject_band_120_points,https://www.wgtn.ac.nz/students/money/fees/domestic,2026-05-14,"Domestic fee tables by subject area / point value.; HTML table 2, row 8; page_title=Fees for domestic students | Current students | Te Herenga Waka—Victoria University of Wellington; raw=Psychology and Computer Science | 91.76 | 11011.20 ; repaired: VUW subject-band row; per_point_fee_nzd=91.76, annual_120_points_tuition_nzd=11011.2."
7004.0,Victoria University of Wellington,"Chemical, Physical, Biological and Earth Sciences",,,,,2026,Domestic,11078.4,,per 120 points,official_subject_band_120_points,https://www.wgtn.ac.nz/students/money/fees/domestic,2026-05-14,"Domestic fee tables by subject area / point value.; HTML table 2, row 9; page_title=Fees for domestic students | Current students | Te Herenga Waka—Victoria University of Wellington; raw=Chemical, Physical, Biological and Earth Sciences | 92.32 | 11078.40 ; repaired: VUW subject-band row; per_point_fee_nzd=92.32, annual_120_points_tuition_nzd=11078.4."
7004.0,Victoria University of Wellington,Law,,,,,2026,Domestic,11811.6,,per 120 points,official_subject_band_120_points,https://www.wgtn.ac.nz/students/money/fees/domestic,2026-05-14,"Domestic fee tables by subject area / point value.; HTML table 2, row 10; page_title=Fees for domestic students | Current students | Te Herenga Waka—Victoria University of Wellington; raw=Law | 98.43 | 11811.60 ; repaired: VUW subject-band row; per_point_fee_nzd=98.43, annual_120_points_tuition_nzd=11811.6."
7004.0,Victoria University of Wellington,"Health (HEAL, HLTH), Nursing and Midwifery",,,,,2026,Domestic,11061.6,,per 120 points,official_subject_band_120_points,https://www.wgtn.ac.nz/students/money/fees/domestic,2026-05-14,"Domestic fee tables by subject area / point value.; HTML table 2, row 11; page_title=Fees for domestic students | Current students | Te Herenga Waka—Victoria University of Wellington; raw=Health (HEAL, HLTH), Nursing and Midwifery | 92.18 | 11061.60 ; repaired: VUW subject-band row; per_point_fee_nzd=92.18, annual_120_points_tuition_nzd=11061.6."
7004.0,Victoria University of Wellington,Engineering,,,,,2026,Domestic,11011.2,,per 120 points,official_subject_band_120_points,https://www.wgtn.ac.nz/students/money/fees/domestic,2026-05-14,"Domestic fee tables by subject area / point value.; HTML table 2, row 12; page_title=Fees for domestic students | Current students | Te Herenga Waka—Victoria University of Wellington; raw=Engineering | 91.76 | 11011.20 ; repaired: VUW subject-band row; per_point_fee_nzd=91.76, annual_120_points_tuition_nzd=11011.2."
7004.0,Victoria University of Wellington,Humanities and Social Sciences,,,,,2026,Domestic,9075.6,,per 120 points,official_subject_band_120_points,https://www.wgtn.ac.nz/students/money/fees/domestic,2026-05-14,"Domestic fee tables by subject area / point value.; HTML table 3, row 1; page_title=Fees for domestic students | Current students | Te Herenga Waka—Victoria University of Wellington; raw=Humanities and Social Sciences | 75.63 | 9075.6 ; repaired: VUW subject-band row; per_point_fee_nzd=75.63, annual_120_points_tuition_nzd=9075.6."
7004.0,Victoria University of Wellington,Education,,,,,2026,Domestic,9075.6,,per 120 points,official_subject_band_120_points,https://www.wgtn.ac.nz/students/money/fees/domestic,2026-05-14,"Domestic fee tables by subject area / point value.; HTML table 3, row 2; page_title=Fees for domestic students | Current students | Te Herenga Waka—Victoria University of Wellington; raw=Education | 75.63 | 9075.6 ; repaired: VUW subject-band row; per_point_fee_nzd=75.63, annual_120_points_tuition_nzd=9075.6."
7004.0,Victoria University of Wellington,Music,,,,,2026,Domestic,10162.8,,per 120 points,official_subject_band_120_points,https://www.wgtn.ac.nz/students/money/fees/domestic,2026-05-14,"Domestic fee tables by subject area / point value.; HTML table 3, row 3; page_title=Fees for domestic students | Current students | Te Herenga Waka—Victoria University of Wellington; raw=Music | 84.69 | 10162.8 ; repaired: VUW subject-band row; per_point_fee_nzd=84.69, annual_120_points_tuition_nzd=10162.8."
7004.0,Victoria University of Wellington,"Health (HLWB), Wellbeing and Hauora",,,,,2026,Domestic,10353.6,,per 120 points,official_subject_band_120_points,https://www.wgtn.ac.nz/students/money/fees/domestic,2026-05-14,"Domestic fee tables by subject area / point value.; HTML table 3, row 4; page_title=Fees for domestic students | Current students | Te Herenga Waka—Victoria University of Wellington; raw=Health (HLWB), Wellbeing and Hauora | 86.28 | 10353.6 ; repaired: VUW subject-band row; per_point_fee_nzd=86.28, annual_120_points_tuition_nzd=10353.6."
7004.0,Victoria University of Wellington,Commerce,,,,,2026,Domestic,10083.6,,per 120 points,official_subject_band_120_points,https://www.wgtn.ac.nz/students/money/fees/domestic,2026-05-14,"Domestic fee tables by subject area / point value.; HTML table 3, row 5; page_title=Fees for domestic students | Current students | Te Herenga Waka—Victoria University of Wellington; raw=Commerce | 84.03 | 10083.6 ; repaired: VUW subject-band row; per_point_fee_nzd=84.03, annual_120_points_tuition_nzd=10083.6."
7004.0,Victoria University of Wellington,Law,,,,,2026,Domestic,10083.6,,per 120 points,official_subject_band_120_points,https://www.wgtn.ac.nz/students/money/fees/domestic,2026-05-14,"Domestic fee tables by subject area / point value.; HTML table 3, row 6; page_title=Fees for domestic students | Current students | Te Herenga Waka—Victoria University of Wellington; raw=Law | 84.03 | 10083.6 ; repaired: VUW subject-band row; per_point_fee_nzd=84.03, annual_120_points_tuition_nzd=10083.6."
7004.0,Victoria University of Wellington,Mathematics and Statistics,,,,,2026,Domestic,10180.8,,per 120 points,official_subject_band_120_points,https://www.wgtn.ac.nz/students/money/fees/domestic,2026-05-14,"Domestic fee tables by subject area / point value.; HTML table 3, row 7; page_title=Fees for domestic students | Current students | Te Herenga Waka—Victoria University of Wellington; raw=Mathematics and Statistics | 84.84 | 10180.8 ; repaired: VUW subject-band row; per_point_fee_nzd=84.84, annual_120_points_tuition_nzd=10180.8."
7004.0,Victoria University of Wellington,Architecture and Design,,,,,2026,Domestic,10501.2,,per 120 points,official_subject_band_120_points,https://www.wgtn.ac.nz/students/money/fees/domestic,2026-05-14,"Domestic fee tables by subject area / point value.; HTML table 3, row 8; page_title=Fees for domestic students | Current students | Te Herenga Waka—Victoria University of Wellington; raw=Architecture and Design | 87.51 | 10501.2 ; repaired: VUW subject-band row; per_point_fee_nzd=87.51, annual_120_points_tuition_nzd=10501.2."
7004.0,Victoria University of Wellington,Psychology and Computer Science,,,,,2026,Domestic,10501.2,,per 120 points,official_subject_band_120_points,https://www.wgtn.ac.nz/students/money/fees/domestic,2026-05-14,"Domestic fee tables by subject area / point value.; HTML table 3, row 9; page_title=Fees for domestic students | Current students | Te Herenga Waka—Victoria University of Wellington; raw=Psychology and Computer Science | 87.51 | 10501.2 ; repaired: VUW subject-band row; per_point_fee_nzd=87.51, annual_120_points_tuition_nzd=10501.2."
7004.0,Victoria University of Wellington,"Health (HEAL, HLTH), Nursing and Midwifery",,,,,2026,Domestic,10570.8,,per 120 points,official_subject_band_120_points,https://www.wgtn.ac.nz/students/money/fees/domestic,2026-05-14,"Domestic fee tables by subject area / point value.; HTML table 3, row 10; page_title=Fees for domestic students | Current students | Te Herenga Waka—Victoria University of Wellington; raw=Health (HEAL, HLTH), Nursing and Midwifery | 88.09 | 10570.8 ; repaired: VUW subject-band row; per_point_fee_nzd=88.09, annual_120_points_tuition_nzd=10570.8."
7004.0,Victoria University of Wellington,"Chemical, Physical, Biological and Earth Sciences",,,,,2026,Domestic,10570.8,,per 120 points,official_subject_band_120_points,https://www.wgtn.ac.nz/students/money/fees/domestic,2026-05-14,"Domestic fee tables by subject area / point value.; HTML table 3, row 11; page_title=Fees for domestic students | Current students | Te Herenga Waka—Victoria University of Wellington; raw=Chemical, Physical, Biological and Earth Sciences | 88.09 | 10570.8 ; repaired: VUW subject-band row; per_point_fee_nzd=88.09, annual_120_points_tuition_nzd=10570.8."
7004.0,Victoria University of Wellington,Engineering,,,,,2026,Domestic,10501.2,,per 120 points,official_subject_band_120_points,https://www.wgtn.ac.nz/students/money/fees/domestic,2026-05-14,"Domestic fee tables by subject area / point value.; HTML table 3, row 12; page_title=Fees for domestic students | Current students | Te Herenga Waka—Victoria University of Wellington; raw=Engineering | 87.51 | 10501.2 ; repaired: VUW subject-band row; per_point_fee_nzd=87.51, annual_120_points_tuition_nzd=10501.2."
7004.0,Victoria University of Wellington,Humanities and Social Sciences,,,,,2026,International,35361.6,,per 120 points,official_subject_band_120_points,https://www.wgtn.ac.nz/students/money/fees/international,2026-05-14,"International fee tables by subject area / point value.; HTML table 1, row 1; page_title=Fees for international students | Current students | Te Herenga Waka—Victoria University of Wellington; raw=Humanities and Social Sciences | 294.68 | 35361.6 ; repaired: VUW subject-band row; per_point_fee_nzd=294.68, annual_120_points_tuition_nzd=35361.6."
7004.0,Victoria University of Wellington,Education,,,,,2026,International,35361.6,,per 120 points,official_subject_band_120_points,https://www.wgtn.ac.nz/students/money/fees/international,2026-05-14,"International fee tables by subject area / point value.; HTML table 1, row 2; page_title=Fees for international students | Current students | Te Herenga Waka—Victoria University of Wellington; raw=Education | 294.68 | 35361.6 ; repaired: VUW subject-band row; per_point_fee_nzd=294.68, annual_120_points_tuition_nzd=35361.6."
7004.0,Victoria University of Wellington,Music,,,,,2026,International,41128.8,,per 120 points,official_subject_band_120_points,https://www.wgtn.ac.nz/students/money/fees/international,2026-05-14,"International fee tables by subject area / point value.; HTML table 1, row 3; page_title=Fees for international students | Current students | Te Herenga Waka—Victoria University of Wellington; raw=Music | 342.74 | 41128.8 ; repaired: VUW subject-band row; per_point_fee_nzd=342.74, annual_120_points_tuition_nzd=41128.8."
7004.0,Victoria University of Wellington,Health and Midwifery,,,,,2026,International,37368.0,,per 120 points,official_subject_band_120_points,https://www.wgtn.ac.nz/students/money/fees/international,2026-05-14,"International fee tables by subject area / point value.; HTML table 1, row 4; page_title=Fees for international students | Current students | Te Herenga Waka—Victoria University of Wellington; raw=Health and Midwifery | 311.4 | 37368.0 ; repaired: VUW subject-band row; per_point_fee_nzd=311.4, annual_120_points_tuition_nzd=37368.0."
7004.0,Victoria University of Wellington,Commerce,,,,,2026,International,37545.6,,per 120 points,official_subject_band_120_points,https://www.wgtn.ac.nz/students/money/fees/international,2026-05-14,"International fee tables by subject area / point value.; HTML table 1, row 5; page_title=Fees for international students | Current students | Te Herenga Waka—Victoria University of Wellington; raw=Commerce | 312.88 | 37545.6 ; repaired: VUW subject-band row; per_point_fee_nzd=312.88, annual_120_points_tuition_nzd=37545.6."
7004.0,Victoria University of Wellington,Law,,,,,2026,International,41323.2,,per 120 points,official_subject_band_120_points,https://www.wgtn.ac.nz/students/money/fees/international,2026-05-14,"International fee tables by subject area / point value.; HTML table 1, row 6; page_title=Fees for international students | Current students | Te Herenga Waka—Victoria University of Wellington; raw=Law | 344.36 | 41323.2 ; repaired: VUW subject-band row; per_point_fee_nzd=344.36, annual_120_points_tuition_nzd=41323.2."
7004.0,Victoria University of Wellington,Science,,,,,2026,International,40464.0,,per 120 points,official_subject_band_120_points,https://www.wgtn.ac.nz/students/money/fees/international,2026-05-14,"International fee tables by subject area / point value.; HTML table 1, row 7; page_title=Fees for international students | Current students | Te Herenga Waka—Victoria University of Wellington; raw=Science | 337.2 | 40464.0 ; repaired: VUW subject-band row; per_point_fee_nzd=337.2, annual_120_points_tuition_nzd=40464.0."
7004.0,Victoria University of Wellington,Design,,,,,2026,International,41886.0,,per 120 points,official_subject_band_120_points,https://www.wgtn.ac.nz/students/money/fees/international,2026-05-14,"International fee tables by subject area / point value.; HTML table 1, row 8; page_title=Fees for international students | Current students | Te Herenga Waka—Victoria University of Wellington; raw=Design | 349.05 | 41886.0 ; repaired: VUW subject-band row; per_point_fee_nzd=349.05, annual_120_points_tuition_nzd=41886.0."
7004.0,Victoria University of Wellington,Architecture,,,,,2026,International,44469.6,,per 120 points,official_subject_band_120_points,https://www.wgtn.ac.nz/students/money/fees/international,2026-05-14,"International fee tables by subject area / point value.; HTML table 1, row 9; page_title=Fees for international students | Current students | Te Herenga Waka—Victoria University of Wellington; raw=Architecture | 370.58 | 44469.6 ; repaired: VUW subject-band row; per_point_fee_nzd=370.58, annual_120_points_tuition_nzd=44469.6."
7004.0,Victoria University of Wellington,Engineering,,,,,2026,International,46450.8,,per 120 points,official_subject_band_120_points,https://www.wgtn.ac.nz/students/money/fees/international,2026-05-14,"International fee tables by subject area / point value.; HTML table 1, row 10; page_title=Fees for international students | Current students | Te Herenga Waka—Victoria University of Wellington; raw=Engineering | 387.09 | 46450.8 ; repaired: VUW subject-band row; per_point_fee_nzd=387.09, annual_120_points_tuition_nzd=46450.8."
7004.0,Victoria University of Wellington,Humanities and Social Sciences,,,,,2026,International,38301.6,,per 120 points,official_subject_band_120_points,https://www.wgtn.ac.nz/students/money/fees/international,2026-05-14,"International fee tables by subject area / point value.; HTML table 2, row 1; page_title=Fees for international students | Current students | Te Herenga Waka—Victoria University of Wellington; raw=Humanities and Social Sciences | 319.18 | 38301.6 ; repaired: VUW subject-band row; per_point_fee_nzd=319.18, annual_120_points_tuition_nzd=38301.6."
7004.0,Victoria University of Wellington,Education,,,,,2026,International,38301.6,,per 120 points,official_subject_band_120_points,https://www.wgtn.ac.nz/students/money/fees/international,2026-05-14,"International fee tables by subject area / point value.; HTML table 2, row 2; page_title=Fees for international students | Current students | Te Herenga Waka—Victoria University of Wellington; raw=Education | 319.18 | 38301.6 ; repaired: VUW subject-band row; per_point_fee_nzd=319.18, annual_120_points_tuition_nzd=38301.6."
7004.0,Victoria University of Wellington,Music,,,,,2026,International,44325.6,,per 120 points,official_subject_band_120_points,https://www.wgtn.ac.nz/students/money/fees/international,2026-05-14,"International fee tables by subject area / point value.; HTML table 2, row 3; page_title=Fees for international students | Current students | Te Herenga Waka—Victoria University of Wellington; raw=Music | 369.38 | 44325.6 ; repaired: VUW subject-band row; per_point_fee_nzd=369.38, annual_120_points_tuition_nzd=44325.6."
7004.0,Victoria University of Wellington,Commerce,,,,,2026,International,38791.2,,per 120 points,official_subject_band_120_points,https://www.wgtn.ac.nz/students/money/fees/international,2026-05-14,"International fee tables by subject area / point value.; HTML table 2, row 4; page_title=Fees for international students | Current students | Te Herenga Waka—Victoria University of Wellington; raw=Commerce | 323.26 | 38791.2 ; repaired: VUW subject-band row; per_point_fee_nzd=323.26, annual_120_points_tuition_nzd=38791.2."
7004.0,Victoria University of Wellington,Law,,,,,2026,International,43678.8,,per 120 points,official_subject_band_120_points,https://www.wgtn.ac.nz/students/money/fees/international,2026-05-14,"International fee tables by subject area / point value.; HTML table 2, row 5; page_title=Fees for international students | Current students | Te Herenga Waka—Victoria University of Wellington; raw=Law | 363.99 | 43678.8 ; repaired: VUW subject-band row; per_point_fee_nzd=363.99, annual_120_points_tuition_nzd=43678.8."
7004.0,Victoria University of Wellington,Science,,,,,2026,International,45432.0,,per 120 points,official_subject_band_120_points,https://www.wgtn.ac.nz/students/money/fees/international,2026-05-14,"International fee tables by subject area / point value.; HTML table 2, row 6; page_title=Fees for international students | Current students | Te Herenga Waka—Victoria University of Wellington; raw=Science | 378.6 | 45432.0 ; repaired: VUW subject-band row; per_point_fee_nzd=378.6, annual_120_points_tuition_nzd=45432.0."
7004.0,Victoria University of Wellington,Design,,,,,2026,International,46944.0,,per 120 points,official_subject_band_120_points,https://www.wgtn.ac.nz/students/money/fees/international,2026-05-14,"International fee tables by subject area / point value.; HTML table 2, row 7; page_title=Fees for international students | Current students | Te Herenga Waka—Victoria University of Wellington; raw=Design | 391.2 | 46944.0 ; repaired: VUW subject-band row; per_point_fee_nzd=391.2, annual_120_points_tuition_nzd=46944.0."
7004.0,Victoria University of Wellington,Architecture,,,,,2026,International,48391.2,,per 120 points,official_subject_band_120_points,https://www.wgtn.ac.nz/students/money/fees/international,2026-05-14,"International fee tables by subject area / point value.; HTML table 2, row 8; page_title=Fees for international students | Current students | Te Herenga Waka—Victoria University of Wellington; raw=Architecture | 403.26 | 48391.2 ; repaired: VUW subject-band row; per_point_fee_nzd=403.26, annual_120_points_tuition_nzd=48391.2."
7004.0,Victoria University of Wellington,Engineering,,,,,2026,International,49430.4,,per 120 points,official_subject_band_120_points,https://www.wgtn.ac.nz/students/money/fees/international,2026-05-14,"International fee tables by subject area / point value.; HTML table 2, row 9; page_title=Fees for international students | Current students | Te Herenga Waka—Victoria University of Wellington; raw=Engineering | 411.92 | 49430.4 ; repaired: VUW subject-band row; per_point_fee_nzd=411.92, annual_120_points_tuition_nzd=49430.4."
7004.0,Victoria University of Wellington,"Health, Nursing and Midwifery",,,,,2026,International,37854.0,,per 120 points,official_subject_band_120_points,https://www.wgtn.ac.nz/students/money/fees/international,2026-05-14,"International fee tables by subject area / point value.; HTML table 2, row 10; page_title=Fees for international students | Current students | Te Herenga Waka—Victoria University of Wellington; raw=Health, Nursing and Midwifery | 315.45 | 37854.0 ; repaired: VUW subject-band row; per_point_fee_nzd=315.45, annual_120_points_tuition_nzd=37854.0."
7006.0,Lincoln University,Pathway Certificate (Foundation),,,Pathway / Foundation,Certificate,2026,Domestic,3168.0,,"per 60 credits, (one semester) points/credits",official_programme_estimate,https://www.lincoln.ac.nz/study/fees/domestic-fees/,2026-05-14,"Domestic fee estimates by programme.; HTML table 1, row 2; page_title=Domestic fees estimates :: Lincoln University; raw=Pathway Certificate (Foundation) | $3168 | 60 credits, (one semester); amount repaired from notes using single_amount_from_notes; original_tuition_fee_nzd=316.0"
7006.0,Lincoln University,First Year Pathway Diploma,,,Pathway / Foundation,Diploma,2026,Domestic,7473.0,,per 120 points,official_programme_estimate,https://www.lincoln.ac.nz/study/fees/domestic-fees/,2026-05-14,"Domestic fee estimates by programme.; HTML table 1, row 3; page_title=Domestic fees estimates :: Lincoln University; raw=First Year Pathway Diploma | $7473 | 120 credits (one year); amount repaired from notes using single_amount_from_notes; original_tuition_fee_nzd=747.0"
7006.0,Lincoln University,Diploma,Agriculture,,Diploma,Diploma,2026,Domestic,8633.0,,per 120 points,official_programme_estimate,https://www.lincoln.ac.nz/study/fees/domestic-fees/,2026-05-14,"Domestic fee estimates by programme.; HTML table 1, row 5; page_title=Domestic fees estimates :: Lincoln University; raw=Diploma in Agriculture | $8633 | 120 credits (one year); amount repaired from notes using single_amount_from_notes; original_tuition_fee_nzd=863.0"
7006.0,Lincoln University,Diploma,Farm Management,,Diploma,Diploma,2026,Domestic,8655.0,,per 120 points,official_programme_estimate,https://www.lincoln.ac.nz/study/fees/domestic-fees/,2026-05-14,"Domestic fee estimates by programme.; HTML table 1, row 6; page_title=Domestic fees estimates :: Lincoln University; raw=Diploma in Farm Management | $8655 | 120 credits (one year); amount repaired from notes using single_amount_from_notes; original_tuition_fee_nzd=865.0"
7006.0,Lincoln University,Diploma,Horticulture,,Diploma,Diploma,2026,Domestic,8615.0,,per 120 points,official_programme_estimate,https://www.lincoln.ac.nz/study/fees/domestic-fees/,2026-05-14,"Domestic fee estimates by programme.; HTML table 1, row 7; page_title=Domestic fees estimates :: Lincoln University; raw=Diploma in Horticulture | $8615 | 120 credits (one year); amount repaired from notes using single_amount_from_notes; original_tuition_fee_nzd=861.0"
7006.0,Lincoln University,Diploma,Horticultural Management,,Diploma,Diploma,2026,Domestic,8466.0,,per 120 points,official_programme_estimate,https://www.lincoln.ac.nz/study/fees/domestic-fees/,2026-05-14,"Domestic fee estimates by programme.; HTML table 1, row 8; page_title=Domestic fees estimates :: Lincoln University; raw=Diploma in Horticultural Management | $8466 | 120 credits (one year); amount repaired from notes using single_amount_from_notes; original_tuition_fee_nzd=846.0"
7006.0,Lincoln University,Diploma,Horticultural Business,,Diploma,Diploma,2026,Domestic,8659.0,,per 120 points,official_programme_estimate,https://www.lincoln.ac.nz/study/fees/domestic-fees/,2026-05-14,"Domestic fee estimates by programme.; HTML table 1, row 9; page_title=Domestic fees estimates :: Lincoln University; raw=Diploma in Horticultural Business | $8659 | 120 credits (one year); amount repaired from notes using single_amount_from_notes; original_tuition_fee_nzd=865.0"
7006.0,Lincoln University,Diploma,Commerce,,Diploma,Diploma,2026,Domestic,7304.0,,per 120 points,official_programme_estimate,https://www.lincoln.ac.nz/study/fees/domestic-fees/,2026-05-14,"Domestic fee estimates by programme.; HTML table 1, row 10; page_title=Domestic fees estimates :: Lincoln University; raw=Diploma in Commerce | $7304 | 120 credits (one year); amount repaired from notes using single_amount_from_notes; original_tuition_fee_nzd=730.0"
7006.0,Lincoln University,Diploma,Natural Resources,,Diploma,Diploma,2026,Domestic,7832.0,,per 120 points,official_programme_estimate,https://www.lincoln.ac.nz/study/fees/domestic-fees/,2026-05-14,"Domestic fee estimates by programme.; HTML table 1, row 11; page_title=Domestic fees estimates :: Lincoln University; raw=Diploma in Natural Resources | $7832 | 120 credits (one year); amount repaired from notes using single_amount_from_notes; original_tuition_fee_nzd=783.0"
7006.0,Lincoln University,Diploma,Applied Science,,Diploma,Diploma,2026,Domestic,8733.0,,per 120 points,official_programme_estimate,https://www.lincoln.ac.nz/study/fees/domestic-fees/,2026-05-14,"Domestic fee estimates by programme.; HTML table 1, row 12; page_title=Domestic fees estimates :: Lincoln University; raw=Diploma in Applied Science | $8733 | 120 credits (one year); amount repaired from notes using single_amount_from_notes; original_tuition_fee_nzd=873.0"
7006.0,Lincoln University,Bachelor of Agribusiness and Food Marketing,,,Undergraduate,Bachelor,2026,Domestic,7604.0,,per 120 points,official_programme_estimate,https://www.lincoln.ac.nz/study/fees/domestic-fees/,2026-05-14,"Domestic fee estimates by programme.; HTML table 1, row 14; page_title=Domestic fees estimates :: Lincoln University; raw=Bachelor of Agribusiness and Food Marketing | $7604 | 120 credits (one year); amount repaired from notes using single_amount_from_notes; original_tuition_fee_nzd=760.0"
7006.0,Lincoln University,Bachelor of Agricultural Science,,,Undergraduate,Bachelor,2026,Domestic,8689.0,,per 120 points,official_programme_estimate,https://www.lincoln.ac.nz/study/fees/domestic-fees/,2026-05-14,"Domestic fee estimates by programme.; HTML table 1, row 15; page_title=Domestic fees estimates :: Lincoln University; raw=Bachelor of Agricultural Science | $8689 | 120 credits (one year); amount repaired from notes using single_amount_from_notes; original_tuition_fee_nzd=868.0"
7006.0,Lincoln University,Bachelor of Agriculture,,,Undergraduate,Bachelor,2026,Domestic,8690.0,,per 120 points,official_programme_estimate,https://www.lincoln.ac.nz/study/fees/domestic-fees/,2026-05-14,"Domestic fee estimates by programme.; HTML table 1, row 16; page_title=Domestic fees estimates :: Lincoln University; raw=Bachelor of Agriculture | $8690 | 120 credits (one year); amount repaired from notes using single_amount_from_notes; original_tuition_fee_nzd=869.0"
7006.0,Lincoln University,Bachelor of Commerce,,,Undergraduate,Bachelor,2026,Domestic,7234.0,,per 120 points,official_programme_estimate,https://www.lincoln.ac.nz/study/fees/domestic-fees/,2026-05-14,"Domestic fee estimates by programme.; HTML table 1, row 17; page_title=Domestic fees estimates :: Lincoln University; raw=Bachelor of Commerce | $7234 | 120 credits (one year); amount repaired from notes using single_amount_from_notes; original_tuition_fee_nzd=723.0"
7006.0,Lincoln University,Bachelor of Commerce (Agriculture and Professional Accounting),,,Undergraduate,Bachelor,2026,Domestic,7810.0,,per 120 points,official_programme_estimate,https://www.lincoln.ac.nz/study/fees/domestic-fees/,2026-05-14,"Domestic fee estimates by programme.; HTML table 1, row 18; page_title=Domestic fees estimates :: Lincoln University; raw=Bachelor of Commerce (Agriculture and Professional Accounting) | $7810 | 120 credits (one year); amount repaired from notes using single_amount_from_notes; original_tuition_fee_nzd=781.0"
7006.0,Lincoln University,Bachelor of Commerce (Horticulture),,,Undergraduate,Bachelor,2026,Domestic,8056.0,,per 120 points,official_programme_estimate,https://www.lincoln.ac.nz/study/fees/domestic-fees/,2026-05-14,"Domestic fee estimates by programme.; HTML table 1, row 19; page_title=Domestic fees estimates :: Lincoln University; raw=Bachelor of Commerce (Horticulture) | $8056 | 120 credits (one year); amount repaired from notes using single_amount_from_notes; original_tuition_fee_nzd=805.0"
7006.0,Lincoln University,Bachelor of Commerce (Agriculture),,,Undergraduate,Bachelor,2026,Domestic,8262.0,,per 120 points,official_programme_estimate,https://www.lincoln.ac.nz/study/fees/domestic-fees/,2026-05-14,"Domestic fee estimates by programme.; HTML table 1, row 20; page_title=Domestic fees estimates :: Lincoln University; raw=Bachelor of Commerce (Agriculture) | $8262 | 120 credits (one year); amount repaired from notes using single_amount_from_notes; original_tuition_fee_nzd=826.0"
7006.0,Lincoln University,Bachelor of Commerce (Sustainability),,,Undergraduate,Bachelor,2026,Domestic,7818.0,,per 120 points,official_programme_estimate,https://www.lincoln.ac.nz/study/fees/domestic-fees/,2026-05-14,"Domestic fee estimates by programme.; HTML table 1, row 21; page_title=Domestic fees estimates :: Lincoln University; raw=Bachelor of Commerce (Sustainability) | $7818 | 120 credits (one year); amount repaired from notes using single_amount_from_notes; original_tuition_fee_nzd=781.0"
7006.0,Lincoln University,Bachelor of Environmental Policy and Planning (Honours),year four,,Undergraduate,Bachelor with Honours,2026,Domestic,9388.0,,per 120 points,official_programme_estimate,https://www.lincoln.ac.nz/study/fees/domestic-fees/,2026-05-14,"Domestic fee estimates by programme.; HTML table 1, row 22; page_title=Domestic fees estimates :: Lincoln University; raw=Bachelor of Environmental Policy and Planning (Honours) - year four | $9388 | 120 credits (one year); amount repaired from notes using single_amount_from_notes; original_tuition_fee_nzd=938.0"
7006.0,Lincoln University,Bachelor of Environmental Policy and Planning (Honours),years one to three,,Undergraduate,Bachelor with Honours,2026,Domestic,8009.0,,per 120 points,official_programme_estimate,https://www.lincoln.ac.nz/study/fees/domestic-fees/,2026-05-14,"Domestic fee estimates by programme.; HTML table 1, row 23; page_title=Domestic fees estimates :: Lincoln University; raw=Bachelor of Environmental Policy and Planning (Honours) - years one to three | $8009 | 120 credits (one year); amount repaired from notes using single_amount_from_notes; original_tuition_fee_nzd=800.0"
7006.0,Lincoln University,Bachelor of Environmental Management,,,Undergraduate,Bachelor,2026,Domestic,8168.0,,per 120 points,official_programme_estimate,https://www.lincoln.ac.nz/study/fees/domestic-fees/,2026-05-14,"Domestic fee estimates by programme.; HTML table 1, row 24; page_title=Domestic fees estimates :: Lincoln University; raw=Bachelor of Environmental Management | $8168 | 120 credits (one year); amount repaired from notes using single_amount_from_notes; original_tuition_fee_nzd=816.0"
7006.0,Lincoln University,Bachelor of Land and Property Management,,,Undergraduate,Bachelor,2026,Domestic,7368.0,,per 120 points,official_programme_estimate,https://www.lincoln.ac.nz/study/fees/domestic-fees/,2026-05-14,"Domestic fee estimates by programme.; HTML table 1, row 25; page_title=Domestic fees estimates :: Lincoln University; raw=Bachelor of Land and Property Management | $7368 | 120 credits (one year); amount repaired from notes using single_amount_from_notes; original_tuition_fee_nzd=736.0"
7006.0,Lincoln University,Bachelor of Landscape Architecture,,,Undergraduate,Bachelor,2026,Domestic,9295.0,,per 120 points,official_programme_estimate,https://www.lincoln.ac.nz/study/fees/domestic-fees/,2026-05-14,"Domestic fee estimates by programme.; HTML table 1, row 26; page_title=Domestic fees estimates :: Lincoln University; raw=Bachelor of Landscape Architecture | $9295 | 120 credits (one year); amount repaired from notes using single_amount_from_notes; original_tuition_fee_nzd=929.0"
7006.0,Lincoln University,Bachelor of Landscape Architecture (Graduate),,,Undergraduate,Bachelor,2026,Domestic,8994.0,,per 120 points,official_programme_estimate,https://www.lincoln.ac.nz/study/fees/domestic-fees/,2026-05-14,"Domestic fee estimates by programme.; HTML table 1, row 27; page_title=Domestic fees estimates :: Lincoln University; raw=Bachelor of Landscape Architecture (Graduate) | $8994 | 120 credits (one year); amount repaired from notes using single_amount_from_notes; original_tuition_fee_nzd=899.0"
7006.0,Lincoln University,Bachelor of Landscape Architecture (Intermediate Year),,,Undergraduate,Bachelor,2026,Domestic,8888.0,,per 120 points,official_programme_estimate,https://www.lincoln.ac.nz/study/fees/domestic-fees/,2026-05-14,"Domestic fee estimates by programme.; HTML table 1, row 28; page_title=Domestic fees estimates :: Lincoln University; raw=Bachelor of Landscape Architecture (Intermediate Year) | $8888 | 120 credits (one year); amount repaired from notes using single_amount_from_notes; original_tuition_fee_nzd=888.0"
7006.0,Lincoln University,Bachelor of Science,,,Undergraduate,Bachelor,2026,Domestic,8536.0,,per 120 points,official_programme_estimate,https://www.lincoln.ac.nz/study/fees/domestic-fees/,2026-05-14,"Domestic fee estimates by programme.; HTML table 1, row 30; page_title=Domestic fees estimates :: Lincoln University; raw=Bachelor of Science | $8536 | 120 credits (one year; amount repaired from notes using single_amount_from_notes; original_tuition_fee_nzd=853.0"
7006.0,Lincoln University,Bachelor of Sport and Recreation Management,,,Undergraduate,Bachelor,2026,Domestic,7383.0,,per 120 points,official_programme_estimate,https://www.lincoln.ac.nz/study/fees/domestic-fees/,2026-05-14,"Domestic fee estimates by programme.; HTML table 1, row 31; page_title=Domestic fees estimates :: Lincoln University; raw=Bachelor of Sport and Recreation Management | $7383 | 120 credits (one year); amount repaired from notes using single_amount_from_notes; original_tuition_fee_nzd=738.0"
7006.0,Lincoln University,Bachelor of Sustainable Tourism,,,Undergraduate,Bachelor,2026,Domestic,7436.0,,per 120 points,official_programme_estimate,https://www.lincoln.ac.nz/study/fees/domestic-fees/,2026-05-14,"Domestic fee estimates by programme.; HTML table 1, row 32; page_title=Domestic fees estimates :: Lincoln University; raw=Bachelor of Sustainable Tourism | $7436 | 120 credits (one year); amount repaired from notes using single_amount_from_notes; original_tuition_fee_nzd=743.0"
7006.0,Lincoln University,Bachelor of Tourism Management,,,Undergraduate,Bachelor,2026,Domestic,7174.0,,per 120 points,official_programme_estimate,https://www.lincoln.ac.nz/study/fees/domestic-fees/,2026-05-14,"Domestic fee estimates by programme.; HTML table 1, row 33; page_title=Domestic fees estimates :: Lincoln University; raw=Bachelor of Tourism Management | $7174 | 120 credits (one year); amount repaired from notes using single_amount_from_notes; original_tuition_fee_nzd=717.0"
7006.0,Lincoln University,Bachelor of Viticulture and Oenology,,,Undergraduate,Bachelor,2026,Domestic,8639.0,,per 120 points,official_programme_estimate,https://www.lincoln.ac.nz/study/fees/domestic-fees/,2026-05-14,"Domestic fee estimates by programme.; HTML table 1, row 34; page_title=Domestic fees estimates :: Lincoln University; raw=Bachelor of Viticulture and Oenology | $8639 | 120 credits (one year); amount repaired from notes using single_amount_from_notes; original_tuition_fee_nzd=863.0"
7006.0,Lincoln University,Bachelor of Agricultural Science with Honours,,,Undergraduate,Bachelor with Honours,2026,Domestic,9192.0,,per 120 points,official_programme_estimate,https://www.lincoln.ac.nz/study/fees/domestic-fees/,2026-05-14,"Domestic fee estimates by programme.; HTML table 1, row 36; page_title=Domestic fees estimates :: Lincoln University; raw=Bachelor of Agricultural Science with Honours | $9192 | 120 credits (one year); amount repaired from notes using single_amount_from_notes; original_tuition_fee_nzd=919.0"
7006.0,Lincoln University,Bachelor of Commerce with Honours,,,Undergraduate,Bachelor with Honours,2026,Domestic,8881.0,,per 120 points,official_programme_estimate,https://www.lincoln.ac.nz/study/fees/domestic-fees/,2026-05-14,"Domestic fee estimates by programme.; HTML table 1, row 37; page_title=Domestic fees estimates :: Lincoln University; raw=Bachelor of Commerce with Honours | $8881 | 120 credits (one year); amount repaired from notes using single_amount_from_notes; original_tuition_fee_nzd=888.0"
7006.0,Lincoln University,Bachelor of Environment and Society with Honours,,,Undergraduate,Bachelor with Honours,2026,Domestic,8881.0,,per 120 points,official_programme_estimate,https://www.lincoln.ac.nz/study/fees/domestic-fees/,2026-05-14,"Domestic fee estimates by programme.; HTML table 1, row 38; page_title=Domestic fees estimates :: Lincoln University; raw=Bachelor of Environment and Society with Honours | $8881 | 120 credits (one year); amount repaired from notes using single_amount_from_notes; original_tuition_fee_nzd=888.0"
7006.0,Lincoln University,Bachelor of Environmental Management with Honours,,,Undergraduate,Bachelor with Honours,2026,Domestic,8881.0,,per 120 points,official_programme_estimate,https://www.lincoln.ac.nz/study/fees/domestic-fees/,2026-05-14,"Domestic fee estimates by programme.; HTML table 1, row 39; page_title=Domestic fees estimates :: Lincoln University; raw=Bachelor of Environmental Management with Honours | $8881 | 120 credits (one year); amount repaired from notes using single_amount_from_notes; original_tuition_fee_nzd=888.0"
7006.0,Lincoln University,Bachelor of Science with Honours,,,Undergraduate,Bachelor with Honours,2026,Domestic,9418.0,,per 120 points,official_programme_estimate,https://www.lincoln.ac.nz/study/fees/domestic-fees/,2026-05-14,"Domestic fee estimates by programme.; HTML table 1, row 40; page_title=Domestic fees estimates :: Lincoln University; raw=Bachelor of Science with Honours | $9418 | 120 credits (one year); amount repaired from notes using single_amount_from_notes; original_tuition_fee_nzd=941.0"
7006.0,Lincoln University,Bachelor of Sport and Recreation Management with Honours,,,Undergraduate,Bachelor with Honours,2026,Domestic,8881.0,,per 120 points,official_programme_estimate,https://www.lincoln.ac.nz/study/fees/domestic-fees/,2026-05-14,"Domestic fee estimates by programme.; HTML table 1, row 41; page_title=Domestic fees estimates :: Lincoln University; raw=Bachelor of Sport and Recreation Management with Honours | $8881 | 120 credits (one year); amount repaired from notes using single_amount_from_notes; original_tuition_fee_nzd=888.0"
7006.0,Lincoln University,Bachelor of Tourism Management with Honours,,,Undergraduate,Bachelor with Honours,2026,Domestic,8881.0,,per 120 points,official_programme_estimate,https://www.lincoln.ac.nz/study/fees/domestic-fees/,2026-05-14,"Domestic fee estimates by programme.; HTML table 1, row 42; page_title=Domestic fees estimates :: Lincoln University; raw=Bachelor of Tourism Management with Honours | $8881 | 120 credits (one year); amount repaired from notes using single_amount_from_notes; original_tuition_fee_nzd=888.0"
7006.0,Lincoln University,Bachelor of Viticulture and Oenology with Honours,,,Undergraduate,Bachelor with Honours,2026,Domestic,8881.0,,per 120 points,official_programme_estimate,https://www.lincoln.ac.nz/study/fees/domestic-fees/,2026-05-14,"Domestic fee estimates by programme.; HTML table 1, row 43; page_title=Domestic fees estimates :: Lincoln University; raw=Bachelor of Viticulture and Oenology with Honours | $8881 | 120 credits (one year); amount repaired from notes using single_amount_from_notes; original_tuition_fee_nzd=888.0"
7006.0,Lincoln University,Graduate Certificate,Applied Science,,Postgraduate,Graduate Certificate,2026,Domestic,4553.0,,per 60 credits (one semester) points/credits,official_programme_estimate,https://www.lincoln.ac.nz/study/fees/domestic-fees/,2026-05-14,"Domestic fee estimates by programme.; HTML table 1, row 45; page_title=Domestic fees estimates :: Lincoln University; raw=Graduate Certificate in Applied Science | $4553 | 60 credits (one semester); amount repaired from notes using single_amount_from_notes; original_tuition_fee_nzd=455.0"
7006.0,Lincoln University,Graduate Certificate,Business and Sustainability,,Postgraduate,Graduate Certificate,2026,Domestic,3800.0,,per 60 credits (one semester) points/credits,official_programme_estimate,https://www.lincoln.ac.nz/study/fees/domestic-fees/,2026-05-14,"Domestic fee estimates by programme.; HTML table 1, row 46; page_title=Domestic fees estimates :: Lincoln University; raw=Graduate Certificate in Business and Sustainability | $3800 | 60 credits (one semester); amount repaired from notes using single_amount_from_notes; original_tuition_fee_nzd=380.0"
7006.0,Lincoln University,Graduate Certificate,Commerce,,Postgraduate,Graduate Certificate,2026,Domestic,3861.0,,per 60 credits (one semester) points/credits,official_programme_estimate,https://www.lincoln.ac.nz/study/fees/domestic-fees/,2026-05-14,"Domestic fee estimates by programme.; HTML table 1, row 47; page_title=Domestic fees estimates :: Lincoln University; raw=Graduate Certificate in Commerce | $3861 | 60 credits (one semester); amount repaired from notes using single_amount_from_notes; original_tuition_fee_nzd=386.0"
7006.0,Lincoln University,Graduate Certificate,Recreation Management,,Postgraduate,Graduate Certificate,2026,Domestic,3861.0,,per 60 credits (one semester) points/credits,official_programme_estimate,https://www.lincoln.ac.nz/study/fees/domestic-fees/,2026-05-14,"Domestic fee estimates by programme.; HTML table 1, row 48; page_title=Domestic fees estimates :: Lincoln University; raw=Graduate Certificate in Recreation Management | $3861 | 60 credits (one semester); amount repaired from notes using single_amount_from_notes; original_tuition_fee_nzd=386.0"
7006.0,Lincoln University,Graduate Certificate,Resource Studies,,Postgraduate,Graduate Certificate,2026,Domestic,3937.0,,per 60 credits (one semester) points/credits,official_programme_estimate,https://www.lincoln.ac.nz/study/fees/domestic-fees/,2026-05-14,"Domestic fee estimates by programme.; HTML table 1, row 49; page_title=Domestic fees estimates :: Lincoln University; raw=Graduate Certificate in Resource Studies | $3937 | 60 credits (one semester); amount repaired from notes using single_amount_from_notes; original_tuition_fee_nzd=393.0"
7006.0,Lincoln University,Graduate Certificate,Tourism Management,,Postgraduate,Graduate Certificate,2026,Domestic,3861.0,,per 60 credits (one semester) points/credits,official_programme_estimate,https://www.lincoln.ac.nz/study/fees/domestic-fees/,2026-05-14,"Domestic fee estimates by programme.; HTML table 1, row 50; page_title=Domestic fees estimates :: Lincoln University; raw=Graduate Certificate in Tourism Management | $3861 | 60 credits (one semester); amount repaired from notes using single_amount_from_notes; original_tuition_fee_nzd=386.0"
7006.0,Lincoln University,Pathway Certificate for MPA Entry,,,Pathway / Foundation,Certificate,2026,Domestic,3620.0,,per 60 credits (one semester) points/credits,official_programme_estimate,https://www.lincoln.ac.nz/study/fees/domestic-fees/,2026-05-14,"Domestic fee estimates by programme.; HTML table 1, row 51; page_title=Domestic fees estimates :: Lincoln University; raw=Pathway Certificate for MPA Entry | $3620 | 60 credits (one semester); amount repaired from notes using single_amount_from_notes; original_tuition_fee_nzd=362.0"
7006.0,Lincoln University,Graduate Diploma,Applied Science,,Postgraduate,Graduate Diploma,2026,Domestic,8669.0,,per 120 points,official_programme_estimate,https://www.lincoln.ac.nz/study/fees/domestic-fees/,2026-05-14,"Domestic fee estimates by programme.; HTML table 1, row 52; page_title=Domestic fees estimates :: Lincoln University; raw=Graduate Diploma in Applied Science | $8669 | 120 credits (one year); amount repaired from notes using single_amount_from_notes; original_tuition_fee_nzd=866.0"
7006.0,Lincoln University,Graduate Diploma,Business and Sustainability,,Postgraduate,Graduate Diploma,2026,Domestic,7565.0,,per 120 points,official_programme_estimate,https://www.lincoln.ac.nz/study/fees/domestic-fees/,2026-05-14,"Domestic fee estimates by programme.; HTML table 1, row 53; page_title=Domestic fees estimates :: Lincoln University; raw=Graduate Diploma in Business and Sustainability | $7565 | 120 credits (one year); amount repaired from notes using single_amount_from_notes; original_tuition_fee_nzd=756.0"
7006.0,Lincoln University,Graduate Diploma,Commerce,,Postgraduate,Graduate Diploma,2026,Domestic,7132.0,,per 120 points,official_programme_estimate,https://www.lincoln.ac.nz/study/fees/domestic-fees/,2026-05-14,"Domestic fee estimates by programme.; HTML table 1, row 54; page_title=Domestic fees estimates :: Lincoln University; raw=Graduate Diploma in Commerce | $7132 | 120 credits (one year); amount repaired from notes using single_amount_from_notes; original_tuition_fee_nzd=713.0"
7006.0,Lincoln University,Graduate Diploma,Property Management,,Postgraduate,Graduate Diploma,2026,Domestic,7347.0,,per 120 points,official_programme_estimate,https://www.lincoln.ac.nz/study/fees/domestic-fees/,2026-05-14,"Domestic fee estimates by programme.; HTML table 1, row 55; page_title=Domestic fees estimates :: Lincoln University; raw=Graduate Diploma in Property Management | $7347 | 120 credits (one year); amount repaired from notes using single_amount_from_notes; original_tuition_fee_nzd=734.0"
7006.0,Lincoln University,Graduate Diploma,Recreation Management,,Postgraduate,Graduate Diploma,2026,Domestic,7483.0,,per 120 points,official_programme_estimate,https://www.lincoln.ac.nz/study/fees/domestic-fees/,2026-05-14,"Domestic fee estimates by programme.; HTML table 1, row 56; page_title=Domestic fees estimates :: Lincoln University; raw=Graduate Diploma in Recreation Management | $7483 | 120 credits (one year); amount repaired from notes using single_amount_from_notes; original_tuition_fee_nzd=748.0"
7006.0,Lincoln University,Graduate Diploma,Resource Studies,,Postgraduate,Graduate Diploma,2026,Domestic,7483.0,,per 120 points,official_programme_estimate,https://www.lincoln.ac.nz/study/fees/domestic-fees/,2026-05-14,"Domestic fee estimates by programme.; HTML table 1, row 57; page_title=Domestic fees estimates :: Lincoln University; raw=Graduate Diploma in Resource Studies | $7483 | 120 credits (one year); amount repaired from notes using single_amount_from_notes; original_tuition_fee_nzd=748.0"
7006.0,Lincoln University,Graduate Diploma,Tourism Management,,Postgraduate,Graduate Diploma,2026,Domestic,7483.0,,per 120 points,official_programme_estimate,https://www.lincoln.ac.nz/study/fees/domestic-fees/,2026-05-14,"Domestic fee estimates by programme.; HTML table 1, row 58; page_title=Domestic fees estimates :: Lincoln University; raw=Graduate Diploma in Tourism Management | $7483 | 120 credits (one year); amount repaired from notes using single_amount_from_notes; original_tuition_fee_nzd=748.0"
7006.0,Lincoln University,Graduate Diploma,Valuation,,Postgraduate,Graduate Diploma,2026,Domestic,7412.0,,per 120 points,official_programme_estimate,https://www.lincoln.ac.nz/study/fees/domestic-fees/,2026-05-14,"Domestic fee estimates by programme.; HTML table 1, row 59; page_title=Domestic fees estimates :: Lincoln University; raw=Graduate Diploma in Valuation | $7412 | 120 credits (one year); amount repaired from notes using single_amount_from_notes; original_tuition_fee_nzd=741.0"
7006.0,Lincoln University,Graduate Diploma,Viticulture and Oenology,,Postgraduate,Graduate Diploma,2026,Domestic,9202.0,,per 120 points,official_programme_estimate,https://www.lincoln.ac.nz/study/fees/domestic-fees/,2026-05-14,"Domestic fee estimates by programme.; HTML table 1, row 60; page_title=Domestic fees estimates :: Lincoln University; raw=Graduate Diploma in Viticulture and Oenology | $9202 | 120 credits (one year); amount repaired from notes using single_amount_from_notes; original_tuition_fee_nzd=920.0"
7006.0,Lincoln University,Postgraduate Certificate,Applied Science,,Postgraduate,Postgraduate Certificate,2026,Domestic,4700.0,,per 60 credits (one semester) points/credits,official_programme_estimate,https://www.lincoln.ac.nz/study/fees/domestic-fees/,2026-05-14,"Domestic fee estimates by programme.; HTML table 1, row 62; page_title=Domestic fees estimates :: Lincoln University; raw=Postgraduate Certificate in Applied Science | $4700 | 60 credits (one semester); amount repaired from notes using single_amount_from_notes; original_tuition_fee_nzd=470.0"
7006.0,Lincoln University,Postgraduate Certificate,Commerce,,Postgraduate,Postgraduate Certificate,2026,Domestic,4668.0,,per 60 credits (one semester) points/credits,official_programme_estimate,https://www.lincoln.ac.nz/study/fees/domestic-fees/,2026-05-14,"Domestic fee estimates by programme.; HTML table 1, row 64; page_title=Domestic fees estimates :: Lincoln University; raw=Postgraduate Certificate in Commerce | $4668 | 60 credits (one semester); amount repaired from notes using single_amount_from_notes; original_tuition_fee_nzd=466.0"
7006.0,Lincoln University,Postgraduate Certificate,Commerce (Online),,Postgraduate,Postgraduate Certificate,2026,Domestic,4668.0,,per 60 credits (one semester) points/credits,official_programme_estimate,https://www.lincoln.ac.nz/study/fees/domestic-fees/,2026-05-14,"Domestic fee estimates by programme.; HTML table 1, row 65; page_title=Domestic fees estimates :: Lincoln University; raw=Postgraduate Certificate in Commerce (Online) | $4668 | 60 credits (one semester); amount repaired from notes using single_amount_from_notes; original_tuition_fee_nzd=466.0"
7006.0,Lincoln University,Postgraduate Certificate,Environmental Management,,Postgraduate,Postgraduate Certificate,2026,Domestic,4733.0,,per 60 credits (one semester) points/credits,official_programme_estimate,https://www.lincoln.ac.nz/study/fees/domestic-fees/,2026-05-14,"Domestic fee estimates by programme.; HTML table 1, row 66; page_title=Domestic fees estimates :: Lincoln University; raw=Postgraduate Certificate in Environmental Management | $4733 | 60 credits (one semester); amount repaired from notes using single_amount_from_notes; original_tuition_fee_nzd=473.0"
7006.0,Lincoln University,Postgraduate Certificate,International Rural Development,,Postgraduate,Postgraduate Certificate,2026,Domestic,4707.0,,per 60 credits (one semester) points/credits,official_programme_estimate,https://www.lincoln.ac.nz/study/fees/domestic-fees/,2026-05-14,"Domestic fee estimates by programme.; HTML table 1, row 67; page_title=Domestic fees estimates :: Lincoln University; raw=Postgraduate Certificate in International Rural Development | $4707 | 60 credits (one semester); amount repaired from notes using single_amount_from_notes; original_tuition_fee_nzd=470.0"
7006.0,Lincoln University,Postgraduate Certificate,Land and Society,,Postgraduate,Postgraduate Certificate,2026,Domestic,4707.0,,per 60 credits (one semester) points/credits,official_programme_estimate,https://www.lincoln.ac.nz/study/fees/domestic-fees/,2026-05-14,"Domestic fee estimates by programme.; HTML table 1, row 68; page_title=Domestic fees estimates :: Lincoln University; raw=Postgraduate Certificate in Land and Society | $4707 | 60 credits (one semester); amount repaired from notes using single_amount_from_notes; original_tuition_fee_nzd=470.0"
7006.0,Lincoln University,Postgraduate Certificate,"Parks, Recreation and Tourism",,Postgraduate,Postgraduate Certificate,2026,Domestic,4687.0,,per 60 credits (one semester) points/credits,official_programme_estimate,https://www.lincoln.ac.nz/study/fees/domestic-fees/,2026-05-14,"Domestic fee estimates by programme.; HTML table 1, row 69; page_title=Domestic fees estimates :: Lincoln University; raw=Postgraduate Certificate in Parks, Recreation and Tourism | $4687 | 60 credits (one semester); amount repaired from notes using single_amount_from_notes; original_tuition_fee_nzd=468.0"
7006.0,Lincoln University,Postgraduate Diploma,Agricultural Science,,Postgraduate,Postgraduate Diploma,2026,Domestic,9410.0,,per 120 points,official_programme_estimate,https://www.lincoln.ac.nz/study/fees/domestic-fees/,2026-05-14,"Domestic fee estimates by programme.; HTML table 1, row 70; page_title=Domestic fees estimates :: Lincoln University; raw=Postgraduate Diploma in Agricultural Science | $9410 | 120 credits (one year); amount repaired from notes using single_amount_from_notes; original_tuition_fee_nzd=941.0"
7006.0,Lincoln University,Postgraduate Diploma,Applied Science,,Postgraduate,Postgraduate Diploma,2026,Domestic,9407.0,,per 120 points,official_programme_estimate,https://www.lincoln.ac.nz/study/fees/domestic-fees/,2026-05-14,"Domestic fee estimates by programme.; HTML table 1, row 71; page_title=Domestic fees estimates :: Lincoln University; raw=Postgraduate Diploma in Applied Science | $9407 | 120 credits (one year); amount repaired from notes using single_amount_from_notes; original_tuition_fee_nzd=940.0"
7006.0,Lincoln University,Postgraduate Diploma,Commerce,,Postgraduate,Postgraduate Diploma,2026,Domestic,9323.0,,per 120 points,official_programme_estimate,https://www.lincoln.ac.nz/study/fees/domestic-fees/,2026-05-14,"Domestic fee estimates by programme.; HTML table 1, row 72; page_title=Domestic fees estimates :: Lincoln University; raw=Postgraduate Diploma in Commerce | $9323 | 120 credits (one year); amount repaired from notes using single_amount_from_notes; original_tuition_fee_nzd=932.0"
7006.0,Lincoln University,Postgraduate Diploma,Environmental Management,,Postgraduate,Postgraduate Diploma,2026,Domestic,9434.0,,per 120 points,official_programme_estimate,https://www.lincoln.ac.nz/study/fees/domestic-fees/,2026-05-14,"Domestic fee estimates by programme.; HTML table 1, row 73; page_title=Domestic fees estimates :: Lincoln University; raw=Postgraduate Diploma in Environmental Management | $9434 | 120 credits (one year); amount repaired from notes using single_amount_from_notes; original_tuition_fee_nzd=943.0"
7006.0,Lincoln University,Postgraduate Diploma,Horticulture Science,,Postgraduate,Postgraduate Diploma,2026,Domestic,9399.0,,per 120 points,official_programme_estimate,https://www.lincoln.ac.nz/study/fees/domestic-fees/,2026-05-14,"Domestic fee estimates by programme.; HTML table 1, row 74; page_title=Domestic fees estimates :: Lincoln University; raw=Postgraduate Diploma in Horticulture Science | $9399 | 120 credits (one year); amount repaired from notes using single_amount_from_notes; original_tuition_fee_nzd=939.0"
7006.0,Lincoln University,Postgraduate Diploma,International Rural Development,,Postgraduate,Postgraduate Diploma,2026,Domestic,9414.0,,per 120 points,official_programme_estimate,https://www.lincoln.ac.nz/study/fees/domestic-fees/,2026-05-14,"Domestic fee estimates by programme.; HTML table 1, row 75; page_title=Domestic fees estimates :: Lincoln University; raw=Postgraduate Diploma in International Rural Development | $9414 | 120 credits (one year); amount repaired from notes using single_amount_from_notes; original_tuition_fee_nzd=941.0"
7006.0,Lincoln University,Postgraduate Diploma,Land and Society,,Postgraduate,Postgraduate Diploma,2026,Domestic,9492.0,,per 120 points,official_programme_estimate,https://www.lincoln.ac.nz/study/fees/domestic-fees/,2026-05-14,"Domestic fee estimates by programme.; HTML table 1, row 76; page_title=Domestic fees estimates :: Lincoln University; raw=Postgraduate Diploma in Land and Society | $9492 | 120 credits (one year); amount repaired from notes using single_amount_from_notes; original_tuition_fee_nzd=949.0"
7006.0,Lincoln University,Postgraduate Diploma,"Parks, Recreation and Tourism",,Postgraduate,Postgraduate Diploma,2026,Domestic,9414.0,,per 120 points,official_programme_estimate,https://www.lincoln.ac.nz/study/fees/domestic-fees/,2026-05-14,"Domestic fee estimates by programme.; HTML table 1, row 77; page_title=Domestic fees estimates :: Lincoln University; raw=Postgraduate Diploma in Parks, Recreation and Tourism | $9414 | 120 credits (one year); amount repaired from notes using single_amount_from_notes; original_tuition_fee_nzd=941.0"
7006.0,Lincoln University,Master of Agricultural Science,,,Postgraduate,Master,2026,Domestic,9060.0,,per 120 points,official_programme_estimate,https://www.lincoln.ac.nz/study/fees/domestic-fees/,2026-05-14,"Domestic fee estimates by programme.; HTML table 1, row 79; page_title=Domestic fees estimates :: Lincoln University; raw=Master of Agricultural Science | $9060 | 120 credits (one year); amount repaired from notes using single_amount_from_notes; original_tuition_fee_nzd=906.0"
7006.0,Lincoln University,Master of Applied Science,,,Postgraduate,Master,2026,Domestic,9060.0,,per 120 points,official_programme_estimate,https://www.lincoln.ac.nz/study/fees/domestic-fees/,2026-05-14,"Domestic fee estimates by programme.; HTML table 1, row 80; page_title=Domestic fees estimates :: Lincoln University; raw=Master of Applied Science | $9060 | 120 credits (one year); amount repaired from notes using single_amount_from_notes; original_tuition_fee_nzd=906.0"
7006.0,Lincoln University,Master of Commerce & Management,,,Postgraduate,Master,2026,Domestic,9060.0,,per 120 points,official_programme_estimate,https://www.lincoln.ac.nz/study/fees/domestic-fees/,2026-05-14,"Domestic fee estimates by programme.; HTML table 1, row 81; page_title=Domestic fees estimates :: Lincoln University; raw=Master of Commerce & Management | $9060 | 120 credits (one year); amount repaired from notes using single_amount_from_notes; original_tuition_fee_nzd=906.0"
7006.0,Lincoln University,Master of Commerce (Agricultural),,,Postgraduate,Master,2026,Domestic,9060.0,,per 120 points,official_programme_estimate,https://www.lincoln.ac.nz/study/fees/domestic-fees/,2026-05-14,"Domestic fee estimates by programme.; HTML table 1, row 82; page_title=Domestic fees estimates :: Lincoln University; raw=Master of Commerce (Agricultural) | $9060 | 120 credits (one year); amount repaired from notes using single_amount_from_notes; original_tuition_fee_nzd=906.0"
7006.0,Lincoln University,Master of Horticultural Science,,,Postgraduate,Master,2026,Domestic,9060.0,,per 120 points,official_programme_estimate,https://www.lincoln.ac.nz/study/fees/domestic-fees/,2026-05-14,"Domestic fee estimates by programme.; HTML table 1, row 83; page_title=Domestic fees estimates :: Lincoln University; raw=Master of Horticultural Science | $9060 | 120 credits (one year); amount repaired from notes using single_amount_from_notes; original_tuition_fee_nzd=906.0"
7006.0,Lincoln University,Master of International Nature Conservation,,,Postgraduate,Master,2026,Domestic,9060.0,,per 120 points,official_programme_estimate,https://www.lincoln.ac.nz/study/fees/domestic-fees/,2026-05-14,"Domestic fee estimates by programme.; HTML table 1, row 84; page_title=Domestic fees estimates :: Lincoln University; raw=Master of International Nature Conservation | $9060 | 120 credits (one year); amount repaired from notes using single_amount_from_notes; original_tuition_fee_nzd=906.0"
7006.0,Lincoln University,Master of Landscape Architecture,,,Postgraduate,Master,2026,Domestic,9060.0,,per 120 points,official_programme_estimate,https://www.lincoln.ac.nz/study/fees/domestic-fees/,2026-05-14,"Domestic fee estimates by programme.; HTML table 1, row 85; page_title=Domestic fees estimates :: Lincoln University; raw=Master of Landscape Architecture | $9060 | 120 credits (one year); amount repaired from notes using single_amount_from_notes; original_tuition_fee_nzd=906.0"
7006.0,Lincoln University,Master of Natural Resource Management and Ecological Engineering,,,Postgraduate,Master,2026,Domestic,9060.0,,per 120 points,official_programme_estimate,https://www.lincoln.ac.nz/study/fees/domestic-fees/,2026-05-14,"Domestic fee estimates by programme.; HTML table 1, row 86; page_title=Domestic fees estimates :: Lincoln University; raw=Master of Natural Resource Management and Ecological Engineering | $9060 | 120 credits (one year); amount repaired from notes using single_amount_from_notes; original_tuition_fee_nzd=906.0"
7006.0,Lincoln University,Master of Science,,,Postgraduate,Master,2026,Domestic,9060.0,,per 120 points,official_programme_estimate,https://www.lincoln.ac.nz/study/fees/domestic-fees/,2026-05-14,"Domestic fee estimates by programme.; HTML table 1, row 87; page_title=Domestic fees estimates :: Lincoln University; raw=Master of Science | $9060 | 120 credits (one year); amount repaired from notes using single_amount_from_notes; original_tuition_fee_nzd=906.0"
7006.0,Lincoln University,Master of Applied Computing,,,Postgraduate,Master,2026,Domestic,14000.0,,per 180 credits (three semesters) points/credits,official_programme_estimate,https://www.lincoln.ac.nz/study/fees/domestic-fees/,2026-05-14,"Domestic fee estimates by programme.; HTML table 1, row 89; page_title=Domestic fees estimates :: Lincoln University; raw=Master of Applied Computing | $14,000 | 180 credits (three semesters)"
7006.0,Lincoln University,Master of Artificial Intelligence for Land Use,,,Postgraduate,Master,2026,Domestic,14000.0,,per 180 credits (three semesters) points/credits,official_programme_estimate,https://www.lincoln.ac.nz/study/fees/domestic-fees/,2026-05-14,"Domestic fee estimates by programme.; HTML table 1, row 90; page_title=Domestic fees estimates :: Lincoln University; raw=Master of Artificial Intelligence for Land Use | $14,000 | 180 credits (three semesters)"
7006.0,Lincoln University,Master of Bioprotection,,,Postgraduate,Master,2026,Domestic,14000.0,,per 180 credits (three semesters) points/credits,official_programme_estimate,https://www.lincoln.ac.nz/study/fees/domestic-fees/,2026-05-14,"Domestic fee estimates by programme.; HTML table 1, row 91; page_title=Domestic fees estimates :: Lincoln University; raw=Master of Bioprotection | $14,000 | 180 credits (three semesters)"
7006.0,Lincoln University,Master of Business (Finance),,,Postgraduate,Master,2026,Domestic,14000.0,,per 180 credits (three semesters) points/credits,official_programme_estimate,https://www.lincoln.ac.nz/study/fees/domestic-fees/,2026-05-14,"Domestic fee estimates by programme.; HTML table 1, row 92; page_title=Domestic fees estimates :: Lincoln University; raw=Master of Business (Finance) | $14,000 | 180 credits (three semesters)"
7006.0,Lincoln University,Master of Business (Global Management and Marketing),,,Postgraduate,Master,2026,Domestic,14000.0,,per 180 credits (three semesters) points/credits,official_programme_estimate,https://www.lincoln.ac.nz/study/fees/domestic-fees/,2026-05-14,"Domestic fee estimates by programme.; HTML table 1, row 93; page_title=Domestic fees estimates :: Lincoln University; raw=Master of Business (Global Management and Marketing) | $14,000 | 180 credits (three semesters)"
7006.0,Lincoln University,Master of Environmental Policy and Management,,,Postgraduate,Master,2026,Domestic,14000.0,,per 180 credits (three semesters) points/credits,official_programme_estimate,https://www.lincoln.ac.nz/study/fees/domestic-fees/,2026-05-14,"Domestic fee estimates by programme.; HTML table 1, row 94; page_title=Domestic fees estimates :: Lincoln University; raw=Master of Environmental Policy and Management | $14,000 | 180 credits (three semesters)"
7006.0,Lincoln University,Master of Environment and Agriculture,,,Postgraduate,Master,2026,Domestic,14000.0,,per 180 credits (three semesters) points/credits,official_programme_estimate,https://www.lincoln.ac.nz/study/fees/domestic-fees/,2026-05-14,"Domestic fee estimates by programme.; HTML table 1, row 95; page_title=Domestic fees estimates :: Lincoln University; raw=Master of Environment and Agriculture | $14,000 | 180 credits (three semesters)"
7006.0,Lincoln University,Master of Fintech and Investment Management,,,Postgraduate,Master,2026,Domestic,14000.0,,per 180 credits (three semesters) points/credits,official_programme_estimate,https://www.lincoln.ac.nz/study/fees/domestic-fees/,2026-05-14,"Domestic fee estimates by programme.; HTML table 1, row 96; page_title=Domestic fees estimates :: Lincoln University; raw=Master of Fintech and Investment Management | $14,000 | 180 credits (three semesters)"
7006.0,Lincoln University,Master of Management,Agribusiness,,Postgraduate,Master,2026,Domestic,14000.0,,per 180 credits (three semesters) points/credits,official_programme_estimate,https://www.lincoln.ac.nz/study/fees/domestic-fees/,2026-05-14,"Domestic fee estimates by programme.; HTML table 1, row 97; page_title=Domestic fees estimates :: Lincoln University; raw=Master of Management in Agribusiness | $14,000 | 180 credits (three semesters)"
7006.0,Lincoln University,Master of Parks Management,,,Postgraduate,Master,2026,Domestic,14000.0,,per 180 credits (three semesters) points/credits,official_programme_estimate,https://www.lincoln.ac.nz/study/fees/domestic-fees/,2026-05-14,"Domestic fee estimates by programme.; HTML table 1, row 98; page_title=Domestic fees estimates :: Lincoln University; raw=Master of Parks Management | $14,000 | 180 credits (three semesters)"
7006.0,Lincoln University,Master of Pest Management,,,Postgraduate,Master,2026,Domestic,14000.0,,per 180 credits (three semesters) points/credits,official_programme_estimate,https://www.lincoln.ac.nz/study/fees/domestic-fees/,2026-05-14,"Domestic fee estimates by programme.; HTML table 1, row 99; page_title=Domestic fees estimates :: Lincoln University; raw=Master of Pest Management | $14,000 | 180 credits (three semesters)"
7006.0,Lincoln University,Master of Precision Agriculture,,,Postgraduate,Master,2026,Domestic,14000.0,,per 180 credits (three semesters) points/credits,official_programme_estimate,https://www.lincoln.ac.nz/study/fees/domestic-fees/,2026-05-14,"Domestic fee estimates by programme.; HTML table 1, row 100; page_title=Domestic fees estimates :: Lincoln University; raw=Master of Precision Agriculture | $14,000 | 180 credits (three semesters)"
7006.0,Lincoln University,Master of Professional Accounting (CPA),,,Postgraduate,Master,2026,Domestic,14000.0,,per 180 credits (three semesters) points/credits,official_programme_estimate,https://www.lincoln.ac.nz/study/fees/domestic-fees/,2026-05-14,"Domestic fee estimates by programme.; HTML table 1, row 101; page_title=Domestic fees estimates :: Lincoln University; raw=Master of Professional Accounting (CPA) | $14,000 | 180 credits (three semesters)"
7006.0,Lincoln University,Master of Science,Food Innovation,,Postgraduate,Master,2026,Domestic,14000.0,,per 180 credits (three semesters) points/credits,official_programme_estimate,https://www.lincoln.ac.nz/study/fees/domestic-fees/,2026-05-14,"Domestic fee estimates by programme.; HTML table 1, row 102; page_title=Domestic fees estimates :: Lincoln University; raw=Master of Science in Food Innovation | $14,000 | 180 credits (three semesters)"
7006.0,Lincoln University,Master of Sport and Recreation Management,,,Postgraduate,Master,2026,Domestic,14000.0,,per 180 credits (three semesters) points/credits,official_programme_estimate,https://www.lincoln.ac.nz/study/fees/domestic-fees/,2026-05-14,"Domestic fee estimates by programme.; HTML table 1, row 103; page_title=Domestic fees estimates :: Lincoln University; raw=Master of Sport and Recreation Management | $14,000 | 180 credits (three semesters)"
7006.0,Lincoln University,Master of Tourism Management,,,Postgraduate,Master,2026,Domestic,14000.0,,per 180 credits (three semesters) points/credits,official_programme_estimate,https://www.lincoln.ac.nz/study/fees/domestic-fees/,2026-05-14,"Domestic fee estimates by programme.; HTML table 1, row 104; page_title=Domestic fees estimates :: Lincoln University; raw=Master of Tourism Management | $14,000 | 180 credits (three semesters)"
7006.0,Lincoln University,Master of Wine and Viticulture,,,Postgraduate,Master,2026,Domestic,14000.0,,per 180 credits (three semesters) points/credits,official_programme_estimate,https://www.lincoln.ac.nz/study/fees/domestic-fees/,2026-05-14,"Domestic fee estimates by programme.; HTML table 1, row 105; page_title=Domestic fees estimates :: Lincoln University; raw=Master of Wine and Viticulture | $14,000 | 180 credits (three semesters)"
7006.0,Lincoln University,Master of Landscape Architecture,,,Postgraduate,Master,2026,Domestic,9333.0,,per 120 points,official_programme_estimate,https://www.lincoln.ac.nz/study/fees/domestic-fees/,2026-05-14,"Domestic fee estimates by programme.; HTML table 1, row 106; page_title=Domestic fees estimates :: Lincoln University; raw=Master of Landscape Architecture | $9333 | 120 credits (one year); amount repaired from notes using single_amount_from_notes; original_tuition_fee_nzd=933.0"
7006.0,Lincoln University,Master of Landscape Architecture,,,Postgraduate,Master,2026,Domestic,17512.0,,per year,official_programme_estimate,https://www.lincoln.ac.nz/study/fees/domestic-fees/,2026-05-14,"Domestic fee estimates by programme.; HTML table 1, row 107; page_title=Domestic fees estimates :: Lincoln University; raw=Master of Landscape Architecture | $17,512 | 240 credits (two years)"
7006.0,Lincoln University,Master of Planning,,,Postgraduate,Master,2026,Domestic,19068.0,,per year,official_programme_estimate,https://www.lincoln.ac.nz/study/fees/domestic-fees/,2026-05-14,"Domestic fee estimates by programme.; HTML table 1, row 108; page_title=Domestic fees estimates :: Lincoln University; raw=Master of Planning | $19,068 | 240 credits (two years)"
7006.0,Lincoln University,Doctor of Philosophy,,,Doctoral,Doctor of Philosophy,2026,Domestic,9060.0,,per 120 points,official_programme_estimate,https://www.lincoln.ac.nz/study/fees/domestic-fees/,2026-05-14,"Domestic fee estimates by programme.; HTML table 1, row 110; page_title=Domestic fees estimates :: Lincoln University; raw=Doctor of Philosophy | $9060 | 120 credits (one year); amount repaired from notes using single_amount_from_notes; original_tuition_fee_nzd=906.0"
7006.0,Lincoln University,English language (on campus) for a minimum period of 12 academic weeks (3 modules),,,Pathway / Foundation,English Language,2026,International,5760.0,,,official_programme_estimate,https://www.lincoln.ac.nz/study/fees/international-fees/,2026-05-14,"International tuition fees by programme.; HTML table 1, row 2; page_title=International Fees :: Lincoln University; raw=English language (on campus) for a minimum period of 12 academic weeks (3 modules) | $5,760 | $228.00 | $374.58 | $6,362.58"
7006.0,Lincoln University,Pathway Certificate (Foundation) (60 credits),,,Pathway / Foundation,Certificate,2026,International,14500.0,15437.5,per 60 points/credits,official_programme_estimate,https://www.lincoln.ac.nz/study/fees/international-fees/,2026-05-14,"International tuition fees by programme.; HTML table 2, row 1; page_title=International Fees :: Lincoln University; raw=Pathway Certificate (Foundation) (60 credits) | $14,500 | $488.00 | $449.50 | $15,437.50"
7006.0,Lincoln University,"First Year Pathway Diploma (120 credits, 1 year)",,,Pathway / Foundation,Diploma,2026,International,27300.0,29175.0,per 120 points,official_programme_estimate,https://www.lincoln.ac.nz/study/fees/international-fees/,2026-05-14,"International tuition fees by programme.; HTML table 2, row 2; page_title=International Fees :: Lincoln University; raw=First Year Pathway Diploma (120 credits, 1 year) | $27,300 | $976.00 | $899.00 | $29,175.00"
7006.0,Lincoln University,Diploma,Applied Science,,Diploma,Diploma,2026,International,29000.0,30875.0,,official_programme_estimate,https://www.lincoln.ac.nz/study/fees/international-fees/,2026-05-14,"International tuition fees by programme.; HTML table 3, row 1; page_title=International Fees :: Lincoln University; raw=Diploma in Applied Science | $29,000 | $976.00 | $899.00 | $30,875.00"
7006.0,Lincoln University,Diploma,Commerce,,Diploma,Diploma,2026,International,29000.0,30875.0,,official_programme_estimate,https://www.lincoln.ac.nz/study/fees/international-fees/,2026-05-14,"International tuition fees by programme.; HTML table 3, row 2; page_title=International Fees :: Lincoln University; raw=Diploma in Commerce | $29,000 | $976.00 | $899.00 | $30,875.00"
7006.0,Lincoln University,Diploma,Natural Resources,,Diploma,Diploma,2026,International,29000.0,30875.0,,official_programme_estimate,https://www.lincoln.ac.nz/study/fees/international-fees/,2026-05-14,"International tuition fees by programme.; HTML table 3, row 3; page_title=International Fees :: Lincoln University; raw=Diploma in Natural Resources | $29,000 | $976.00 | $899.00 | $30,875.00"
7006.0,Lincoln University,Diploma,Agriculture,,Diploma,Diploma,2026,International,29000.0,30875.0,,official_programme_estimate,https://www.lincoln.ac.nz/study/fees/international-fees/,2026-05-14,"International tuition fees by programme.; HTML table 3, row 4; page_title=International Fees :: Lincoln University; raw=Diploma in Agriculture | $29,000 | $976.00 | $899.00 | $30,875.00"
7006.0,Lincoln University,Diploma,Farm Management,,Diploma,Diploma,2026,International,29000.0,30875.0,,official_programme_estimate,https://www.lincoln.ac.nz/study/fees/international-fees/,2026-05-14,"International tuition fees by programme.; HTML table 3, row 5; page_title=International Fees :: Lincoln University; raw=Diploma in Farm Management | $29,000 | $976.00 | $899.00 | $30,875.00"
7006.0,Lincoln University,Diploma,Horticultural Management,,Diploma,Diploma,2026,International,29000.0,30875.0,,official_programme_estimate,https://www.lincoln.ac.nz/study/fees/international-fees/,2026-05-14,"International tuition fees by programme.; HTML table 3, row 6; page_title=International Fees :: Lincoln University; raw=Diploma in Horticultural Management | $29,000 | $976.00 | $899.00 | $30,875.00"
7006.0,Lincoln University,Diploma,Horticulture,,Diploma,Diploma,2026,International,29000.0,30875.0,,official_programme_estimate,https://www.lincoln.ac.nz/study/fees/international-fees/,2026-05-14,"International tuition fees by programme.; HTML table 3, row 7; page_title=International Fees :: Lincoln University; raw=Diploma in Horticulture | $29,000 | $976.00 | $899.00 | $30,875.00"
7006.0,Lincoln University,Bachelor of Agribusiness and Food Marketing,,,Undergraduate,Bachelor,2026,International,35000.0,36875.0,,official_programme_estimate,https://www.lincoln.ac.nz/study/fees/international-fees/,2026-05-14,"International tuition fees by programme.; HTML table 4, row 1; page_title=International Fees :: Lincoln University; raw=Bachelor of Agribusiness and Food Marketing | $35,000 | $976.00 | $899.00 | $36,875.00"
7006.0,Lincoln University,Bachelor of Agricultural Science,,,Undergraduate,Bachelor,2026,International,37000.0,38875.0,,official_programme_estimate,https://www.lincoln.ac.nz/study/fees/international-fees/,2026-05-14,"International tuition fees by programme.; HTML table 4, row 2; page_title=International Fees :: Lincoln University; raw=Bachelor of Agricultural Science | $37,000 | $976.00 | $899.00 | $38,875.00"
7006.0,Lincoln University,Bachelor of Agriculture,,,Undergraduate,Bachelor,2026,International,37000.0,38875.0,,official_programme_estimate,https://www.lincoln.ac.nz/study/fees/international-fees/,2026-05-14,"International tuition fees by programme.; HTML table 4, row 3; page_title=International Fees :: Lincoln University; raw=Bachelor of Agriculture | $37,000 | $976.00 | $899.00 | $38,875.00"
7006.0,Lincoln University,Bachelor of Commerce,,,Undergraduate,Bachelor,2026,International,35000.0,36875.0,,official_programme_estimate,https://www.lincoln.ac.nz/study/fees/international-fees/,2026-05-14,"International tuition fees by programme.; HTML table 4, row 4; page_title=International Fees :: Lincoln University; raw=Bachelor of Commerce | $35,000 | $976.00 | $899.00 | $36,875.00"
7006.0,Lincoln University,Bachelor of Commerce (Agriculture and Professional Accounting),,,Undergraduate,Bachelor,2026,International,35000.0,36875.0,,official_programme_estimate,https://www.lincoln.ac.nz/study/fees/international-fees/,2026-05-14,"International tuition fees by programme.; HTML table 4, row 5; page_title=International Fees :: Lincoln University; raw=Bachelor of Commerce (Agriculture and Professional Accounting) | $35,000 | $976.00 | $899.00 | $36,875.00"
7006.0,Lincoln University,Bachelor of Commerce (Agriculture),,,Undergraduate,Bachelor,2026,International,35000.0,36875.0,,official_programme_estimate,https://www.lincoln.ac.nz/study/fees/international-fees/,2026-05-14,"International tuition fees by programme.; HTML table 4, row 6; page_title=International Fees :: Lincoln University; raw=Bachelor of Commerce (Agriculture) | $35,000 | $976.00 | $899.00 | $36,875.00"
7006.0,Lincoln University,Bachelor of Commerce (Horticulture),,,Undergraduate,Bachelor,2026,International,35000.0,36875.0,,official_programme_estimate,https://www.lincoln.ac.nz/study/fees/international-fees/,2026-05-14,"International tuition fees by programme.; HTML table 4, row 7; page_title=International Fees :: Lincoln University; raw=Bachelor of Commerce (Horticulture) | $35,000 | $976.00 | $899.00 | $36,875.00"
7006.0,Lincoln University,Bachelor of Commerce (Sustainability),,,Undergraduate,Bachelor,2026,International,35000.0,36875.0,,official_programme_estimate,https://www.lincoln.ac.nz/study/fees/international-fees/,2026-05-14,"International tuition fees by programme.; HTML table 4, row 8; page_title=International Fees :: Lincoln University; raw=Bachelor of Commerce (Sustainability) | $35,000 | $976.00 | $899.00 | $36,875.00"
7006.0,Lincoln University,Bachelor of Environmental Management,,,Undergraduate,Bachelor,2026,International,37000.0,38875.0,,official_programme_estimate,https://www.lincoln.ac.nz/study/fees/international-fees/,2026-05-14,"International tuition fees by programme.; HTML table 4, row 9; page_title=International Fees :: Lincoln University; raw=Bachelor of Environmental Management | $37,000 | $976.00 | $899.00 | $38,875.00"
7006.0,Lincoln University,Bachelor of Environmental Policy and Planning Honours,,,Undergraduate,Bachelor with Honours,2026,International,37000.0,38875.0,,official_programme_estimate,https://www.lincoln.ac.nz/study/fees/international-fees/,2026-05-14,"International tuition fees by programme.; HTML table 4, row 10; page_title=International Fees :: Lincoln University; raw=Bachelor of Environmental Policy and Planning Honours | $37,000 | $976.00 | $899.00 | $38,875.00"
7006.0,Lincoln University,Bachelor of Land and Property Management,,,Undergraduate,Bachelor,2026,International,35000.0,36875.0,,official_programme_estimate,https://www.lincoln.ac.nz/study/fees/international-fees/,2026-05-14,"International tuition fees by programme.; HTML table 4, row 11; page_title=International Fees :: Lincoln University; raw=Bachelor of Land and Property Management | $35,000 | $976.00 | $899.00 | $36,875.00"
7006.0,Lincoln University,Bachelor of Landscape Architecture,,,Undergraduate,Bachelor,2026,International,37000.0,38875.0,,official_programme_estimate,https://www.lincoln.ac.nz/study/fees/international-fees/,2026-05-14,"International tuition fees by programme.; HTML table 4, row 12; page_title=International Fees :: Lincoln University; raw=Bachelor of Landscape Architecture | $37,000 | $976.00 | $899.00 | $38,875.00"
7006.0,Lincoln University,Bachelor of Landscape Management,,,Undergraduate,Bachelor,2026,International,37000.0,38875.0,,official_programme_estimate,https://www.lincoln.ac.nz/study/fees/international-fees/,2026-05-14,"International tuition fees by programme.; HTML table 4, row 13; page_title=International Fees :: Lincoln University; raw=Bachelor of Landscape Management | $37,000 | $976.00 | $899.00 | $38,875.00"
7006.0,Lincoln University,Bachelor of Science,,,Undergraduate,Bachelor,2026,International,37000.0,38875.0,,official_programme_estimate,https://www.lincoln.ac.nz/study/fees/international-fees/,2026-05-14,"International tuition fees by programme.; HTML table 4, row 14; page_title=International Fees :: Lincoln University; raw=Bachelor of Science | $37,000 | $976.00 | $899.00 | $38,875.00"
7006.0,Lincoln University,Bachelor of Sport and Recreation Management,,,Undergraduate,Bachelor,2026,International,35000.0,36875.0,,official_programme_estimate,https://www.lincoln.ac.nz/study/fees/international-fees/,2026-05-14,"International tuition fees by programme.; HTML table 4, row 15; page_title=International Fees :: Lincoln University; raw=Bachelor of Sport and Recreation Management | $35,000 | $976.00 | $899.00 | $36,875.00"
7006.0,Lincoln University,Bachelor of Sustainable Tourism,,,Undergraduate,Bachelor,2026,International,35000.0,36875.0,,official_programme_estimate,https://www.lincoln.ac.nz/study/fees/international-fees/,2026-05-14,"International tuition fees by programme.; HTML table 4, row 16; page_title=International Fees :: Lincoln University; raw=Bachelor of Sustainable Tourism | $35,000 | $976.00 | $899.00 | $36,875.00"
7006.0,Lincoln University,Bachelor of Tourism Management,,,Undergraduate,Bachelor,2026,International,35000.0,36875.0,,official_programme_estimate,https://www.lincoln.ac.nz/study/fees/international-fees/,2026-05-14,"International tuition fees by programme.; HTML table 4, row 17; page_title=International Fees :: Lincoln University; raw=Bachelor of Tourism Management | $35,000 | $976.00 | $899.00 | $36,875.00"
7006.0,Lincoln University,Bachelor of Viticulture and Oenology,,,Undergraduate,Bachelor,2026,International,37000.0,38875.0,,official_programme_estimate,https://www.lincoln.ac.nz/study/fees/international-fees/,2026-05-14,"International tuition fees by programme.; HTML table 4, row 18; page_title=International Fees :: Lincoln University; raw=Bachelor of Viticulture and Oenology | $37,000 | $976.00 | $899.00 | $38,875.00"
7006.0,Lincoln University,Study Abroad Standard Fee for one semester - average pricing,,,,,2026,International,13500.0,14437.5,,official_programme_estimate,https://www.lincoln.ac.nz/study/fees/international-fees/,2026-05-14,"International tuition fees by programme.; HTML table 5, row 1; page_title=International Fees :: Lincoln University; raw=Study Abroad Standard Fee for one semester - average pricing | $13,500 | $488.00 | $449.50 | $14,437.50"
7006.0,Lincoln University,Graduate Certificate,Applied Science,,Postgraduate,Graduate Certificate,2026,International,18500.0,19437.5,,official_programme_estimate,https://www.lincoln.ac.nz/study/fees/international-fees/,2026-05-14,"International tuition fees by programme.; HTML table 6, row 1; page_title=International Fees :: Lincoln University; raw=Graduate Certificate in Applied Science | $18,500 | $488.00 | $449.50 | $19,437.50"
7006.0,Lincoln University,Graduate Certificate,Business and Sustainability,,Postgraduate,Graduate Certificate,2026,International,17500.0,18437.5,,official_programme_estimate,https://www.lincoln.ac.nz/study/fees/international-fees/,2026-05-14,"International tuition fees by programme.; HTML table 6, row 2; page_title=International Fees :: Lincoln University; raw=Graduate Certificate in Business and Sustainability | $17,500 | $488.00 | $449.50 | $18,437.50"
7006.0,Lincoln University,Graduate Certificate,Commerce,,Postgraduate,Graduate Certificate,2026,International,17500.0,18437.5,,official_programme_estimate,https://www.lincoln.ac.nz/study/fees/international-fees/,2026-05-14,"International tuition fees by programme.; HTML table 6, row 3; page_title=International Fees :: Lincoln University; raw=Graduate Certificate in Commerce | $17,500 | $488.00 | $449.50 | $18,437.50"
7006.0,Lincoln University,Graduate Certificate,Recreation Management,,Postgraduate,Graduate Certificate,2026,International,17500.0,18437.5,,official_programme_estimate,https://www.lincoln.ac.nz/study/fees/international-fees/,2026-05-14,"International tuition fees by programme.; HTML table 6, row 4; page_title=International Fees :: Lincoln University; raw=Graduate Certificate in Recreation Management | $17,500 | $488.00 | $449.50 | $18,437.50"
7006.0,Lincoln University,Graduate Certificate,Resource Studies,,Postgraduate,Graduate Certificate,2026,International,17500.0,18437.5,,official_programme_estimate,https://www.lincoln.ac.nz/study/fees/international-fees/,2026-05-14,"International tuition fees by programme.; HTML table 6, row 5; page_title=International Fees :: Lincoln University; raw=Graduate Certificate in Resource Studies | $17,500 | $488.00 | $449.50 | $18,437.50"
7006.0,Lincoln University,Graduate Certificate,Tourism Management,,Postgraduate,Graduate Certificate,2026,International,17500.0,18437.5,,official_programme_estimate,https://www.lincoln.ac.nz/study/fees/international-fees/,2026-05-14,"International tuition fees by programme.; HTML table 6, row 6; page_title=International Fees :: Lincoln University; raw=Graduate Certificate in Tourism Management | $17,500 | $488.00 | $449.50 | $18,437.50"
7006.0,Lincoln University,Graduate Diploma,Applied Science,,Postgraduate,Graduate Diploma,2026,International,37000.0,38875.0,,official_programme_estimate,https://www.lincoln.ac.nz/study/fees/international-fees/,2026-05-14,"International tuition fees by programme.; HTML table 6, row 7; page_title=International Fees :: Lincoln University; raw=Graduate Diploma in Applied Science | $37,000 | $976.00 | $899.00 | $38,875.00"
7006.0,Lincoln University,Graduate Diploma,Business and Sustainability,,Postgraduate,Graduate Diploma,2026,International,35000.0,36875.0,,official_programme_estimate,https://www.lincoln.ac.nz/study/fees/international-fees/,2026-05-14,"International tuition fees by programme.; HTML table 6, row 8; page_title=International Fees :: Lincoln University; raw=Graduate Diploma in Business and Sustainability | $35,000 | $976.00 | $899.00 | $36,875.00"
7006.0,Lincoln University,Graduate Diploma,Commerce,,Postgraduate,Graduate Diploma,2026,International,35000.0,36875.0,,official_programme_estimate,https://www.lincoln.ac.nz/study/fees/international-fees/,2026-05-14,"International tuition fees by programme.; HTML table 6, row 9; page_title=International Fees :: Lincoln University; raw=Graduate Diploma in Commerce | $35,000 | $976.00 | $899.00 | $36,875.00"
7006.0,Lincoln University,Graduate Diploma,Property Management,,Postgraduate,Graduate Diploma,2026,International,35000.0,36875.0,,official_programme_estimate,https://www.lincoln.ac.nz/study/fees/international-fees/,2026-05-14,"International tuition fees by programme.; HTML table 6, row 10; page_title=International Fees :: Lincoln University; raw=Graduate Diploma in Property Management | $35,000 | $976.00 | $899.00 | $36,875.00"
7006.0,Lincoln University,Graduate Diploma,Recreation Management,,Postgraduate,Graduate Diploma,2026,International,35000.0,36875.0,,official_programme_estimate,https://www.lincoln.ac.nz/study/fees/international-fees/,2026-05-14,"International tuition fees by programme.; HTML table 6, row 11; page_title=International Fees :: Lincoln University; raw=Graduate Diploma in Recreation Management | $35,000 | $976.00 | $899.00 | $36,875.00"
7006.0,Lincoln University,Graduate Diploma,Resource Studies,,Postgraduate,Graduate Diploma,2026,International,35000.0,36875.0,,official_programme_estimate,https://www.lincoln.ac.nz/study/fees/international-fees/,2026-05-14,"International tuition fees by programme.; HTML table 6, row 12; page_title=International Fees :: Lincoln University; raw=Graduate Diploma in Resource Studies | $35,000 | $976.00 | $899.00 | $36,875.00"
7006.0,Lincoln University,Graduate Diploma,Tourism Management,,Postgraduate,Graduate Diploma,2026,International,35000.0,36875.0,,official_programme_estimate,https://www.lincoln.ac.nz/study/fees/international-fees/,2026-05-14,"International tuition fees by programme.; HTML table 6, row 13; page_title=International Fees :: Lincoln University; raw=Graduate Diploma in Tourism Management | $35,000 | $976.00 | $899.00 | $36,875.00"
7006.0,Lincoln University,Graduate Diploma,Valuation,,Postgraduate,Graduate Diploma,2026,International,35000.0,36875.0,,official_programme_estimate,https://www.lincoln.ac.nz/study/fees/international-fees/,2026-05-14,"International tuition fees by programme.; HTML table 6, row 14; page_title=International Fees :: Lincoln University; raw=Graduate Diploma in Valuation | $35,000 | $976.00 | $899.00 | $36,875.00"
7006.0,Lincoln University,Graduate Diploma,Viticulture and Oenology,,Postgraduate,Graduate Diploma,2026,International,37000.0,38875.0,,official_programme_estimate,https://www.lincoln.ac.nz/study/fees/international-fees/,2026-05-14,"International tuition fees by programme.; HTML table 6, row 15; page_title=International Fees :: Lincoln University; raw=Graduate Diploma in Viticulture and Oenology | $37,000 | $976.00 | $899.00 | $38,875.00"
7006.0,Lincoln University,Certificate of Proficiency Postgraduate Course,average pricing,,Postgraduate,Certificate,2026,International,5700.0,6637.0,,official_programme_estimate,https://www.lincoln.ac.nz/study/fees/international-fees/,2026-05-14,"International tuition fees by programme.; HTML table 7, row 1; page_title=International Fees :: Lincoln University; raw=Certificate of Proficiency Postgraduate Course - average pricing | $5,700 | $488.00 | $449.50 | $6,637.00"
7006.0,Lincoln University,Postgraduate Certificate,Applied Science,,Postgraduate,Postgraduate Certificate,2026,International,21000.0,21937.5,,official_programme_estimate,https://www.lincoln.ac.nz/study/fees/international-fees/,2026-05-14,"International tuition fees by programme.; HTML table 7, row 2; page_title=International Fees :: Lincoln University; raw=Postgraduate Certificate in Applied Science | $21,000 | $488.00 | $449.50 | $21,937.50"
7006.0,Lincoln University,Postgraduate Certificate,Commerce,,Postgraduate,Postgraduate Certificate,2026,International,19000.0,19937.5,,official_programme_estimate,https://www.lincoln.ac.nz/study/fees/international-fees/,2026-05-14,"International tuition fees by programme.; HTML table 7, row 3; page_title=International Fees :: Lincoln University; raw=Postgraduate Certificate in Commerce | $19,000 | $488.00 | $449.50 | $19,937.50"
7006.0,Lincoln University,Postgraduate Certificate,Environmental Management,,Postgraduate,Postgraduate Certificate,2026,International,19000.0,19937.5,,official_programme_estimate,https://www.lincoln.ac.nz/study/fees/international-fees/,2026-05-14,"International tuition fees by programme.; HTML table 7, row 4; page_title=International Fees :: Lincoln University; raw=Postgraduate Certificate in Environmental Management | $19,000 | $488.00 | $449.50 | $19,937.50"
7006.0,Lincoln University,Postgraduate Certificate,International Rural Development,,Postgraduate,Postgraduate Certificate,2026,International,19000.0,19937.5,,official_programme_estimate,https://www.lincoln.ac.nz/study/fees/international-fees/,2026-05-14,"International tuition fees by programme.; HTML table 7, row 5; page_title=International Fees :: Lincoln University; raw=Postgraduate Certificate in International Rural Development | $19,000 | $488.00 | $449.50 | $19,937.50"
7006.0,Lincoln University,Postgraduate Certificate,Land and Society,,Postgraduate,Postgraduate Certificate,2026,International,19000.0,19937.5,,official_programme_estimate,https://www.lincoln.ac.nz/study/fees/international-fees/,2026-05-14,"International tuition fees by programme.; HTML table 7, row 6; page_title=International Fees :: Lincoln University; raw=Postgraduate Certificate in Land and Society | $19,000 | $488.00 | $449.50 | $19,937.50"
7006.0,Lincoln University,Postgraduate Certificate,"Parks, Recreation and Tourism",,Postgraduate,Postgraduate Certificate,2026,International,19000.0,19937.5,,official_programme_estimate,https://www.lincoln.ac.nz/study/fees/international-fees/,2026-05-14,"International tuition fees by programme.; HTML table 7, row 7; page_title=International Fees :: Lincoln University; raw=Postgraduate Certificate in Parks, Recreation and Tourism | $19,000 | $488.00 | $449.50 | $19,937.50"
7006.0,Lincoln University,Postgraduate Diploma,Agricultural Science,,Postgraduate,Postgraduate Diploma,2026,International,42000.0,43875.0,,official_programme_estimate,https://www.lincoln.ac.nz/study/fees/international-fees/,2026-05-14,"International tuition fees by programme.; HTML table 7, row 8; page_title=International Fees :: Lincoln University; raw=Postgraduate Diploma in Agricultural Science | $42,000 | $976.00 | $899.00 | $43,875.00"
7006.0,Lincoln University,Postgraduate Diploma,Applied Science,,Postgraduate,Postgraduate Diploma,2026,International,42000.0,43875.0,,official_programme_estimate,https://www.lincoln.ac.nz/study/fees/international-fees/,2026-05-14,"International tuition fees by programme.; HTML table 7, row 9; page_title=International Fees :: Lincoln University; raw=Postgraduate Diploma in Applied Science | $42,000 | $976.00 | $899.00 | $43,875.00"
7006.0,Lincoln University,Postgraduate Diploma,Landscape Studies,,Postgraduate,Postgraduate Diploma,2026,International,42000.0,43875.0,,official_programme_estimate,https://www.lincoln.ac.nz/study/fees/international-fees/,2026-05-14,"International tuition fees by programme.; HTML table 7, row 10; page_title=International Fees :: Lincoln University; raw=Postgraduate Diploma in Landscape Studies | $42,000 | $976.00 | $899.00 | $43,875.00"
7006.0,Lincoln University,Postgraduate Diploma,Commerce,,Postgraduate,Postgraduate Diploma,2026,International,38000.0,39875.0,,official_programme_estimate,https://www.lincoln.ac.nz/study/fees/international-fees/,2026-05-14,"International tuition fees by programme.; HTML table 7, row 11; page_title=International Fees :: Lincoln University; raw=Postgraduate Diploma in Commerce | $38,000 | $976.00 | $899.00 | $39,875.00"
7006.0,Lincoln University,Postgraduate Diploma,Environmental Management,,Postgraduate,Postgraduate Diploma,2026,International,38000.0,39875.0,,official_programme_estimate,https://www.lincoln.ac.nz/study/fees/international-fees/,2026-05-14,"International tuition fees by programme.; HTML table 7, row 12; page_title=International Fees :: Lincoln University; raw=Postgraduate Diploma in Environmental Management | $38,000 | $976.00 | $899.00 | $39,875.00"
7006.0,Lincoln University,Postgraduate Diploma,Horticultural Science,,Postgraduate,Postgraduate Diploma,2026,International,42000.0,43875.0,,official_programme_estimate,https://www.lincoln.ac.nz/study/fees/international-fees/,2026-05-14,"International tuition fees by programme.; HTML table 7, row 13; page_title=International Fees :: Lincoln University; raw=Postgraduate Diploma in Horticultural Science | $42,000 | $976.00 | $899.00 | $43,875.00"
7006.0,Lincoln University,Postgraduate Diploma,International Rural Development,,Postgraduate,Postgraduate Diploma,2026,International,38000.0,39875.0,,official_programme_estimate,https://www.lincoln.ac.nz/study/fees/international-fees/,2026-05-14,"International tuition fees by programme.; HTML table 7, row 14; page_title=International Fees :: Lincoln University; raw=Postgraduate Diploma in International Rural Development | $38,000 | $976.00 | $899.00 | $39,875.00"
7006.0,Lincoln University,Postgraduate Diploma,Land and Society,,Postgraduate,Postgraduate Diploma,2026,International,38000.0,39875.0,,official_programme_estimate,https://www.lincoln.ac.nz/study/fees/international-fees/,2026-05-14,"International tuition fees by programme.; HTML table 7, row 15; page_title=International Fees :: Lincoln University; raw=Postgraduate Diploma in Land and Society | $38,000 | $976.00 | $899.00 | $39,875.00"
7006.0,Lincoln University,Postgraduate Diploma,"Parks, Recreation and Tourism",,Postgraduate,Postgraduate Diploma,2026,International,38000.0,39875.0,,official_programme_estimate,https://www.lincoln.ac.nz/study/fees/international-fees/,2026-05-14,"International tuition fees by programme.; HTML table 7, row 16; page_title=International Fees :: Lincoln University; raw=Postgraduate Diploma in Parks, Recreation and Tourism | $38,000 | $976.00 | $899.00 | $39,875.00"
7006.0,Lincoln University,Master of Agricultural Science,,,Postgraduate,Master,2026,International,37000.0,38875.0,per 120 points,official_programme_estimate,https://www.lincoln.ac.nz/study/fees/international-fees/,2026-05-14,"International tuition fees by programme.; HTML table 8, row 1; page_title=International Fees :: Lincoln University; raw=Master of Agricultural Science | 120 credits | $37,000 | $976.00 | $899.00 | $38,875.00"
7006.0,Lincoln University,Master of Applied Science,,,Postgraduate,Master,2026,International,37000.0,38875.0,per 120 points,official_programme_estimate,https://www.lincoln.ac.nz/study/fees/international-fees/,2026-05-14,"International tuition fees by programme.; HTML table 8, row 2; page_title=International Fees :: Lincoln University; raw=Master of Applied Science | 120 credits | $37,000 | $976.00 | $899.00 | $38,875.00"
7006.0,Lincoln University,Master of Commerce (Agricultural),,,Postgraduate,Master,2026,International,37000.0,38875.0,per 120 points,official_programme_estimate,https://www.lincoln.ac.nz/study/fees/international-fees/,2026-05-14,"International tuition fees by programme.; HTML table 8, row 3; page_title=International Fees :: Lincoln University; raw=Master of Commerce (Agricultural) | 120 credits | $37,000 | $976.00 | $899.00 | $38,875.00"
7006.0,Lincoln University,Master of Commerce and Management,,,Postgraduate,Master,2026,International,35000.0,36875.0,per 120 points,official_programme_estimate,https://www.lincoln.ac.nz/study/fees/international-fees/,2026-05-14,"International tuition fees by programme.; HTML table 8, row 4; page_title=International Fees :: Lincoln University; raw=Master of Commerce and Management | 120 credits | $35,000 | $976.00 | $899.00 | $36,875.00"
7006.0,Lincoln University,Master of Horticultural Science,,,Postgraduate,Master,2026,International,37000.0,38875.0,per 120 points,official_programme_estimate,https://www.lincoln.ac.nz/study/fees/international-fees/,2026-05-14,"International tuition fees by programme.; HTML table 8, row 5; page_title=International Fees :: Lincoln University; raw=Master of Horticultural Science | 120 credits | $37,000 | $976.00 | $899.00 | $38,875.00"
7006.0,Lincoln University,Master of International Nature Conservation,,,Postgraduate,Master,2026,International,36500.0,38375.0,per 120 points,official_programme_estimate,https://www.lincoln.ac.nz/study/fees/international-fees/,2026-05-14,"International tuition fees by programme.; HTML table 8, row 6; page_title=International Fees :: Lincoln University; raw=Master of International Nature Conservation | 120 credits | $36,500 | $976.00 | $899.00 | $38,375.00"
7006.0,Lincoln University,Master of Landscape Architecture,,,Postgraduate,Master,2026,International,37000.0,38875.0,per 120 points,official_programme_estimate,https://www.lincoln.ac.nz/study/fees/international-fees/,2026-05-14,"International tuition fees by programme.; HTML table 8, row 7; page_title=International Fees :: Lincoln University; raw=Master of Landscape Architecture | 120 credits | $37,000 | $976.00 | $899.00 | $38,875.00"
7006.0,Lincoln University,Master of Natural Resources Management and Ecological Engineering,,,Postgraduate,Master,2026,International,36500.0,38375.0,per 120 points,official_programme_estimate,https://www.lincoln.ac.nz/study/fees/international-fees/,2026-05-14,"International tuition fees by programme.; HTML table 8, row 8; page_title=International Fees :: Lincoln University; raw=Master of Natural Resources Management and Ecological Engineering | 120 credits | $36,500 | $976.00 | $899.00 | $38,375.00"
7006.0,Lincoln University,Master of Science,,,Postgraduate,Master,2026,International,37000.0,38875.0,per 120 points,official_programme_estimate,https://www.lincoln.ac.nz/study/fees/international-fees/,2026-05-14,"International tuition fees by programme.; HTML table 8, row 9; page_title=International Fees :: Lincoln University; raw=Master of Science | 120 credits | $37,000 | $976.00 | $899.00 | $38,875.00"
7006.0,Lincoln University,Master of Applied Computing,,,Postgraduate,Master,2026,International,63000.0,65812.5,per 180 credits points/credits,official_programme_estimate,https://www.lincoln.ac.nz/study/fees/international-fees/,2026-05-14,"International tuition fees by programme.; HTML table 9, row 1; page_title=International Fees :: Lincoln University; raw=Master of Applied Computing | 180 credits | $63,000 | $1,464.00 | $1,348.50 | $65,812.50"
7006.0,Lincoln University,Master of Artificial Intelligence for Land Use,,,Postgraduate,Master,2026,International,63000.0,65812.5,per 180 credits points/credits,official_programme_estimate,https://www.lincoln.ac.nz/study/fees/international-fees/,2026-05-14,"International tuition fees by programme.; HTML table 9, row 2; page_title=International Fees :: Lincoln University; raw=Master of Artificial Intelligence for Land Use | 180 credits | $63,000 | $1,464.00 | $1,348.50 | $65,812.50"
7006.0,Lincoln University,Master of Bioprotection,,,Postgraduate,Master,2026,International,63000.0,65812.5,per 180 credits points/credits,official_programme_estimate,https://www.lincoln.ac.nz/study/fees/international-fees/,2026-05-14,"International tuition fees by programme.; HTML table 9, row 3; page_title=International Fees :: Lincoln University; raw=Master of Bioprotection | 180 credits | $63,000 | $1,464.00 | $1,348.50 | $65,812.50"
7006.0,Lincoln University,Master of Business (Finance),,,Postgraduate,Master,2026,International,57000.0,59812.5,per 180 credits points/credits,official_programme_estimate,https://www.lincoln.ac.nz/study/fees/international-fees/,2026-05-14,"International tuition fees by programme.; HTML table 9, row 4; page_title=International Fees :: Lincoln University; raw=Master of Business (Finance) | 180 credits | $57,000 | $1,464.00 | $1,348.50 | $59,812.50"
7006.0,Lincoln University,Master of Business (Global Management and Marketing),,,Postgraduate,Master,2026,International,57000.0,59812.5,per 180 credits points/credits,official_programme_estimate,https://www.lincoln.ac.nz/study/fees/international-fees/,2026-05-14,"International tuition fees by programme.; HTML table 9, row 5; page_title=International Fees :: Lincoln University; raw=Master of Business (Global Management and Marketing) | 180 credits | $57,000 | $1,464.00 | $1,348.50 | $59,812.50"
7006.0,Lincoln University,Master of Environmental Policy and Management,,,Postgraduate,Master,2026,International,63000.0,65812.5,per 180 credits points/credits,official_programme_estimate,https://www.lincoln.ac.nz/study/fees/international-fees/,2026-05-14,"International tuition fees by programme.; HTML table 9, row 6; page_title=International Fees :: Lincoln University; raw=Master of Environmental Policy and Management | 180 credits | $63,000 | $1,464.00 | $1,348.50 | $65,812.50"
7006.0,Lincoln University,Master of Environment and Agriculture,,,Postgraduate,Master,2026,International,63000.0,65812.5,per 180 credits points/credits,official_programme_estimate,https://www.lincoln.ac.nz/study/fees/international-fees/,2026-05-14,"International tuition fees by programme.; HTML table 9, row 7; page_title=International Fees :: Lincoln University; raw=Master of Environment and Agriculture | 180 credits | $63,000 | $1,464.00 | $1,348.50 | $65,812.50"
7006.0,Lincoln University,Master of Fintech and Investment Management,,,Postgraduate,Master,2026,International,57000.0,59812.5,per 180 credits points/credits,official_programme_estimate,https://www.lincoln.ac.nz/study/fees/international-fees/,2026-05-14,"International tuition fees by programme.; HTML table 9, row 8; page_title=International Fees :: Lincoln University; raw=Master of Fintech and Investment Management | 180 credits | $57,000 | $1,464.00 | $1,348.50 | $59,812.50"
7006.0,Lincoln University,Master of Management,Agribusiness,,Postgraduate,Master,2026,International,57000.0,59812.5,per 180 credits points/credits,official_programme_estimate,https://www.lincoln.ac.nz/study/fees/international-fees/,2026-05-14,"International tuition fees by programme.; HTML table 9, row 9; page_title=International Fees :: Lincoln University; raw=Master of Management in Agribusiness | 180 credits | $57,000 | $1,464.00 | $1,348.50 | $59,812.50"
7006.0,Lincoln University,Master of Management,Agricultural Systems,,Postgraduate,Master,2026,International,57000.0,59812.5,per 180 credits points/credits,official_programme_estimate,https://www.lincoln.ac.nz/study/fees/international-fees/,2026-05-14,"International tuition fees by programme.; HTML table 9, row 10; page_title=International Fees :: Lincoln University; raw=Master of Management in Agricultural Systems | 180 credits | $57,000 | $1,464.00 | $1,348.50 | $59,812.50"
7006.0,Lincoln University,Master of Parks Management,,,Postgraduate,Master,2026,International,57000.0,59812.5,per 180 credits points/credits,official_programme_estimate,https://www.lincoln.ac.nz/study/fees/international-fees/,2026-05-14,"International tuition fees by programme.; HTML table 9, row 11; page_title=International Fees :: Lincoln University; raw=Master of Parks Management | 180 credits | $57,000 | $1,464.00 | $1,348.50 | $59,812.50"
7006.0,Lincoln University,Master of Planning,,,Postgraduate,Master,2026,International,74000.0,77750.0,per year,official_programme_estimate,https://www.lincoln.ac.nz/study/fees/international-fees/,2026-05-14,"International tuition fees by programme.; HTML table 9, row 12; page_title=International Fees :: Lincoln University; raw=Master of Planning | 240 credits (two years) | $74,000 | $1,952.00 | $1,798.00 | $77,750.00"
7006.0,Lincoln University,Master of Professional Accounting (CPA),,,Postgraduate,Master,2026,International,57000.0,59812.5,per 180 credits points/credits,official_programme_estimate,https://www.lincoln.ac.nz/study/fees/international-fees/,2026-05-14,"International tuition fees by programme.; HTML table 9, row 13; page_title=International Fees :: Lincoln University; raw=Master of Professional Accounting (CPA) | 180 credits | $57,000 | $1,464.00 | $1,348.50 | $59,812.50"
7006.0,Lincoln University,Master of Precision Agriculture,,,Postgraduate,Master,2026,International,63000.0,65812.5,per 180 credits points/credits,official_programme_estimate,https://www.lincoln.ac.nz/study/fees/international-fees/,2026-05-14,"International tuition fees by programme.; HTML table 9, row 14; page_title=International Fees :: Lincoln University; raw=Master of Precision Agriculture | 180 credits | $63,000 | $1,464.00 | $1,348.50 | $65,812.50"
7006.0,Lincoln University,Master of Science,Food Innovation,,Postgraduate,Master,2026,International,63000.0,65812.5,per 180 credits points/credits,official_programme_estimate,https://www.lincoln.ac.nz/study/fees/international-fees/,2026-05-14,"International tuition fees by programme.; HTML table 9, row 15; page_title=International Fees :: Lincoln University; raw=Master of Science in Food Innovation | 180 credits | $63,000 | $1,464.00 | $1,348.50 | $65,812.50"
7006.0,Lincoln University,Master of Sport and Recreation Management,,,Postgraduate,Master,2026,International,57000.0,59812.5,per 180 credits points/credits,official_programme_estimate,https://www.lincoln.ac.nz/study/fees/international-fees/,2026-05-14,"International tuition fees by programme.; HTML table 9, row 16; page_title=International Fees :: Lincoln University; raw=Master of Sport and Recreation Management | 180 credits | $57,000 | $1,464.00 | $1,348.50 | $59,812.50"
7006.0,Lincoln University,Master of Tourism Management,,,Postgraduate,Master,2026,International,57000.0,59812.5,per 180 credits points/credits,official_programme_estimate,https://www.lincoln.ac.nz/study/fees/international-fees/,2026-05-14,"International tuition fees by programme.; HTML table 9, row 17; page_title=International Fees :: Lincoln University; raw=Master of Tourism Management | 180 credits | $57,000 | $1,464.00 | $1,348.50 | $59,812.50"
7006.0,Lincoln University,Master of Wine and Viticulture (Online),,,Postgraduate,Master,2026,International,57000.0,57742.0,per 180 credits points/credits,official_programme_estimate,https://www.lincoln.ac.nz/study/fees/international-fees/,2026-05-14,"International tuition fees by programme.; HTML table 9, row 18; page_title=International Fees :: Lincoln University; raw=Master of Wine and Viticulture (Online) | 180 credits | $57,000 | $742.00 | $57,742.00"
7006.0,Lincoln University,Master of Landscape Architecture,120 credits,,Postgraduate,Master,2026,International,37000.0,38875.0,per 120 points,official_programme_estimate,https://www.lincoln.ac.nz/study/fees/international-fees/,2026-05-14,"International tuition fees by programme.; HTML table 9, row 19; page_title=International Fees :: Lincoln University; raw=Master of Landscape Architecture - 120 credits | 120 credits | $37,000 | $976.00 | $899.00 | $38,875.00"
7006.0,Lincoln University,Master of Landscape Architecture,240 credits,,Postgraduate,Master,2026,International,74000.0,77750.0,per year,official_programme_estimate,https://www.lincoln.ac.nz/study/fees/international-fees/,2026-05-14,"International tuition fees by programme.; HTML table 9, row 20; page_title=International Fees :: Lincoln University; raw=Master of Landscape Architecture - 240 credits | 240 credits (two years) | $74,000 | $1,952.00 | $1,798.00 | $77,750.00"
7006.0,Lincoln University,PhD,per 120 credits,,Doctoral,Doctor of Philosophy,2026,International,9060.0,10935.0,per 120 points,official_programme_estimate,https://www.lincoln.ac.nz/study/fees/international-fees/,2026-05-14,"International tuition fees by programme.; HTML table 10, row 1; page_title=International Fees :: Lincoln University; raw=PhD - per 120 credits | $9,060 | $976.00 | $899.00 | $10,935.00"
7008.0,Auckland University of Technology,360,,,Undergraduate,Bachelor,2026,Domestic,9411.6,,per 120 points,official_programme_estimate,https://www.aut.ac.nz/study/fees-and-scholarships/fees-to-study-at-aut/domestic-student-fees-at-aut,2026-05-14,"Domestic programme fee estimates.; HTML table 1, row 1; page_title=Domestic student fees at AUT - AUT; raw=Bachelor of Architecture and Future Environments | 360 | $9,411.60 (for 120 points) ($8,190 tuition fees + $1,221.60 student services levy)"
7008.0,Auckland University of Technology,360,,,Undergraduate,Bachelor,2026,Domestic,9411.6,,per 120 points,official_programme_estimate,https://www.aut.ac.nz/study/fees-and-scholarships/fees-to-study-at-aut/domestic-student-fees-at-aut,2026-05-14,"Domestic programme fee estimates.; HTML table 1, row 2; page_title=Domestic student fees at AUT - AUT; raw=Bachelor of Construction | 360 | $9,411.60 (for 120 points) ($8,190 tuition fees + $1,221.60 student services levy)"
7008.0,Auckland University of Technology,360,,,Undergraduate,Bachelor,2026,Domestic,9411.6,,per 120 points,official_programme_estimate,https://www.aut.ac.nz/study/fees-and-scholarships/fees-to-study-at-aut/domestic-student-fees-at-aut,2026-05-14,"Domestic programme fee estimates.; HTML table 1, row 3; page_title=Domestic student fees at AUT - AUT; raw=Bachelor of Design Te Tohu Paetahi mō te Hoahoa | 360 | $9,411.60 - $9,471.60 (for 120 points) ($8,190 - $8,250 tuition fees + $1,221.60 student services levy)"
7008.0,Auckland University of Technology,480,,,Undergraduate,Bachelor with Honours,2026,Domestic,9411.6,,per 120 points,official_programme_estimate,https://www.aut.ac.nz/study/fees-and-scholarships/fees-to-study-at-aut/domestic-student-fees-at-aut,2026-05-14,"Domestic programme fee estimates.; HTML table 1, row 4; page_title=Domestic student fees at AUT - AUT; raw=Bachelor of Engineering (Honours) | 480 | $9,411.60 - $11,852.60 (for 120 points) ($8,190 - $10,631 tuition fees + $1,221.60 student services levy)"
7008.0,Auckland University of Technology,360,,,Doctoral,Doctor of Philosophy,2026,Domestic,9623.6,,per 120 points,official_programme_estimate,https://www.aut.ac.nz/study/fees-and-scholarships/fees-to-study-at-aut/domestic-student-fees-at-aut,2026-05-14,"Domestic programme fee estimates.; HTML table 1, row 5; page_title=Domestic student fees at AUT - AUT; raw=Doctor of Philosophy (PhD) | 360 | $9,623.60 (for 120 points) ($8,402 tuition fees + $1,221.60 student services levy)"
7008.0,Auckland University of Technology,120,,,Postgraduate,Graduate Diploma,2026,Domestic,9411.6,,per 120 points,official_programme_estimate,https://www.aut.ac.nz/study/fees-and-scholarships/fees-to-study-at-aut/domestic-student-fees-at-aut,2026-05-14,"Domestic programme fee estimates.; HTML table 1, row 6; page_title=Domestic student fees at AUT - AUT; raw=Graduate Diploma in Architecture | 120 | $9,411.60 (for 120 points) ($8,190 tuition fees + $1,221.60 student services levy)"
7008.0,Auckland University of Technology,120,,,Postgraduate,Master,2026,Domestic,11851.6,,per 120 points,official_programme_estimate,https://www.aut.ac.nz/study/fees-and-scholarships/fees-to-study-at-aut/domestic-student-fees-at-aut,2026-05-14,"Domestic programme fee estimates.; HTML table 1, row 7; page_title=Domestic student fees at AUT - AUT; raw=Master of Architectural Design Management | 120 | $11,851.60 (for 120 points) ($10,630 tuition fees + $1,221.60 student services levy)"
7008.0,Auckland University of Technology,240,,,Postgraduate,Master,2026,Domestic,11851.6,,per 120 points,official_programme_estimate,https://www.aut.ac.nz/study/fees-and-scholarships/fees-to-study-at-aut/domestic-student-fees-at-aut,2026-05-14,"Domestic programme fee estimates.; HTML table 1, row 8; page_title=Domestic student fees at AUT - AUT; raw=Master of Architecture (Professional) | 240 | $11,851.60 (for 120 points) ($10,630 tuition fees + $1,221.60 student services levy)"
7008.0,Auckland University of Technology,120,,,Postgraduate,Master,2026,Domestic,11851.6,,per 120 points,official_programme_estimate,https://www.aut.ac.nz/study/fees-and-scholarships/fees-to-study-at-aut/domestic-student-fees-at-aut,2026-05-14,"Domestic programme fee estimates.; HTML table 1, row 9; page_title=Domestic student fees at AUT - AUT; raw=Master of Construction Management | 120 | $11,851.60 (for 120 points) ($10,630 tuition fees + $1,221.60 student services levy)"
7008.0,Auckland University of Technology,120,,,Postgraduate,Master,2026,Domestic,11851.6,,per 120 points,official_programme_estimate,https://www.aut.ac.nz/study/fees-and-scholarships/fees-to-study-at-aut/domestic-student-fees-at-aut,2026-05-14,"Domestic programme fee estimates.; HTML table 1, row 10; page_title=Domestic student fees at AUT - AUT; raw=Master of Engineering Project Management | 120 | $11,851.60 (for 120 points) ($10,630 tuition fees + $1,221.60 student services levy)"
7008.0,Auckland University of Technology,120,,,Postgraduate,Master,2026,Domestic,9623.6,,per 120 points,official_programme_estimate,https://www.aut.ac.nz/study/fees-and-scholarships/fees-to-study-at-aut/domestic-student-fees-at-aut,2026-05-14,"Domestic programme fee estimates.; HTML table 1, row 11; page_title=Domestic student fees at AUT - AUT; raw=Master of Philosophy | 120 | $9,623.60 (for 120 points) ($8,402 tuition fees + $1,221.60 student services levy)"
7008.0,Auckland University of Technology,360,,,Undergraduate,Bachelor,2026,Domestic,9411.6,,per 120 points,official_programme_estimate,https://www.aut.ac.nz/study/fees-and-scholarships/fees-to-study-at-aut/domestic-student-fees-at-aut,2026-05-14,"Domestic programme fee estimates.; HTML table 2, row 1; page_title=Domestic student fees at AUT - AUT; raw=Bachelor of Design Te Tohu Paetahi mō te Hoahoa | 360 | $9,411.60 - $9,471.60 (for 120 points) ($8,190 - $8,250 tuition fees + $1,221.60 student services levy)"
7008.0,Auckland University of Technology,360,,,Undergraduate,Bachelor,2026,Domestic,9411.6,,per 120 points,official_programme_estimate,https://www.aut.ac.nz/study/fees-and-scholarships/fees-to-study-at-aut/domestic-student-fees-at-aut,2026-05-14,"Domestic programme fee estimates.; HTML table 2, row 2; page_title=Domestic student fees at AUT - AUT; raw=Bachelor of Visual Arts Te Tohu Paetahi mō Toi Ataata | 360 | $9,411.60 - $9,471.60 (for 120 points) ($8,190 - $8,250 tuition fees + $1,221.60 student services levy)"
7008.0,Auckland University of Technology,120,,,Diploma,Diploma,2026,Domestic,9411.6,,per 120 points,official_programme_estimate,https://www.aut.ac.nz/study/fees-and-scholarships/fees-to-study-at-aut/domestic-student-fees-at-aut,2026-05-14,"Domestic programme fee estimates.; HTML table 2, row 3; page_title=Domestic student fees at AUT - AUT; raw=Diploma in Design Tītohu mō te Hoahoa | 120 | $9,411.60 (for 120 points) ($8,190 tuition fees + $1,221.60 student services levy)"
7008.0,Auckland University of Technology,120,,,Diploma,Diploma,2026,Domestic,9411.6,,per 120 points,official_programme_estimate,https://www.aut.ac.nz/study/fees-and-scholarships/fees-to-study-at-aut/domestic-student-fees-at-aut,2026-05-14,"Domestic programme fee estimates.; HTML table 2, row 4; page_title=Domestic student fees at AUT - AUT; raw=Diploma in Visual Arts Tītohu mō te Toi Ataata | 120 | $9,411.60 (for 120 points) ($8,190 tuition fees + $1,221.60 student services levy)"
7008.0,Auckland University of Technology,360,,,Doctoral,Doctor of Philosophy,2026,Domestic,9623.6,,per 120 points,official_programme_estimate,https://www.aut.ac.nz/study/fees-and-scholarships/fees-to-study-at-aut/domestic-student-fees-at-aut,2026-05-14,"Domestic programme fee estimates.; HTML table 2, row 5; page_title=Domestic student fees at AUT - AUT; raw=Doctor of Philosophy (PhD) | 360 | $9,623.60 (for 120 points) ($8,402 tuition fees + $1,221.60 student services levy)"
7008.0,Auckland University of Technology,180,,,Postgraduate,Master,2026,Domestic,11851.6,,per 120 points,official_programme_estimate,https://www.aut.ac.nz/study/fees-and-scholarships/fees-to-study-at-aut/domestic-student-fees-at-aut,2026-05-14,"Domestic programme fee estimates.; HTML table 2, row 6; page_title=Domestic student fees at AUT - AUT; raw=Master of Design | 180 | $11,851.60 (for 120 points) ($10,630 tuition fees + $1,221.60 student services levy)"
7008.0,Auckland University of Technology,120,,,Postgraduate,Master,2026,Domestic,9623.6,,per 120 points,official_programme_estimate,https://www.aut.ac.nz/study/fees-and-scholarships/fees-to-study-at-aut/domestic-student-fees-at-aut,2026-05-14,"Domestic programme fee estimates.; HTML table 2, row 7; page_title=Domestic student fees at AUT - AUT; raw=Master of Philosophy | 120 | $9,623.60 (for 120 points) ($8,402 tuition fees + $1,221.60 student services levy)"
7008.0,Auckland University of Technology,180,,,Postgraduate,Master,2026,Domestic,11851.6,,per 120 points,official_programme_estimate,https://www.aut.ac.nz/study/fees-and-scholarships/fees-to-study-at-aut/domestic-student-fees-at-aut,2026-05-14,"Domestic programme fee estimates.; HTML table 2, row 8; page_title=Domestic student fees at AUT - AUT; raw=Master of Visual Arts | 180 | $11,851.60 (for 120 points) ($10,630 tuition fees + $1,221.60 student services levy)"
7008.0,Auckland University of Technology,510,,,Undergraduate,Bachelor,2026,Domestic,8839.6,,per 120 points,official_programme_estimate,https://www.aut.ac.nz/study/fees-and-scholarships/fees-to-study-at-aut/domestic-student-fees-at-aut,2026-05-14,"Domestic programme fee estimates.; HTML table 3, row 1; page_title=Domestic student fees at AUT - AUT; raw=Bachelor of Arts and Bachelor of Business Conjoint Programmes | 510 | $8,839.60 - $9,337.60 (for 120 points) ($7,618 - $8,116 tuition fees + $1,221.60 student services levy)"
7008.0,Auckland University of Technology,360,,,Undergraduate,Bachelor,2026,Domestic,9411.6,,per 120 points,official_programme_estimate,https://www.aut.ac.nz/study/fees-and-scholarships/fees-to-study-at-aut/domestic-student-fees-at-aut,2026-05-14,"Domestic programme fee estimates.; HTML table 3, row 2; page_title=Domestic student fees at AUT - AUT; raw=Bachelor of Business | 360 | $9,411.60 - $9,837.60 (for 120 points) ($8,190 - $8,616 tuition fees + $1,221.60 student services levy)"
7008.0,Auckland University of Technology,120,,,Undergraduate,Bachelor with Honours,2026,Domestic,11851.6,,per 120 points,official_programme_estimate,https://www.aut.ac.nz/study/fees-and-scholarships/fees-to-study-at-aut/domestic-student-fees-at-aut,2026-05-14,"Domestic programme fee estimates.; HTML table 3, row 3; page_title=Domestic student fees at AUT - AUT; raw=Bachelor of Business (Honours) | 120 | $11,851.60 (for 120 points) ($10,630 tuition fees + $1,221.60 student services levy)"
7008.0,Auckland University of Technology,510,,,Undergraduate,Bachelor,2026,Domestic,9411.6,,per 120 points,official_programme_estimate,https://www.aut.ac.nz/study/fees-and-scholarships/fees-to-study-at-aut/domestic-student-fees-at-aut,2026-05-14,"Domestic programme fee estimates.; HTML table 3, row 4; page_title=Domestic student fees at AUT - AUT; raw=Bachelor of Business and Bachelor of Computer and Information Sciences Conjoint Programmes | 510 | $9,411.60 - $9,448.60 (for 120 points) ($8,190 - $8,227 tuition fees + $1,221.60 student services levy)"
7008.0,Auckland University of Technology,525,,,Undergraduate,Bachelor,2026,Domestic,9411.6,,per 120 points,official_programme_estimate,https://www.aut.ac.nz/study/fees-and-scholarships/fees-to-study-at-aut/domestic-student-fees-at-aut,2026-05-14,"Domestic programme fee estimates.; HTML table 3, row 5; page_title=Domestic student fees at AUT - AUT; raw=Bachelor of Business and Bachelor of Health Science in Psychology Conjoint Programmes | 525 | $9,411.60 - $9,471.60 (for 120 points) ($8,190 - $8,250 tuition fees + $1,221.60 student services levy)"
7008.0,Auckland University of Technology,510,,,Undergraduate,Bachelor,2026,Domestic,9411.6,,per 120 points,official_programme_estimate,https://www.aut.ac.nz/study/fees-and-scholarships/fees-to-study-at-aut/domestic-student-fees-at-aut,2026-05-14,"Domestic programme fee estimates.; HTML table 3, row 6; page_title=Domestic student fees at AUT - AUT; raw=Bachelor of Business and Bachelor of International Hospitality Management Conjoint Programmes | 510 | $9,411.60 - $9,502.60 (for 120 points) ($8,190 - $8,281 tuition fees + $1,221.60 student services levy)"
7008.0,Auckland University of Technology,60,,,Certificate,Certificate,2026,Domestic,4419.8,,per 60 points/credits,official_programme_estimate,https://www.aut.ac.nz/study/fees-and-scholarships/fees-to-study-at-aut/domestic-student-fees-at-aut,2026-05-14,"Domestic programme fee estimates.; HTML table 3, row 7; page_title=Domestic student fees at AUT - AUT; raw=Certificate in Business Studies | 60 | $4,419.80 - $4,706.80 (for 60 points) ($3,809 - $4,096 tuition fees + $610.80 student services levy)"
7008.0,Auckland University of Technology,120,,,Diploma,Diploma,2026,Domestic,9411.6,,per 120 points,official_programme_estimate,https://www.aut.ac.nz/study/fees-and-scholarships/fees-to-study-at-aut/domestic-student-fees-at-aut,2026-05-14,"Domestic programme fee estimates.; HTML table 3, row 8; page_title=Domestic student fees at AUT - AUT; raw=Diploma in Business | 120 | $9,411.60 (for 120 points) ($8,190 tuition fees + $1,221.60 student services levy)"
7008.0,Auckland University of Technology,360,,,Doctoral,Doctor of Philosophy,2026,Domestic,9623.6,,per 120 points,official_programme_estimate,https://www.aut.ac.nz/study/fees-and-scholarships/fees-to-study-at-aut/domestic-student-fees-at-aut,2026-05-14,"Domestic programme fee estimates.; HTML table 3, row 9; page_title=Domestic student fees at AUT - AUT; raw=Doctor of Philosophy (PhD) | 360 | $9,623.60 (for 120 points) ($8,402 tuition fees + $1,221.60 student services levy)"
7008.0,Auckland University of Technology,60,,,Postgraduate,Graduate Certificate,2026,Domestic,4706.8,,per 60 points/credits,official_programme_estimate,https://www.aut.ac.nz/study/fees-and-scholarships/fees-to-study-at-aut/domestic-student-fees-at-aut,2026-05-14,"Domestic programme fee estimates.; HTML table 3, row 10; page_title=Domestic student fees at AUT - AUT; raw=Graduate Certificate in Business | 60 | $4,706.80 (for 60 points) ($4,096 tuition fees + $610.80 student services levy)"
7008.0,Auckland University of Technology,120,,,Postgraduate,Graduate Diploma,2026,Domestic,9411.6,,per 120 points,official_programme_estimate,https://www.aut.ac.nz/study/fees-and-scholarships/fees-to-study-at-aut/domestic-student-fees-at-aut,2026-05-14,"Domestic programme fee estimates.; HTML table 3, row 11; page_title=Domestic student fees at AUT - AUT; raw=Graduate Diploma in Business | 120 | $9,411.60 - $9,532.60 (for 120 points) ($8,190 - $8,311 tuition fees + $1,221.60 student services levy)"
7008.0,Auckland University of Technology,180,,,Postgraduate,Master,2026,Domestic,1192.0,,per 120 points,official_programme_estimate,https://www.aut.ac.nz/study/fees-and-scholarships/fees-to-study-at-aut/domestic-student-fees-at-aut,2026-05-14,"Domestic programme fee estimates.; HTML table 3, row 12; page_title=Domestic student fees at AUT - AUT; raw=Master of Applied Finance | 180 | 2025 fee: $22,715 (for 120 points) ($21,523 tuition fees + $1,192 student services levy) 2026 fee: $24,035.60 (for 120 points) ($22,814 tuition fees + $1,221.60 student services levy); amount repaired from notes using lower_bound_from_notes_range; original_tuition_fee_nzd=202.0"
7008.0,Auckland University of Technology,180,,,Postgraduate,Master,2026,Domestic,11851.6,,per 120 points,official_programme_estimate,https://www.aut.ac.nz/study/fees-and-scholarships/fees-to-study-at-aut/domestic-student-fees-at-aut,2026-05-14,"Domestic programme fee estimates.; HTML table 3, row 13; page_title=Domestic student fees at AUT - AUT; raw=Master of Business | 180 | $11,851.60 (for 120 points) ($10,630 tuition fees + $1,221.60 student services levy)"
7008.0,Auckland University of Technology,180,,,Postgraduate,Master,2026,Domestic,1192.0,,per 120 points,official_programme_estimate,https://www.aut.ac.nz/study/fees-and-scholarships/fees-to-study-at-aut/domestic-student-fees-at-aut,2026-05-14,"Domestic programme fee estimates.; HTML table 3, row 14; page_title=Domestic student fees at AUT - AUT; raw=Master of Business Administration | 180 | 2025 fee: $33,131 (for 120 points) ($31,939 tuition fees + $1,192 student services levy) 2026 fee: $35,076.60 (for 120 points) ($33,855 tuition fees + $1,221.60 student services levy); amount repaired from notes using lower_bound_from_notes_range; original_tuition_fee_nzd=202.0"
7008.0,Auckland University of Technology,180,,,Postgraduate,Master,2026,Domestic,1192.0,,per 120 points,official_programme_estimate,https://www.aut.ac.nz/study/fees-and-scholarships/fees-to-study-at-aut/domestic-student-fees-at-aut,2026-05-14,"Domestic programme fee estimates.; HTML table 3, row 15; page_title=Domestic student fees at AUT - AUT; raw=Master of Business Management | 180 | 2025 fee: $11,220 -$22,715 (for 120 points) ($10,028 -$21,523 tuition fees + $1,192 student services levy) 2026 fee: $11,851.60 - $24,035.60 (for 120 points) ($10,630 - $22,814 tuition fees + $1,221.60 student services levy); amount repaired from notes using lower_bound_from_notes_range; original_tuition_fee_nzd=202.0"
7008.0,Auckland University of Technology,180,,,Postgraduate,Master,2026,Domestic,24035.6,,per 120 points,official_programme_estimate,https://www.aut.ac.nz/study/fees-and-scholarships/fees-to-study-at-aut/domestic-student-fees-at-aut,2026-05-14,"Domestic programme fee estimates.; HTML table 3, row 16; page_title=Domestic student fees at AUT - AUT; raw=Master of Global Business | 180 | $24,035.60 (for 120 points) ($22,814 tuition fees + $1,221.60 student services levy)"
7008.0,Auckland University of Technology,180,,,Postgraduate,Master,2026,Domestic,24035.6,,per 120 points,official_programme_estimate,https://www.aut.ac.nz/study/fees-and-scholarships/fees-to-study-at-aut/domestic-student-fees-at-aut,2026-05-14,"Domestic programme fee estimates.; HTML table 3, row 17; page_title=Domestic student fees at AUT - AUT; raw=Master of Marketing | 180 | $24,035.60 (for 120 points) ($22,814 tuition fees + $1,221.60 student services levy)"
7008.0,Auckland University of Technology,120,,,Postgraduate,Master,2026,Domestic,9623.6,,per 120 points,official_programme_estimate,https://www.aut.ac.nz/study/fees-and-scholarships/fees-to-study-at-aut/domestic-student-fees-at-aut,2026-05-14,"Domestic programme fee estimates.; HTML table 3, row 18; page_title=Domestic student fees at AUT - AUT; raw=Master of Philosophy | 120 | $9,623.60 (for 120 points) ($8,402 tuition fees + $1,221.60 student services levy)"
7008.0,Auckland University of Technology,180,,,Postgraduate,Master,2026,Domestic,24035.6,,per 120 points,official_programme_estimate,https://www.aut.ac.nz/study/fees-and-scholarships/fees-to-study-at-aut/domestic-student-fees-at-aut,2026-05-14,"Domestic programme fee estimates.; HTML table 3, row 19; page_title=Domestic student fees at AUT - AUT; raw=Master of Professional Accounting | 180 | $24,035.60 (for 120 points) ($22,814 tuition fees + $1,221.60 student services levy)"
7008.0,Auckland University of Technology,180,,,Postgraduate,Master,2026,Domestic,24035.6,,per 120 points,official_programme_estimate,https://www.aut.ac.nz/study/fees-and-scholarships/fees-to-study-at-aut/domestic-student-fees-at-aut,2026-05-14,"Domestic programme fee estimates.; HTML table 3, row 20; page_title=Domestic student fees at AUT - AUT; raw=Master of Supply Chain Management | 180 | $24,035.60 (for 120 points) ($22,814 tuition fees + $1,221.60 student services levy)"
7008.0,Auckland University of Technology,60,,,Postgraduate,Postgraduate Certificate,2026,Domestic,5925.8,,per 60 points/credits,official_programme_estimate,https://www.aut.ac.nz/study/fees-and-scholarships/fees-to-study-at-aut/domestic-student-fees-at-aut,2026-05-14,"Domestic programme fee estimates.; HTML table 3, row 21; page_title=Domestic student fees at AUT - AUT; raw=Postgraduate Certificate in Business | 60 | $5,925.80 (for 60 points) ($5,315 tuition fees + $610.80 student services levy)"
7008.0,Auckland University of Technology,60,,,Postgraduate,Postgraduate Certificate,2026,Domestic,17538.8,,per 60 points/credits,official_programme_estimate,https://www.aut.ac.nz/study/fees-and-scholarships/fees-to-study-at-aut/domestic-student-fees-at-aut,2026-05-14,"Domestic programme fee estimates.; HTML table 3, row 22; page_title=Domestic student fees at AUT - AUT; raw=Postgraduate Certificate in Business Administration | 60 | $17,538.80 (for 60 points) ($16,928 tuition fees + $610.80 student services levy)"
7008.0,Auckland University of Technology,60,,,Postgraduate,Postgraduate Certificate,2026,Domestic,12017.8,,per 60 points/credits,official_programme_estimate,https://www.aut.ac.nz/study/fees-and-scholarships/fees-to-study-at-aut/domestic-student-fees-at-aut,2026-05-14,"Domestic programme fee estimates.; HTML table 3, row 23; page_title=Domestic student fees at AUT - AUT; raw=Postgraduate Certificate in Business Studies | 60 | $12,017.80 (for 60 points) ($11,407 tuition fees + $610.80 student services levy)"
7008.0,Auckland University of Technology,60,,,Postgraduate,Postgraduate Certificate,2026,Domestic,12017.8,,per 60 points/credits,official_programme_estimate,https://www.aut.ac.nz/study/fees-and-scholarships/fees-to-study-at-aut/domestic-student-fees-at-aut,2026-05-14,"Domestic programme fee estimates.; HTML table 3, row 24; page_title=Domestic student fees at AUT - AUT; raw=Postgraduate Certificate in Professional Accounting | 60 | $12,017.80 (for 60 points) ($11,407 tuition fees + $610.80 student services levy)"
7008.0,Auckland University of Technology,120,,,Postgraduate,Postgraduate Diploma,2026,Domestic,24035.6,,per 120 points,official_programme_estimate,https://www.aut.ac.nz/study/fees-and-scholarships/fees-to-study-at-aut/domestic-student-fees-at-aut,2026-05-14,"Domestic programme fee estimates.; HTML table 3, row 25; page_title=Domestic student fees at AUT - AUT; raw=Postgraduate Diploma in Applied Finance | 120 | $24,035.60 (for 120 points) ($22,814 tuition fees + $1,221.60 student services levy)"
7008.0,Auckland University of Technology,120,,,Postgraduate,Postgraduate Diploma,2026,Domestic,11851.6,,per 120 points,official_programme_estimate,https://www.aut.ac.nz/study/fees-and-scholarships/fees-to-study-at-aut/domestic-student-fees-at-aut,2026-05-14,"Domestic programme fee estimates.; HTML table 3, row 26; page_title=Domestic student fees at AUT - AUT; raw=Postgraduate Diploma in Business | 120 | $11,851.60 (for 120 points) ($10,630 tuition fees + $1,221.60 student services levy)"
7008.0,Auckland University of Technology,120,,,Postgraduate,Postgraduate Diploma,2026,Domestic,35076.6,,per 120 points,official_programme_estimate,https://www.aut.ac.nz/study/fees-and-scholarships/fees-to-study-at-aut/domestic-student-fees-at-aut,2026-05-14,"Domestic programme fee estimates.; HTML table 3, row 27; page_title=Domestic student fees at AUT - AUT; raw=Postgraduate Diploma in Business Administration | 120 | $35,076.60 (for 120 points) ($33,855 tuition fees + $1,221.60 student services levy)"
7008.0,Auckland University of Technology,120,,,Postgraduate,Postgraduate Diploma,2026,Domestic,11851.6,,per 120 points,official_programme_estimate,https://www.aut.ac.nz/study/fees-and-scholarships/fees-to-study-at-aut/domestic-student-fees-at-aut,2026-05-14,"Domestic programme fee estimates.; HTML table 3, row 28; page_title=Domestic student fees at AUT - AUT; raw=Postgraduate Diploma in Business Management | 120 | $11,851.60 - $24,035.60 (for 120 points) ($10,630 - $22,814 tuition fees + $1,221.60 student services levy)"
7008.0,Auckland University of Technology,120,,,Postgraduate,Postgraduate Diploma,2026,Domestic,24035.6,,per 120 points,official_programme_estimate,https://www.aut.ac.nz/study/fees-and-scholarships/fees-to-study-at-aut/domestic-student-fees-at-aut,2026-05-14,"Domestic programme fee estimates.; HTML table 3, row 29; page_title=Domestic student fees at AUT - AUT; raw=Postgraduate Diploma in Global Business | 120 | $24,035.60 (for 120 points) ($22,814 tuition fees + $1,221.60 student services levy)"
7008.0,Auckland University of Technology,120,,,Postgraduate,Postgraduate Diploma,2026,Domestic,24035.6,,per 120 points,official_programme_estimate,https://www.aut.ac.nz/study/fees-and-scholarships/fees-to-study-at-aut/domestic-student-fees-at-aut,2026-05-14,"Domestic programme fee estimates.; HTML table 3, row 30; page_title=Domestic student fees at AUT - AUT; raw=Postgraduate Diploma in Marketing | 120 | $24,035.60 (for 120 points) ($22,814 tuition fees + $1,221.60 student services levy)"
7008.0,Auckland University of Technology,120,,,Postgraduate,Postgraduate Diploma,2026,Domestic,24035.6,,per 120 points,official_programme_estimate,https://www.aut.ac.nz/study/fees-and-scholarships/fees-to-study-at-aut/domestic-student-fees-at-aut,2026-05-14,"Domestic programme fee estimates.; HTML table 3, row 31; page_title=Domestic student fees at AUT - AUT; raw=Postgraduate Diploma in Professional Accounting | 120 | $24,035.60 (for 120 points) ($22,814 tuition fees + $1,221.60 student services levy)"
7008.0,Auckland University of Technology,120,,,Postgraduate,Postgraduate Diploma,2026,Domestic,24035.6,,per 120 points,official_programme_estimate,https://www.aut.ac.nz/study/fees-and-scholarships/fees-to-study-at-aut/domestic-student-fees-at-aut,2026-05-14,"Domestic programme fee estimates.; HTML table 3, row 32; page_title=Domestic student fees at AUT - AUT; raw=Postgraduate Diploma in Supply Chain Management | 120 | $24,035.60 (for 120 points) ($22,814 tuition fees + $1,221.60 student services levy)"
7008.0,Auckland University of Technology,360,,,Undergraduate,Bachelor,2026,Domestic,8839.6,,per 120 points,official_programme_estimate,https://www.aut.ac.nz/study/fees-and-scholarships/fees-to-study-at-aut/domestic-student-fees-at-aut,2026-05-14,"Domestic programme fee estimates.; HTML table 4, row 1; page_title=Domestic student fees at AUT - AUT; raw=Bachelor of Communication Studies | 360 | $8,839.60 - $9,974.60 (for 120 points) ($7,618 - $8,753 tuition fees + $1,221.60 student services levy)"
7008.0,Auckland University of Technology,360,,,Doctoral,Doctor of Philosophy,2026,Domestic,9623.6,,per 120 points,official_programme_estimate,https://www.aut.ac.nz/study/fees-and-scholarships/fees-to-study-at-aut/domestic-student-fees-at-aut,2026-05-14,"Domestic programme fee estimates.; HTML table 4, row 2; page_title=Domestic student fees at AUT - AUT; raw=Doctor of Philosophy (PhD) | 360 | $9,623.60 (for 120 points) ($8,402 tuition fees + $1,221.60 student services levy)"
7008.0,Auckland University of Technology,180,,,Postgraduate,Master,2026,Domestic,11851.6,,per 120 points,official_programme_estimate,https://www.aut.ac.nz/study/fees-and-scholarships/fees-to-study-at-aut/domestic-student-fees-at-aut,2026-05-14,"Domestic programme fee estimates.; HTML table 4, row 3; page_title=Domestic student fees at AUT - AUT; raw=Master of Communication Studies | 180 | $11,851.60 (for 120 points) ($10,630 tuition fees + $1,221.60 student services levy)"
7008.0,Auckland University of Technology,120,,,Postgraduate,Master,2026,Domestic,9623.6,,per 120 points,official_programme_estimate,https://www.aut.ac.nz/study/fees-and-scholarships/fees-to-study-at-aut/domestic-student-fees-at-aut,2026-05-14,"Domestic programme fee estimates.; HTML table 4, row 4; page_title=Domestic student fees at AUT - AUT; raw=Master of Philosophy | 120 | $9,623.60 (for 120 points) ($8,402 tuition fees + $1,221.60 student services levy)"
7008.0,Auckland University of Technology,60,,,Postgraduate,Postgraduate Certificate,2026,Domestic,5925.8,,per 60 points/credits,official_programme_estimate,https://www.aut.ac.nz/study/fees-and-scholarships/fees-to-study-at-aut/domestic-student-fees-at-aut,2026-05-14,"Domestic programme fee estimates.; HTML table 4, row 5; page_title=Domestic student fees at AUT - AUT; raw=Postgraduate Certificate in Communication Studies | 60 | $5,925.80 (for 60 points) ($5,315 tuition fees + $610.80 student services levy)"
7008.0,Auckland University of Technology,120,,,Postgraduate,Postgraduate Diploma,2026,Domestic,11851.6,,per 120 points,official_programme_estimate,https://www.aut.ac.nz/study/fees-and-scholarships/fees-to-study-at-aut/domestic-student-fees-at-aut,2026-05-14,"Domestic programme fee estimates.; HTML table 4, row 6; page_title=Domestic student fees at AUT - AUT; raw=Postgraduate Diploma in Communication Studies | 120 | $11,851.60 (for 120 points) ($10,630 tuition fees + $1,221.60 student services levy)"
7008.0,Auckland University of Technology,360,,,Doctoral,Doctor of Philosophy,2026,Domestic,9623.6,,per 120 points,official_programme_estimate,https://www.aut.ac.nz/study/fees-and-scholarships/fees-to-study-at-aut/domestic-student-fees-at-aut,2026-05-14,"Domestic programme fee estimates.; HTML table 5, row 1; page_title=Domestic student fees at AUT - AUT; raw=Doctor of Philosophy (PhD) | 360 | $9,623.60 (for 120 points) ($8,402 tuition fees + $1,221.60 student services levy)"
7008.0,Auckland University of Technology,180,,,Postgraduate,Master,2026,Domestic,11851.6,,per 120 points,official_programme_estimate,https://www.aut.ac.nz/study/fees-and-scholarships/fees-to-study-at-aut/domestic-student-fees-at-aut,2026-05-14,"Domestic programme fee estimates.; HTML table 5, row 2; page_title=Domestic student fees at AUT - AUT; raw=Master of Creative Technologies | 180 | $11,851.60 (for 120 points) ($10,630 tuition fees + $1,221.60 student services levy)"
7008.0,Auckland University of Technology,120,,,Postgraduate,Master,2026,Domestic,9623.6,,per 120 points,official_programme_estimate,https://www.aut.ac.nz/study/fees-and-scholarships/fees-to-study-at-aut/domestic-student-fees-at-aut,2026-05-14,"Domestic programme fee estimates.; HTML table 5, row 3; page_title=Domestic student fees at AUT - AUT; raw=Master of Philosophy | 120 | $9,623.60 (for 120 points) ($8,402 tuition fees + $1,221.60 student services levy)"
7008.0,Auckland University of Technology,60,,,Postgraduate,Postgraduate Certificate,2026,Domestic,5925.8,,per 60 points/credits,official_programme_estimate,https://www.aut.ac.nz/study/fees-and-scholarships/fees-to-study-at-aut/domestic-student-fees-at-aut,2026-05-14,"Domestic programme fee estimates.; HTML table 5, row 4; page_title=Domestic student fees at AUT - AUT; raw=Postgraduate Certificate in Creative Technologies | 60 | $5,925.80 (for 60 points) ($5,315 tuition fees + $610.80 student services levy)"
7008.0,Auckland University of Technology,360,,,Undergraduate,Bachelor,2026,Domestic,8839.6,,per 120 points,official_programme_estimate,https://www.aut.ac.nz/study/fees-and-scholarships/fees-to-study-at-aut/domestic-student-fees-at-aut,2026-05-14,"Domestic programme fee estimates.; HTML table 6, row 1; page_title=Domestic student fees at AUT - AUT; raw=Bachelor of Arts | 360 | $8,839.60 - $9,774.60 (for 120 points) ($7,618 - $8,553 tuition fees + $1,221.60 student services levy)"
7008.0,Auckland University of Technology,120,,,Undergraduate,Bachelor with Honours,2026,Domestic,11851.6,,per 120 points,official_programme_estimate,https://www.aut.ac.nz/study/fees-and-scholarships/fees-to-study-at-aut/domestic-student-fees-at-aut,2026-05-14,"Domestic programme fee estimates.; HTML table 6, row 2; page_title=Domestic student fees at AUT - AUT; raw=Bachelor of Arts (Honours) | 120 | $11,851.60 (for 120 points) ($10,630 tuition fees + $1,221.60 student services levy)"
7008.0,Auckland University of Technology,510,,,Undergraduate,Bachelor,2026,Domestic,8839.6,,per 120 points,official_programme_estimate,https://www.aut.ac.nz/study/fees-and-scholarships/fees-to-study-at-aut/domestic-student-fees-at-aut,2026-05-14,"Domestic programme fee estimates.; HTML table 6, row 3; page_title=Domestic student fees at AUT - AUT; raw=Bachelor of Arts and Bachelor of Business Conjoint Programmes | 510 | $8,839.60 - $9,337.60 (for 120 points) ($7,618 - $8,116 tuition fees + $1,221.60 student services levy)"
7008.0,Auckland University of Technology,510,,,Undergraduate,Bachelor,2026,Domestic,8839.6,,per 120 points,official_programme_estimate,https://www.aut.ac.nz/study/fees-and-scholarships/fees-to-study-at-aut/domestic-student-fees-at-aut,2026-05-14,"Domestic programme fee estimates.; HTML table 6, row 4; page_title=Domestic student fees at AUT - AUT; raw=Bachelor of Arts and Bachelor of Computer and Information Sciences Conjoint Programmes | 510 | $8,839.60 - $9,974.60 (for 120 points) ($7,618 - $8,753 tuition fees + $1,221.60 student services levy)"
7008.0,Auckland University of Technology,360,,,Undergraduate,Bachelor,2026,Domestic,8839.6,,per 120 points,official_programme_estimate,https://www.aut.ac.nz/study/fees-and-scholarships/fees-to-study-at-aut/domestic-student-fees-at-aut,2026-05-14,"Domestic programme fee estimates.; HTML table 6, row 5; page_title=Domestic student fees at AUT - AUT; raw=Bachelor of Education ([Specialty] Teaching) | 360 | $8,839.60 - $10,740.60 (for 120 points) ($7,618 - $9,519 tuition fees + $1,221.60 student services levy)"
7008.0,Auckland University of Technology,60,,,Certificate,Certificate,2026,Domestic,4706.8,,per 60 points/credits,official_programme_estimate,https://www.aut.ac.nz/study/fees-and-scholarships/fees-to-study-at-aut/domestic-student-fees-at-aut,2026-05-14,"Domestic programme fee estimates.; HTML table 6, row 6; page_title=Domestic student fees at AUT - AUT; raw=Certificate in Arts | 60 | $4,706.80 (for 60 points) ($4,096 tuition fees + $610.80 student services levy)"
7008.0,Auckland University of Technology,120,,,Diploma,Diploma,2026,Domestic,9411.6,,per 120 points,official_programme_estimate,https://www.aut.ac.nz/study/fees-and-scholarships/fees-to-study-at-aut/domestic-student-fees-at-aut,2026-05-14,"Domestic programme fee estimates.; HTML table 6, row 7; page_title=Domestic student fees at AUT - AUT; raw=Diploma in Arts | 120 | $9,411.60 (for 120 points) ($8,190 tuition fees + $1,221.60 student services levy)"
7008.0,Auckland University of Technology,360,,,,Doctoral,2026,Domestic,9623.6,,per 120 points,official_programme_estimate,https://www.aut.ac.nz/study/fees-and-scholarships/fees-to-study-at-aut/domestic-student-fees-at-aut,2026-05-14,"Domestic programme fee estimates.; HTML table 6, row 8; page_title=Domestic student fees at AUT - AUT; raw=Doctor of Education | 360 | $9,623.60 (for 120 points) ($8,402 tuition fees + $1,221.60 student services levy)"
7008.0,Auckland University of Technology,360,,,Doctoral,Doctor of Philosophy,2026,Domestic,9623.6,,per 120 points,official_programme_estimate,https://www.aut.ac.nz/study/fees-and-scholarships/fees-to-study-at-aut/domestic-student-fees-at-aut,2026-05-14,"Domestic programme fee estimates.; HTML table 6, row 9; page_title=Domestic student fees at AUT - AUT; raw=Doctor of Philosophy (PhD) | 360 | $9,623.60 (for 120 points) ($8,402 tuition fees + $1,221.60 student services levy)"
7008.0,Auckland University of Technology,60,,,Postgraduate,Graduate Certificate,2026,Domestic,4419.8,,per 60 points/credits,official_programme_estimate,https://www.aut.ac.nz/study/fees-and-scholarships/fees-to-study-at-aut/domestic-student-fees-at-aut,2026-05-14,"Domestic programme fee estimates.; HTML table 6, row 10; page_title=Domestic student fees at AUT - AUT; raw=Graduate Certificate in Arts | 60 | $4,419.80 - $4,526.80 (for 60 points) ($3,809 - $3,916 tuition fees + $610.80 student services levy)"
7008.0,Auckland University of Technology,120,,,Postgraduate,Graduate Diploma,2026,Domestic,8839.6,,per 120 points,official_programme_estimate,https://www.aut.ac.nz/study/fees-and-scholarships/fees-to-study-at-aut/domestic-student-fees-at-aut,2026-05-14,"Domestic programme fee estimates.; HTML table 6, row 11; page_title=Domestic student fees at AUT - AUT; raw=Graduate Diploma in Arts | 120 | $8,839.60 - $8,962.60 (for 120 points) ($7,618 - $7,741 tuition fees + $1,221.60 student services levy)"
7008.0,Auckland University of Technology,120,,,Postgraduate,Graduate Diploma,2026,Domestic,9411.6,,per 120 points,official_programme_estimate,https://www.aut.ac.nz/study/fees-and-scholarships/fees-to-study-at-aut/domestic-student-fees-at-aut,2026-05-14,"Domestic programme fee estimates.; HTML table 6, row 12; page_title=Domestic student fees at AUT - AUT; raw=Graduate Diploma in Secondary Teaching | 120 | $9,411.60 - $9,786.60 (for 120 points) ($8,190 - $8,565 tuition fees + $1,221.60 student services levy)"
7008.0,Auckland University of Technology,180,,,Postgraduate,Master,2026,Domestic,11851.6,,per 120 points,official_programme_estimate,https://www.aut.ac.nz/study/fees-and-scholarships/fees-to-study-at-aut/domestic-student-fees-at-aut,2026-05-14,"Domestic programme fee estimates.; HTML table 6, row 13; page_title=Domestic student fees at AUT - AUT; raw=Master of Education | 180 | $11,851.60 (for 120 points) ($10,630 tuition fees + $1,221.60 student services levy)"
7008.0,Auckland University of Technology,120,,,Postgraduate,Master,2026,Domestic,9623.6,,per 120 points,official_programme_estimate,https://www.aut.ac.nz/study/fees-and-scholarships/fees-to-study-at-aut/domestic-student-fees-at-aut,2026-05-14,"Domestic programme fee estimates.; HTML table 6, row 14; page_title=Domestic student fees at AUT - AUT; raw=Master of Philosophy | 120 | $9,623.60 (for 120 points) ($8,402 tuition fees + $1,221.60 student services levy)"
7008.0,Auckland University of Technology,180,,,Postgraduate,Master,2026,Domestic,17775.4,,per 180 points/credits,official_programme_estimate,https://www.aut.ac.nz/study/fees-and-scholarships/fees-to-study-at-aut/domestic-student-fees-at-aut,2026-05-14,"Domestic programme fee estimates.; HTML table 6, row 15; page_title=Domestic student fees at AUT - AUT; raw=Master of Teaching and Learning | 180 | $17,775.40 - $18,776.40 (for 180 points) ($15,943 - $16,944 tuition fees + $1,832.40 student services levy)"
7008.0,Auckland University of Technology,60,,,Postgraduate,Postgraduate Certificate,2026,Domestic,5925.8,,per 60 points/credits,official_programme_estimate,https://www.aut.ac.nz/study/fees-and-scholarships/fees-to-study-at-aut/domestic-student-fees-at-aut,2026-05-14,"Domestic programme fee estimates.; HTML table 6, row 16; page_title=Domestic student fees at AUT - AUT; raw=Postgraduate Certificate in Education | 60 | $5,925.80 (for 60 points) ($5,315 tuition fees + $610.80 student services levy)"
7008.0,Auckland University of Technology,120,,,Postgraduate,Postgraduate Diploma,2026,Domestic,11851.6,,per 120 points,official_programme_estimate,https://www.aut.ac.nz/study/fees-and-scholarships/fees-to-study-at-aut/domestic-student-fees-at-aut,2026-05-14,"Domestic programme fee estimates.; HTML table 6, row 17; page_title=Domestic student fees at AUT - AUT; raw=Postgraduate Diploma in Education | 120 | $11,851.60 (for 120 points) ($10,630 tuition fees + $1,221.60 student services levy)"
7008.0,Auckland University of Technology,150,,,Postgraduate,Postgraduate Diploma,2026,Domestic,14814.0,,per 150 points/credits,official_programme_estimate,https://www.aut.ac.nz/study/fees-and-scholarships/fees-to-study-at-aut/domestic-student-fees-at-aut,2026-05-14,"Domestic programme fee estimates.; HTML table 6, row 18; page_title=Domestic student fees at AUT - AUT; raw=Postgraduate Diploma in Teaching and Learning | 150 | $14,814 (for 150 points) ($13,287 tuition fees + $1,527 student services levy)"
7008.0,Auckland University of Technology,510,,,Undergraduate,Bachelor,2026,Domestic,8839.6,,per 120 points,official_programme_estimate,https://www.aut.ac.nz/study/fees-and-scholarships/fees-to-study-at-aut/domestic-student-fees-at-aut,2026-05-14,"Domestic programme fee estimates.; HTML table 7, row 1; page_title=Domestic student fees at AUT - AUT; raw=Bachelor of Arts and Bachelor of Computer and Information Sciences Conjoint Programmes | 510 | $8,839.60 - $9,974.60 (for 120 points) ($7,618 - $8,753 tuition fees + $1,221.60 student services levy)"
7008.0,Auckland University of Technology,510,,,Undergraduate,Bachelor,2026,Domestic,9411.6,,per 120 points,official_programme_estimate,https://www.aut.ac.nz/study/fees-and-scholarships/fees-to-study-at-aut/domestic-student-fees-at-aut,2026-05-14,"Domestic programme fee estimates.; HTML table 7, row 2; page_title=Domestic student fees at AUT - AUT; raw=Bachelor of Business and Bachelor of Computer and Information Sciences Conjoint Programmes | 510 | $9,411.60 - $9,448.60 (for 120 points) ($8,190 - $8,227 tuition fees + $1,221.60 student services levy)"
7008.0,Auckland University of Technology,360,,,Undergraduate,Bachelor,2026,Domestic,9411.6,,per 120 points,official_programme_estimate,https://www.aut.ac.nz/study/fees-and-scholarships/fees-to-study-at-aut/domestic-student-fees-at-aut,2026-05-14,"Domestic programme fee estimates.; HTML table 7, row 3; page_title=Domestic student fees at AUT - AUT; raw=Bachelor of Computer and Information Sciences | 360 | $9,411.60 - $9,508.60 (for 120 points) ($8,190 - $8,287 tuition fees + $1,221.60 student services levy)"
7008.0,Auckland University of Technology,480,,,Undergraduate,Bachelor with Honours,2026,Domestic,9411.6,,per 120 points,official_programme_estimate,https://www.aut.ac.nz/study/fees-and-scholarships/fees-to-study-at-aut/domestic-student-fees-at-aut,2026-05-14,"Domestic programme fee estimates.; HTML table 7, row 4; page_title=Domestic student fees at AUT - AUT; raw=Bachelor of Engineering (Honours) | 480 | $9,411.60 - $11,852.60 (for 120 points) ($8,190 - $10,631 tuition fees + $1,221.60 student services levy)"
7008.0,Auckland University of Technology,360,,,Undergraduate,Bachelor,2026,Domestic,9411.6,,per 120 points,official_programme_estimate,https://www.aut.ac.nz/study/fees-and-scholarships/fees-to-study-at-aut/domestic-student-fees-at-aut,2026-05-14,"Domestic programme fee estimates.; HTML table 7, row 5; page_title=Domestic student fees at AUT - AUT; raw=Bachelor of Engineering Technology | 360 | $9,411.60 - $9,511.60 (for 120 points) ($8,190 - $8,290 tuition fees + $1,221.60 student services levy)"
7008.0,Auckland University of Technology,360,,,Undergraduate,Bachelor,2026,Domestic,9411.6,,per 120 points,official_programme_estimate,https://www.aut.ac.nz/study/fees-and-scholarships/fees-to-study-at-aut/domestic-student-fees-at-aut,2026-05-14,"Domestic programme fee estimates.; HTML table 7, row 6; page_title=Domestic student fees at AUT - AUT; raw=Bachelor of Science | 360 | $9,411.60 - $9,665.60 (for 120 points) ($8,190 - $8,444 tuition fees + $1,221.60 student services levy)"
7008.0,Auckland University of Technology,120,,,Certificate,Certificate,2026,Domestic,9411.6,,per 120 points,official_programme_estimate,https://www.aut.ac.nz/study/fees-and-scholarships/fees-to-study-at-aut/domestic-student-fees-at-aut,2026-05-14,"Domestic programme fee estimates.; HTML table 7, row 7; page_title=Domestic student fees at AUT - AUT; raw=Certificate in Science and Technology | 120 | $9,411.60 (for 120 points) ($8,190 tuition fees + $1,221.60 student services levy)"
7008.0,Auckland University of Technology,120,,,Diploma,Diploma,2026,Domestic,9411.6,,per 120 points,official_programme_estimate,https://www.aut.ac.nz/study/fees-and-scholarships/fees-to-study-at-aut/domestic-student-fees-at-aut,2026-05-14,"Domestic programme fee estimates.; HTML table 7, row 8; page_title=Domestic student fees at AUT - AUT; raw=Diploma in Computer and Information Sciences | 120 | $9,411.60 (for 120 points) ($8,190 tuition fees + $1,221.60 student services levy)"
7008.0,Auckland University of Technology,120,,,Diploma,Diploma,2026,Domestic,9411.6,,per 120 points,official_programme_estimate,https://www.aut.ac.nz/study/fees-and-scholarships/fees-to-study-at-aut/domestic-student-fees-at-aut,2026-05-14,"Domestic programme fee estimates.; HTML table 7, row 9; page_title=Domestic student fees at AUT - AUT; raw=Diploma in Engineering | 120 | $9,411.60 (for 120 points) ($8,190 tuition fees + $1,221.60 student services levy)"
7008.0,Auckland University of Technology,360,,,Doctoral,Doctor of Philosophy,2026,Domestic,9623.6,,per 120 points,official_programme_estimate,https://www.aut.ac.nz/study/fees-and-scholarships/fees-to-study-at-aut/domestic-student-fees-at-aut,2026-05-14,"Domestic programme fee estimates.; HTML table 7, row 10; page_title=Domestic student fees at AUT - AUT; raw=Doctor of Philosophy (PhD) | 360 | $9,623.60 (for 120 points) ($8,402 tuition fees + $1,221.60 student services levy)"
7008.0,Auckland University of Technology,60,,,Postgraduate,Graduate Certificate,2026,Domestic,4706.8,,per 60 points/credits,official_programme_estimate,https://www.aut.ac.nz/study/fees-and-scholarships/fees-to-study-at-aut/domestic-student-fees-at-aut,2026-05-14,"Domestic programme fee estimates.; HTML table 7, row 11; page_title=Domestic student fees at AUT - AUT; raw=Graduate Certificate in Computer and Information Sciences | 60 | $4,706.80 (for 60 points) ($4,096 tuition fees + $610.80 student services levy)"
7008.0,Auckland University of Technology,60,,,Postgraduate,Graduate Certificate,2026,Domestic,4706.8,,per 60 points/credits,official_programme_estimate,https://www.aut.ac.nz/study/fees-and-scholarships/fees-to-study-at-aut/domestic-student-fees-at-aut,2026-05-14,"Domestic programme fee estimates.; HTML table 7, row 12; page_title=Domestic student fees at AUT - AUT; raw=Graduate Certificate in Science | 60 | $4,706.80 - $4,716.80 (for 60 points) ($4,096 - $4,106 tuition fees + $610.80 student services levy)"
7008.0,Auckland University of Technology,120,,,Postgraduate,Graduate Diploma,2026,Domestic,9411.6,,per 120 points,official_programme_estimate,https://www.aut.ac.nz/study/fees-and-scholarships/fees-to-study-at-aut/domestic-student-fees-at-aut,2026-05-14,"Domestic programme fee estimates.; HTML table 7, row 13; page_title=Domestic student fees at AUT - AUT; raw=Graduate Diploma in Computer and Information Sciences | 120 | $9,411.60 - $9,471.60 (for 120 points) ($8,190 - $8,250 tuition fees + $1,221.60 student services levy)"
7008.0,Auckland University of Technology,120,,,Postgraduate,Graduate Diploma,2026,Domestic,9411.6,,per 120 points,official_programme_estimate,https://www.aut.ac.nz/study/fees-and-scholarships/fees-to-study-at-aut/domestic-student-fees-at-aut,2026-05-14,"Domestic programme fee estimates.; HTML table 7, row 14; page_title=Domestic student fees at AUT - AUT; raw=Graduate Diploma in Science | 120 | $9,411.60 - $9,620.60 (for 120 points) ($8,190 - $8,399 tuition fees + $1,221.60 student services levy)"
7008.0,Auckland University of Technology,180,,,Postgraduate,Master,2026,Domestic,11851.6,,per 120 points,official_programme_estimate,https://www.aut.ac.nz/study/fees-and-scholarships/fees-to-study-at-aut/domestic-student-fees-at-aut,2026-05-14,"Domestic programme fee estimates.; HTML table 7, row 15; page_title=Domestic student fees at AUT - AUT; raw=Master of Analytics | 180 | $11,851.60 (for 120 points) ($10,630 tuition fees + $1,221.60 student services levy)"
7008.0,Auckland University of Technology,180,,,Postgraduate,Master,2026,Domestic,11851.6,,per 120 points,official_programme_estimate,https://www.aut.ac.nz/study/fees-and-scholarships/fees-to-study-at-aut/domestic-student-fees-at-aut,2026-05-14,"Domestic programme fee estimates.; HTML table 7, row 16; page_title=Domestic student fees at AUT - AUT; raw=Master of Computer and Information Sciences | 180 | $11,851.60 (for 120 points) ($10,630 tuition fees + $1,221.60 student services levy)"
7008.0,Auckland University of Technology,120,,,Postgraduate,Master,2026,Domestic,11851.6,,per 120 points,official_programme_estimate,https://www.aut.ac.nz/study/fees-and-scholarships/fees-to-study-at-aut/domestic-student-fees-at-aut,2026-05-14,"Domestic programme fee estimates.; HTML table 7, row 17; page_title=Domestic student fees at AUT - AUT; raw=Master of Construction Management | 120 | $11,851.60 (for 120 points) ($10,630 tuition fees + $1,221.60 student services levy)"
7008.0,Auckland University of Technology,180,,,Postgraduate,Master,2026,Domestic,11851.6,,per 120 points,official_programme_estimate,https://www.aut.ac.nz/study/fees-and-scholarships/fees-to-study-at-aut/domestic-student-fees-at-aut,2026-05-14,"Domestic programme fee estimates.; HTML table 7, row 18; page_title=Domestic student fees at AUT - AUT; raw=Master of Cyber Security and Digital Forensics | 180 | $11,851.60 (for 120 points) ($10,630 tuition fees + $1,221.60 student services levy)"
7008.0,Auckland University of Technology,180 (or 120 points for applicants with an honours degree),,,Postgraduate,Master,2026,Domestic,11851.6,,per 120 points,official_programme_estimate,https://www.aut.ac.nz/study/fees-and-scholarships/fees-to-study-at-aut/domestic-student-fees-at-aut,2026-05-14,"Domestic programme fee estimates.; HTML table 7, row 19; page_title=Domestic student fees at AUT - AUT; raw=Master of Engineering | 180 (or 120 points for applicants with an honours degree) | $11,851.60 (for 120 points) ($10,630 tuition fees + $1,221.60 student services levy)"
7008.0,Auckland University of Technology,120,,,Postgraduate,Master,2026,Domestic,11851.6,,per 120 points,official_programme_estimate,https://www.aut.ac.nz/study/fees-and-scholarships/fees-to-study-at-aut/domestic-student-fees-at-aut,2026-05-14,"Domestic programme fee estimates.; HTML table 7, row 20; page_title=Domestic student fees at AUT - AUT; raw=Master of Engineering Project Management | 120 | $11,851.60 (for 120 points) ($10,630 tuition fees + $1,221.60 student services levy)"
7008.0,Auckland University of Technology,120,,,Postgraduate,Master,2026,Domestic,11851.6,,per 120 points,official_programme_estimate,https://www.aut.ac.nz/study/fees-and-scholarships/fees-to-study-at-aut/domestic-student-fees-at-aut,2026-05-14,"Domestic programme fee estimates.; HTML table 7, row 21; page_title=Domestic student fees at AUT - AUT; raw=Master of IT Project Management | 120 | $11,851.60 (for 120 points) ($10,630 tuition fees + $1,221.60 student services levy)"
7008.0,Auckland University of Technology,120,,,Postgraduate,Master,2026,Domestic,9623.6,,per 120 points,official_programme_estimate,https://www.aut.ac.nz/study/fees-and-scholarships/fees-to-study-at-aut/domestic-student-fees-at-aut,2026-05-14,"Domestic programme fee estimates.; HTML table 7, row 22; page_title=Domestic student fees at AUT - AUT; raw=Master of Philosophy | 120 | $9,623.60 (for 120 points) ($8,402 tuition fees + $1,221.60 student services levy)"
7008.0,Auckland University of Technology,180,,,Postgraduate,Master,2026,Domestic,11851.6,,per 120 points,official_programme_estimate,https://www.aut.ac.nz/study/fees-and-scholarships/fees-to-study-at-aut/domestic-student-fees-at-aut,2026-05-14,"Domestic programme fee estimates.; HTML table 7, row 23; page_title=Domestic student fees at AUT - AUT; raw=Master of Science | 180 | $11,851.60 (for 120 points) ($10,630 tuition fees + $1,221.60 student services levy)"
7008.0,Auckland University of Technology,60,,,Postgraduate,Postgraduate Certificate,2026,Domestic,5925.8,,per 60 points/credits,official_programme_estimate,https://www.aut.ac.nz/study/fees-and-scholarships/fees-to-study-at-aut/domestic-student-fees-at-aut,2026-05-14,"Domestic programme fee estimates.; HTML table 7, row 24; page_title=Domestic student fees at AUT - AUT; raw=Postgraduate Certificate in Computer and Information Sciences | 60 | $5,925.80 (for 60 points) ($5,315 tuition fees + $610.80 student services levy)"
7008.0,Auckland University of Technology,60,,,Postgraduate,Postgraduate Certificate,2026,Domestic,5925.8,,per 60 points/credits,official_programme_estimate,https://www.aut.ac.nz/study/fees-and-scholarships/fees-to-study-at-aut/domestic-student-fees-at-aut,2026-05-14,"Domestic programme fee estimates.; HTML table 7, row 25; page_title=Domestic student fees at AUT - AUT; raw=Postgraduate Certificate in Engineering | 60 | $5,925.80 (for 60 points) ($5,315 tuition fees + $610.80 student services levy)"
7008.0,Auckland University of Technology,60,,,Postgraduate,Postgraduate Certificate,2026,Domestic,5925.8,,per 60 points/credits,official_programme_estimate,https://www.aut.ac.nz/study/fees-and-scholarships/fees-to-study-at-aut/domestic-student-fees-at-aut,2026-05-14,"Domestic programme fee estimates.; HTML table 7, row 26; page_title=Domestic student fees at AUT - AUT; raw=Postgraduate Certificate in Science | 60 | $5,925.80 (for 60 points) ($5,315 tuition fees + $610.80 student services levy)"
7008.0,Auckland University of Technology,120,,,Postgraduate,Postgraduate Diploma,2026,Domestic,11851.6,,per 120 points,official_programme_estimate,https://www.aut.ac.nz/study/fees-and-scholarships/fees-to-study-at-aut/domestic-student-fees-at-aut,2026-05-14,"Domestic programme fee estimates.; HTML table 7, row 27; page_title=Domestic student fees at AUT - AUT; raw=Postgraduate Diploma in Computer and Information Sciences | 120 | $11,851.60 (for 120 points) ($10,630 tuition fees + $1,221.60 student services levy)"
7008.0,Auckland University of Technology,120,,,Postgraduate,Postgraduate Diploma,2026,Domestic,11851.6,,per 120 points,official_programme_estimate,https://www.aut.ac.nz/study/fees-and-scholarships/fees-to-study-at-aut/domestic-student-fees-at-aut,2026-05-14,"Domestic programme fee estimates.; HTML table 7, row 28; page_title=Domestic student fees at AUT - AUT; raw=Postgraduate Diploma in Engineering | 120 | $11,851.60 (for 120 points) ($10,630 tuition fees + $1,221.60 student services levy)"
7008.0,Auckland University of Technology,120,,,Postgraduate,Postgraduate Diploma,2026,Domestic,11851.6,,per 120 points,official_programme_estimate,https://www.aut.ac.nz/study/fees-and-scholarships/fees-to-study-at-aut/domestic-student-fees-at-aut,2026-05-14,"Domestic programme fee estimates.; HTML table 7, row 29; page_title=Domestic student fees at AUT - AUT; raw=Postgraduate Diploma in Science | 120 | $11,851.60 (for 120 points) ($10,630 tuition fees + $1,221.60 student services levy)"
7008.0,Auckland University of Technology,525,,,Undergraduate,Bachelor,2026,Domestic,9411.6,,per 120 points,official_programme_estimate,https://www.aut.ac.nz/study/fees-and-scholarships/fees-to-study-at-aut/domestic-student-fees-at-aut,2026-05-14,"Domestic programme fee estimates.; HTML table 8, row 1; page_title=Domestic student fees at AUT - AUT; raw=Bachelor of Business and Bachelor of Health Science in Psychology Conjoint Programmes | 525 | $9,411.60 - $9,471.60 (for 120 points) ($8,190 - $8,250 tuition fees + $1,221.60 student services levy)"
7008.0,Auckland University of Technology,360,,,Undergraduate,Bachelor,2026,Domestic,9411.6,,per 120 points,official_programme_estimate,https://www.aut.ac.nz/study/fees-and-scholarships/fees-to-study-at-aut/domestic-student-fees-at-aut,2026-05-14,"Domestic programme fee estimates.; HTML table 8, row 2; page_title=Domestic student fees at AUT - AUT; raw=Bachelor of Health Science | 360 | Standard: $9,411.60 - $9,678.60 (for 120 points) ($8,190 - $8,457 tuition fees + $1,221.60 student services levy) Paramedicine/Perioperative Practice: $9,411.60 - $10,352.60 (for 120 points) ($8,190 - $9,131 tuition fees + $1,221.60 student services levy)"
7008.0,Auckland University of Technology,120,,,Undergraduate,Bachelor with Honours,2026,Domestic,11851.6,,per 120 points,official_programme_estimate,https://www.aut.ac.nz/study/fees-and-scholarships/fees-to-study-at-aut/domestic-student-fees-at-aut,2026-05-14,"Domestic programme fee estimates.; HTML table 8, row 3; page_title=Domestic student fees at AUT - AUT; raw=Bachelor of Health Science (Honours) | 120 | $11,851.60 (for 120 points) ($10,630 tuition fees + $1,221.60 student services levy)"
7008.0,Auckland University of Technology,480,,,Undergraduate,Bachelor,2026,Domestic,9411.6,,per 120 points,official_programme_estimate,https://www.aut.ac.nz/study/fees-and-scholarships/fees-to-study-at-aut/domestic-student-fees-at-aut,2026-05-14,"Domestic programme fee estimates.; HTML table 8, row 4; page_title=Domestic student fees at AUT - AUT; raw=Bachelor of Health Science (Midwifery) | 480 | $9,411.60 - $9,633.60 (for 120 points) ($8,190 - $8,412 tuition fees + $1,221.60 student services levy)"
7008.0,Auckland University of Technology,360,,,Undergraduate,Bachelor,2026,Domestic,9411.6,,per 120 points,official_programme_estimate,https://www.aut.ac.nz/study/fees-and-scholarships/fees-to-study-at-aut/domestic-student-fees-at-aut,2026-05-14,"Domestic programme fee estimates.; HTML table 8, row 5; page_title=Domestic student fees at AUT - AUT; raw=Bachelor of Health Science (Nursing) | 360 | $9,411.60 - $9,827.60 (for 120 points) ($8,190 - $8,606 tuition fees + $1,221.60 student services levy)"
7008.0,Auckland University of Technology,360,,,Undergraduate,Bachelor,2026,Domestic,9411.6,,per 120 points,official_programme_estimate,https://www.aut.ac.nz/study/fees-and-scholarships/fees-to-study-at-aut/domestic-student-fees-at-aut,2026-05-14,"Domestic programme fee estimates.; HTML table 8, row 6; page_title=Domestic student fees at AUT - AUT; raw=Bachelor of Health Science (Occupational Therapy) | 360 | $9,411.60 - $9,665.60 (for 120 points) ($8,190 - $8,444 tuition fees + $1,221.60 student services levy)"
7008.0,Auckland University of Technology,360,,,Undergraduate,Bachelor,2026,Domestic,9411.6,,per 120 points,official_programme_estimate,https://www.aut.ac.nz/study/fees-and-scholarships/fees-to-study-at-aut/domestic-student-fees-at-aut,2026-05-14,"Domestic programme fee estimates.; HTML table 8, row 7; page_title=Domestic student fees at AUT - AUT; raw=Bachelor of Health Science (Oral Health) | 360 | $9,411.60 - $13,866.60 (for 120 points) ($8,190 - $12,645 tuition fees + $1,221.60 student services levy)"
7008.0,Auckland University of Technology,480,,,Undergraduate,Bachelor,2026,Domestic,9411.6,,per 120 points,official_programme_estimate,https://www.aut.ac.nz/study/fees-and-scholarships/fees-to-study-at-aut/domestic-student-fees-at-aut,2026-05-14,"Domestic programme fee estimates.; HTML table 8, row 8; page_title=Domestic student fees at AUT - AUT; raw=Bachelor of Health Science (Physiotherapy) | 480 | $9,411.60 - $9,762.60 (for 120 points) ($8,190 - $8,541 tuition fees + $1,221.60 student services levy)"
7008.0,Auckland University of Technology,480,,,Undergraduate,Bachelor with Honours,2026,Domestic,11851.6,,per 120 points,official_programme_estimate,https://www.aut.ac.nz/study/fees-and-scholarships/fees-to-study-at-aut/domestic-student-fees-at-aut,2026-05-14,"Domestic programme fee estimates.; HTML table 8, row 9; page_title=Domestic student fees at AUT - AUT; raw=Bachelor of Health Science (Physiotherapy) (Honours) | 480 | $11,851.60 (for 120 points) ($10,630 tuition fees + $1,221.60 student services levy)"
7008.0,Auckland University of Technology,360,,,Undergraduate,Bachelor,2026,Domestic,9411.6,,per 120 points,official_programme_estimate,https://www.aut.ac.nz/study/fees-and-scholarships/fees-to-study-at-aut/domestic-student-fees-at-aut,2026-05-14,"Domestic programme fee estimates.; HTML table 8, row 10; page_title=Domestic student fees at AUT - AUT; raw=Bachelor of Health Science (Podiatry) | 360 | $9,411.60 - $10,105.60 (for 120 points) ($8,190 - $8,884 tuition fees + $1,221.60 student services levy)"
7008.0,Auckland University of Technology,120,,,Diploma,Diploma,2026,Domestic,9411.6,,per 120 points,official_programme_estimate,https://www.aut.ac.nz/study/fees-and-scholarships/fees-to-study-at-aut/domestic-student-fees-at-aut,2026-05-14,"Domestic programme fee estimates.; HTML table 8, row 11; page_title=Domestic student fees at AUT - AUT; raw=Diploma in Paramedic Science | 120 | $9,411.60 (for 120 points) ($8,190 tuition fees + $1,221.60 student services levy)"
7008.0,Auckland University of Technology,360,,,,Doctoral,2026,Domestic,9623.6,,per 120 points,official_programme_estimate,https://www.aut.ac.nz/study/fees-and-scholarships/fees-to-study-at-aut/domestic-student-fees-at-aut,2026-05-14,"Domestic programme fee estimates.; HTML table 8, row 12; page_title=Domestic student fees at AUT - AUT; raw=Doctor of Health Science | 360 | $9,623.60 (for 120 points) ($8,402 tuition fees + $1,221.60 student services levy)"
7008.0,Auckland University of Technology,360,,,Doctoral,Doctor of Philosophy,2026,Domestic,9623.6,,per 120 points,official_programme_estimate,https://www.aut.ac.nz/study/fees-and-scholarships/fees-to-study-at-aut/domestic-student-fees-at-aut,2026-05-14,"Domestic programme fee estimates.; HTML table 8, row 13; page_title=Domestic student fees at AUT - AUT; raw=Doctor of Philosophy (PhD) | 360 | $9,623.60 (for 120 points) ($8,402 tuition fees + $1,221.60 student services levy)"
7008.0,Auckland University of Technology,60,,,Postgraduate,Graduate Certificate,2026,Domestic,4706.8,,per 60 points/credits,official_programme_estimate,https://www.aut.ac.nz/study/fees-and-scholarships/fees-to-study-at-aut/domestic-student-fees-at-aut,2026-05-14,"Domestic programme fee estimates.; HTML table 8, row 14; page_title=Domestic student fees at AUT - AUT; raw=Graduate Certificate in Health Science | 60 | $4,706.80 - $4,815.80 (for 60 points) ($4,096 - $4,205 tuition fees + $610.80 student services levy)"
7008.0,Auckland University of Technology,120,,,Postgraduate,Graduate Diploma,2026,Domestic,9411.6,,per 120 points,official_programme_estimate,https://www.aut.ac.nz/study/fees-and-scholarships/fees-to-study-at-aut/domestic-student-fees-at-aut,2026-05-14,"Domestic programme fee estimates.; HTML table 8, row 15; page_title=Domestic student fees at AUT - AUT; raw=Graduate Diploma in Health Science | 120 | $9,411.60 (for 120 points) ($8,190 tuition fees + $1,221.60 student services levy)"
7008.0,Auckland University of Technology,120,,,Postgraduate,Graduate Diploma,2026,Domestic,9411.6,,per 120 points,official_programme_estimate,https://www.aut.ac.nz/study/fees-and-scholarships/fees-to-study-at-aut/domestic-student-fees-at-aut,2026-05-14,"Domestic programme fee estimates.; HTML table 8, row 16; page_title=Domestic student fees at AUT - AUT; raw=Graduate Diploma in Psychotherapy Studies | 120 | $9,411.60 - $9,679.60 (for 120 points) ($8,190 - $8,458 tuition fees + $1,221.60 student services levy)"
7008.0,Auckland University of Technology,180,,,Postgraduate,Master,2026,Domestic,11851.6,,per 120 points,official_programme_estimate,https://www.aut.ac.nz/study/fees-and-scholarships/fees-to-study-at-aut/domestic-student-fees-at-aut,2026-05-14,"Domestic programme fee estimates.; HTML table 8, row 18; page_title=Domestic student fees at AUT - AUT; raw=Master of Disaster Risk Management and Development | 180 | $11,851.60 (for 120 points) ($10,630 tuition fees + $1,221.60 student services levy)"
7008.0,Auckland University of Technology,180,,,Postgraduate,Master,2026,Domestic,11851.6,,per 120 points,official_programme_estimate,https://www.aut.ac.nz/study/fees-and-scholarships/fees-to-study-at-aut/domestic-student-fees-at-aut,2026-05-14,"Domestic programme fee estimates.; HTML table 8, row 19; page_title=Domestic student fees at AUT - AUT; raw=Master of Health Practice | 180 | $11,851.60 (for 120 points) ($10,630 tuition fees + $1,221.60 student services levy)"
7008.0,Auckland University of Technology,240,,,Postgraduate,Master,2026,Domestic,11851.6,,per 120 points,official_programme_estimate,https://www.aut.ac.nz/study/fees-and-scholarships/fees-to-study-at-aut/domestic-student-fees-at-aut,2026-05-14,"Domestic programme fee estimates.; HTML table 8, row 20; page_title=Domestic student fees at AUT - AUT; raw=Master of Health Science | 240 | $11,851.60 (for 120 points) ($10,630 tuition fees + $1,221.60 student services levy)"
7008.0,Auckland University of Technology,240,,,Postgraduate,Master,2026,Domestic,11851.6,,per 120 points,official_programme_estimate,https://www.aut.ac.nz/study/fees-and-scholarships/fees-to-study-at-aut/domestic-student-fees-at-aut,2026-05-14,"Domestic programme fee estimates.; HTML table 8, row 21; page_title=Domestic student fees at AUT - AUT; raw=Master of Nursing Science | 240 | $11,851.60 (for 120 points) ($10,630 tuition fees + $1,221.60 student services levy)"
7008.0,Auckland University of Technology,120,,,Postgraduate,Master,2026,Domestic,9623.6,,per 120 points,official_programme_estimate,https://www.aut.ac.nz/study/fees-and-scholarships/fees-to-study-at-aut/domestic-student-fees-at-aut,2026-05-14,"Domestic programme fee estimates.; HTML table 8, row 23; page_title=Domestic student fees at AUT - AUT; raw=Master of Philosophy | 120 | $9,623.60 (for 120 points) ($8,402 tuition fees + $1,221.60 student services levy)"
7008.0,Auckland University of Technology,240,,,Postgraduate,Master,2026,Domestic,11851.6,,per 120 points,official_programme_estimate,https://www.aut.ac.nz/study/fees-and-scholarships/fees-to-study-at-aut/domestic-student-fees-at-aut,2026-05-14,"Domestic programme fee estimates.; HTML table 8, row 24; page_title=Domestic student fees at AUT - AUT; raw=Master of Physiotherapy Practice | 240 | $11,851.60 (for 120 points) ($10,630 tuition fees + $1,221.60 student services levy)"
7008.0,Auckland University of Technology,240,,,Postgraduate,Master,2026,Domestic,11851.6,,per 120 points,official_programme_estimate,https://www.aut.ac.nz/study/fees-and-scholarships/fees-to-study-at-aut/domestic-student-fees-at-aut,2026-05-14,"Domestic programme fee estimates.; HTML table 8, row 25; page_title=Domestic student fees at AUT - AUT; raw=Master of Psychotherapy | 240 | $11,851.60 (for 120 points) ($10,630 tuition fees + $1,221.60 student services levy)"
7008.0,Auckland University of Technology,240,,,Postgraduate,Master,2026,Domestic,11851.6,,per 120 points,official_programme_estimate,https://www.aut.ac.nz/study/fees-and-scholarships/fees-to-study-at-aut/domestic-student-fees-at-aut,2026-05-14,"Domestic programme fee estimates.; HTML table 8, row 26; page_title=Domestic student fees at AUT - AUT; raw=Master of Public Health | 240 | $11,851.60 (for 120 points) ($10,630 tuition fees + $1,221.60 student services levy)"
7008.0,Auckland University of Technology,60,,,Postgraduate,Postgraduate Certificate,2026,Domestic,5925.8,,per 60 points/credits,official_programme_estimate,https://www.aut.ac.nz/study/fees-and-scholarships/fees-to-study-at-aut/domestic-student-fees-at-aut,2026-05-14,"Domestic programme fee estimates.; HTML table 8, row 27; page_title=Domestic student fees at AUT - AUT; raw=Postgraduate Certificate in Advanced Nursing Practice | 60 | $5,925.80 (for 60 points) ($5,315 tuition fees + $610.80 student services levy)"
7008.0,Auckland University of Technology,60,,,Postgraduate,Postgraduate Certificate,2026,Domestic,5925.8,,per 60 points/credits,official_programme_estimate,https://www.aut.ac.nz/study/fees-and-scholarships/fees-to-study-at-aut/domestic-student-fees-at-aut,2026-05-14,"Domestic programme fee estimates.; HTML table 8, row 28; page_title=Domestic student fees at AUT - AUT; raw=Postgraduate Certificate in Disaster Risk Management and Development | 60 | $5,925.80 (for 60 points) ($5,315 tuition fees + $610.80 student services levy)"
7008.0,Auckland University of Technology,60,,,Postgraduate,Postgraduate Certificate,2026,Domestic,5925.8,,per 60 points/credits,official_programme_estimate,https://www.aut.ac.nz/study/fees-and-scholarships/fees-to-study-at-aut/domestic-student-fees-at-aut,2026-05-14,"Domestic programme fee estimates.; HTML table 8, row 29; page_title=Domestic student fees at AUT - AUT; raw=Postgraduate Certificate in Health Science | 60 | $5,925.80 - $6,210.80 (for 60 points) ($5,315 - $5,600 tuition fees + $610.80 student services levy)"
7008.0,Auckland University of Technology,60,,,Postgraduate,Postgraduate Certificate,2026,Domestic,5925.8,,per 60 points/credits,official_programme_estimate,https://www.aut.ac.nz/study/fees-and-scholarships/fees-to-study-at-aut/domestic-student-fees-at-aut,2026-05-14,"Domestic programme fee estimates.; HTML table 8, row 30; page_title=Domestic student fees at AUT - AUT; raw=Postgraduate Certificate in Public Health | 60 | $5,925.80 (for 60 points) ($5,315 tuition fees + $610.80 student services levy)"
7008.0,Auckland University of Technology,120,,,Postgraduate,Postgraduate Diploma,2026,Domestic,11851.6,,per 120 points,official_programme_estimate,https://www.aut.ac.nz/study/fees-and-scholarships/fees-to-study-at-aut/domestic-student-fees-at-aut,2026-05-14,"Domestic programme fee estimates.; HTML table 8, row 31; page_title=Domestic student fees at AUT - AUT; raw=Postgraduate Diploma in Counselling Psychology | 120 | $11,851.60 (for 120 points) ($10,630 tuition fees + $1,221.60 student services levy)"
7008.0,Auckland University of Technology,120,,,Postgraduate,Postgraduate Diploma,2026,Domestic,11851.6,,per 120 points,official_programme_estimate,https://www.aut.ac.nz/study/fees-and-scholarships/fees-to-study-at-aut/domestic-student-fees-at-aut,2026-05-14,"Domestic programme fee estimates.; HTML table 8, row 32; page_title=Domestic student fees at AUT - AUT; raw=Postgraduate Diploma in Disaster Risk Management and Development | 120 | $11,851.60 (for 120 points) ($10,630 tuition fees + $1,221.60 student services levy)"
7008.0,Auckland University of Technology,120,,,Postgraduate,Postgraduate Diploma,2026,Domestic,11851.6,,per 120 points,official_programme_estimate,https://www.aut.ac.nz/study/fees-and-scholarships/fees-to-study-at-aut/domestic-student-fees-at-aut,2026-05-14,"Domestic programme fee estimates.; HTML table 8, row 33; page_title=Domestic student fees at AUT - AUT; raw=Postgraduate Diploma in Health Science | 120 | $11,851.60 (for 120 points) ($10,630 tuition fees + $1,221.60 student services levy)"
7008.0,Auckland University of Technology,120,,,Postgraduate,Postgraduate Diploma,2026,Domestic,11851.6,,per 120 points,official_programme_estimate,https://www.aut.ac.nz/study/fees-and-scholarships/fees-to-study-at-aut/domestic-student-fees-at-aut,2026-05-14,"Domestic programme fee estimates.; HTML table 8, row 35; page_title=Domestic student fees at AUT - AUT; raw=Postgraduate Diploma in Public Health | 120 | $11,851.60 (for 120 points) ($10,630 tuition fees + $1,221.60 student services levy)"
7008.0,Auckland University of Technology,120,,,Postgraduate,Postgraduate Diploma,2026,Domestic,11851.6,,per 120 points,official_programme_estimate,https://www.aut.ac.nz/study/fees-and-scholarships/fees-to-study-at-aut/domestic-student-fees-at-aut,2026-05-14,"Domestic programme fee estimates.; HTML table 8, row 36; page_title=Domestic student fees at AUT - AUT; raw=Postgraduate Diploma in Registered Nurse Prescribing | 120 | $11,851.60 (for 120 points) ($10,630 tuition fees + $1,221.60 student services levy)"
7008.0,Auckland University of Technology,360,,,Undergraduate,Bachelor,2026,Domestic,8839.6,,per 120 points,official_programme_estimate,https://www.aut.ac.nz/study/fees-and-scholarships/fees-to-study-at-aut/domestic-student-fees-at-aut,2026-05-14,"Domestic programme fee estimates.; HTML table 9, row 1; page_title=Domestic student fees at AUT - AUT; raw=Bachelor of Arts | 360 | $8,839.60 - $9,774.60 (for 120 points) ($7,618 - $8,553 tuition fees + $1,221.60 student services levy)"
7008.0,Auckland University of Technology,120,,,Undergraduate,Bachelor with Honours,2026,Domestic,11851.6,,per 120 points,official_programme_estimate,https://www.aut.ac.nz/study/fees-and-scholarships/fees-to-study-at-aut/domestic-student-fees-at-aut,2026-05-14,"Domestic programme fee estimates.; HTML table 9, row 2; page_title=Domestic student fees at AUT - AUT; raw=Bachelor of Arts (Honours) | 120 | $11,851.60 (for 120 points) ($10,630 tuition fees + $1,221.60 student services levy)"
7008.0,Auckland University of Technology,510,,,Undergraduate,Bachelor,2026,Domestic,8839.6,,per 120 points,official_programme_estimate,https://www.aut.ac.nz/study/fees-and-scholarships/fees-to-study-at-aut/domestic-student-fees-at-aut,2026-05-14,"Domestic programme fee estimates.; HTML table 9, row 3; page_title=Domestic student fees at AUT - AUT; raw=Bachelor of Arts and Bachelor of Business Conjoint Programmes | 510 | $8,839.60 - $9,337.60 (for 120 points) ($7,618 - $8,116 tuition fees + $1,221.60 student services levy)"
7008.0,Auckland University of Technology,510,,,Undergraduate,Bachelor,2026,Domestic,8839.6,,per 120 points,official_programme_estimate,https://www.aut.ac.nz/study/fees-and-scholarships/fees-to-study-at-aut/domestic-student-fees-at-aut,2026-05-14,"Domestic programme fee estimates.; HTML table 9, row 4; page_title=Domestic student fees at AUT - AUT; raw=Bachelor of Arts and Bachelor of Computer and Information Sciences Conjoint Programmes | 510 | $8,839.60 - $9,974.60 (for 120 points) ($7,618 - $8,753 tuition fees + $1,221.60 student services levy)"
7008.0,Auckland University of Technology,510,,,Undergraduate,Bachelor,2026,Domestic,9411.6,,per 120 points,official_programme_estimate,https://www.aut.ac.nz/study/fees-and-scholarships/fees-to-study-at-aut/domestic-student-fees-at-aut,2026-05-14,"Domestic programme fee estimates.; HTML table 9, row 5; page_title=Domestic student fees at AUT - AUT; raw=Bachelor of Business and Bachelor of International Hospitality Management Conjoint Programmes | 510 | $9,411.60 - $9,502.60 (for 120 points) ($8,190 - $8,281 tuition fees + $1,221.60 student services levy)"
7008.0,Auckland University of Technology,360,,,Undergraduate,Bachelor,2026,Domestic,9411.6,,per 120 points,official_programme_estimate,https://www.aut.ac.nz/study/fees-and-scholarships/fees-to-study-at-aut/domestic-student-fees-at-aut,2026-05-14,"Domestic programme fee estimates.; HTML table 9, row 6; page_title=Domestic student fees at AUT - AUT; raw=Bachelor of International Hospitality Management | 360 | $9,411.60 - $9,803.60 (for 120 points) ($8,190 - $8,582 tuition fees + $1,221.60 student services levy)"
7008.0,Auckland University of Technology,60,,,Certificate,Certificate,2026,Domestic,4706.8,,per 60 points/credits,official_programme_estimate,https://www.aut.ac.nz/study/fees-and-scholarships/fees-to-study-at-aut/domestic-student-fees-at-aut,2026-05-14,"Domestic programme fee estimates.; HTML table 9, row 7; page_title=Domestic student fees at AUT - AUT; raw=Certificate in Arts | 60 | $4,706.80 (for 60 points) ($4,096 tuition fees + $610.80 student services levy)"
7008.0,Auckland University of Technology,120,,,Diploma,Diploma,2026,Domestic,9411.6,,per 120 points,official_programme_estimate,https://www.aut.ac.nz/study/fees-and-scholarships/fees-to-study-at-aut/domestic-student-fees-at-aut,2026-05-14,"Domestic programme fee estimates.; HTML table 9, row 8; page_title=Domestic student fees at AUT - AUT; raw=Diploma in Arts | 120 | $9,411.60 (for 120 points) ($8,190 tuition fees + $1,221.60 student services levy)"
7008.0,Auckland University of Technology,240,,,Diploma,Diploma,2026,Domestic,9411.6,,per 120 points,official_programme_estimate,https://www.aut.ac.nz/study/fees-and-scholarships/fees-to-study-at-aut/domestic-student-fees-at-aut,2026-05-14,"Domestic programme fee estimates.; HTML table 9, row 9; page_title=Domestic student fees at AUT - AUT; raw=Diploma in Culinary Arts | 240 | $9,411.60 - $9,432.60 (for 120 points) ($8,190 - $8,211 tuition fees + $1,221.60 student services levy)"
7008.0,Auckland University of Technology,240,,,Diploma,Diploma,2026,Domestic,9411.6,,per 120 points,official_programme_estimate,https://www.aut.ac.nz/study/fees-and-scholarships/fees-to-study-at-aut/domestic-student-fees-at-aut,2026-05-14,"Domestic programme fee estimates.; HTML table 9, row 10; page_title=Domestic student fees at AUT - AUT; raw=Diploma in Pâtisserie | 240 | $9,411.60 - $9,432.60 (for 120 points) ($8,190 - $8,211 tuition fees + $1,221.60 student services levy)"
7008.0,Auckland University of Technology,360,,,Doctoral,Doctor of Philosophy,2026,Domestic,9623.6,,per 120 points,official_programme_estimate,https://www.aut.ac.nz/study/fees-and-scholarships/fees-to-study-at-aut/domestic-student-fees-at-aut,2026-05-14,"Domestic programme fee estimates.; HTML table 9, row 11; page_title=Domestic student fees at AUT - AUT; raw=Doctor of Philosophy (PhD) | 360 | $9,623.60 (for 120 points) ($8,402 tuition fees + $1,221.60 student services levy)"
7008.0,Auckland University of Technology,60,,,Postgraduate,Graduate Certificate,2026,Domestic,4419.8,,per 60 points/credits,official_programme_estimate,https://www.aut.ac.nz/study/fees-and-scholarships/fees-to-study-at-aut/domestic-student-fees-at-aut,2026-05-14,"Domestic programme fee estimates.; HTML table 9, row 12; page_title=Domestic student fees at AUT - AUT; raw=Graduate Certificate in Arts | 60 | $4,419.80 - $4,526.80 (for 60 points) ($3,809 - $3,916 tuition fees + $610.80 student services levy)"
7008.0,Auckland University of Technology,60,,,Postgraduate,Graduate Certificate,2026,Domestic,4706.8,,per 60 points/credits,official_programme_estimate,https://www.aut.ac.nz/study/fees-and-scholarships/fees-to-study-at-aut/domestic-student-fees-at-aut,2026-05-14,"Domestic programme fee estimates.; HTML table 9, row 13; page_title=Domestic student fees at AUT - AUT; raw=Graduate Certificate in International Hospitality Management | 60 | $4,706.80 - $4,750.80 (for 60 points) ($4,096 - $4,140 tuition fees + $610.80 student services levy)"
7008.0,Auckland University of Technology,120,,,Postgraduate,Graduate Diploma,2026,Domestic,8839.6,,per 120 points,official_programme_estimate,https://www.aut.ac.nz/study/fees-and-scholarships/fees-to-study-at-aut/domestic-student-fees-at-aut,2026-05-14,"Domestic programme fee estimates.; HTML table 9, row 14; page_title=Domestic student fees at AUT - AUT; raw=Graduate Diploma in Arts | 120 | $8,839.60 - $8,962.60 (for 120 points) ($7,618 - $7,741 tuition fees + $1,221.60 student services levy)"
7008.0,Auckland University of Technology,120,,,Postgraduate,Graduate Diploma,2026,Domestic,9411.6,,per 120 points,official_programme_estimate,https://www.aut.ac.nz/study/fees-and-scholarships/fees-to-study-at-aut/domestic-student-fees-at-aut,2026-05-14,"Domestic programme fee estimates.; HTML table 9, row 15; page_title=Domestic student fees at AUT - AUT; raw=Graduate Diploma in International Hospitality Management | 120 | $9,411.60 - $9,502.60 (for 120 points) ($8,190 - $8,281 tuition fees + $1,221.60 student services levy)"
7008.0,Auckland University of Technology,180,,,Postgraduate,Master,2026,Domestic,11851.6,,per 120 points,official_programme_estimate,https://www.aut.ac.nz/study/fees-and-scholarships/fees-to-study-at-aut/domestic-student-fees-at-aut,2026-05-14,"Domestic programme fee estimates.; HTML table 9, row 16; page_title=Domestic student fees at AUT - AUT; raw=Master of Gastronomy | 180 | $11,851.60 - $12,383.60 (for 120 points) ($10,630 - $11,162 tuition fees + $1,221.60 student services levy)"
7008.0,Auckland University of Technology,180,,,Postgraduate,Master,2026,Domestic,11851.6,,per 120 points,official_programme_estimate,https://www.aut.ac.nz/study/fees-and-scholarships/fees-to-study-at-aut/domestic-student-fees-at-aut,2026-05-14,"Domestic programme fee estimates.; HTML table 9, row 17; page_title=Domestic student fees at AUT - AUT; raw=Master of International Hospitality Management | 180 | $11,851.60 (for 120 points) ($10,630 tuition fees + $1,221.60 student services levy)"
7008.0,Auckland University of Technology,180,,,Postgraduate,Master,2026,Domestic,11851.6,,per 120 points,official_programme_estimate,https://www.aut.ac.nz/study/fees-and-scholarships/fees-to-study-at-aut/domestic-student-fees-at-aut,2026-05-14,"Domestic programme fee estimates.; HTML table 9, row 18; page_title=Domestic student fees at AUT - AUT; raw=Master of International Tourism Management | 180 | $11,851.60 (for 120 points) ($10,630 tuition fees + $1,221.60 student services levy)"
7008.0,Auckland University of Technology,120,,,Postgraduate,Master,2026,Domestic,9623.6,,per 120 points,official_programme_estimate,https://www.aut.ac.nz/study/fees-and-scholarships/fees-to-study-at-aut/domestic-student-fees-at-aut,2026-05-14,"Domestic programme fee estimates.; HTML table 9, row 19; page_title=Domestic student fees at AUT - AUT; raw=Master of Philosophy | 120 | $9,623.60 (for 120 points) ($8,402 tuition fees + $1,221.60 student services levy)"
7008.0,Auckland University of Technology,60,,,Postgraduate,Postgraduate Certificate,2026,Domestic,5925.8,,per 60 points/credits,official_programme_estimate,https://www.aut.ac.nz/study/fees-and-scholarships/fees-to-study-at-aut/domestic-student-fees-at-aut,2026-05-14,"Domestic programme fee estimates.; HTML table 9, row 20; page_title=Domestic student fees at AUT - AUT; raw=Postgraduate Certificate in Gastronomy | 60 | $5,925.80 - $6,191.80 (for 60 points) ($5,315 - $5,581 tuition fees + $610.80 student services levy)"
7008.0,Auckland University of Technology,60,,,Postgraduate,Postgraduate Certificate,2026,Domestic,5925.8,,per 60 points/credits,official_programme_estimate,https://www.aut.ac.nz/study/fees-and-scholarships/fees-to-study-at-aut/domestic-student-fees-at-aut,2026-05-14,"Domestic programme fee estimates.; HTML table 9, row 21; page_title=Domestic student fees at AUT - AUT; raw=Postgraduate Certificate in International Hospitality Management | 60 | $5,925.80 (for 60 points) ($5,315 tuition fees + $610.80 student services levy)"
7008.0,Auckland University of Technology,60,,,Postgraduate,Postgraduate Certificate,2026,Domestic,5925.8,,per 60 points/credits,official_programme_estimate,https://www.aut.ac.nz/study/fees-and-scholarships/fees-to-study-at-aut/domestic-student-fees-at-aut,2026-05-14,"Domestic programme fee estimates.; HTML table 9, row 22; page_title=Domestic student fees at AUT - AUT; raw=Postgraduate Certificate in International Tourism Management | 60 | $5,925.80 (for 60 points) ($5,315 tuition fees + $610.80 student services levy)"
7008.0,Auckland University of Technology,120,,,Postgraduate,Postgraduate Diploma,2026,Domestic,11851.6,,per 120 points,official_programme_estimate,https://www.aut.ac.nz/study/fees-and-scholarships/fees-to-study-at-aut/domestic-student-fees-at-aut,2026-05-14,"Domestic programme fee estimates.; HTML table 9, row 23; page_title=Domestic student fees at AUT - AUT; raw=Postgraduate Diploma in Gastronomy | 120 | $11,851.60 - $12,383.60 (for 120 points) ($10,630 - $11,162 tuition fees + $1,221.60 student services levy)"
7008.0,Auckland University of Technology,120,,,Postgraduate,Postgraduate Diploma,2026,Domestic,11851.6,,per 120 points,official_programme_estimate,https://www.aut.ac.nz/study/fees-and-scholarships/fees-to-study-at-aut/domestic-student-fees-at-aut,2026-05-14,"Domestic programme fee estimates.; HTML table 9, row 24; page_title=Domestic student fees at AUT - AUT; raw=Postgraduate Diploma in International Hospitality Management | 120 | $11,851.60 (for 120 points) ($10,630 tuition fees + $1,221.60 student services levy)"
7008.0,Auckland University of Technology,120,,,Postgraduate,Postgraduate Diploma,2026,Domestic,11851.6,,per 120 points,official_programme_estimate,https://www.aut.ac.nz/study/fees-and-scholarships/fees-to-study-at-aut/domestic-student-fees-at-aut,2026-05-14,"Domestic programme fee estimates.; HTML table 9, row 25; page_title=Domestic student fees at AUT - AUT; raw=Postgraduate Diploma in International Tourism Management | 120 | $11,851.60 (for 120 points) ($10,630 tuition fees + $1,221.60 student services levy)"
7008.0,Auckland University of Technology,360,,,Undergraduate,Bachelor,2026,Domestic,8839.6,,per 120 points,official_programme_estimate,https://www.aut.ac.nz/study/fees-and-scholarships/fees-to-study-at-aut/domestic-student-fees-at-aut,2026-05-14,"Domestic programme fee estimates.; HTML table 10, row 1; page_title=Domestic student fees at AUT - AUT; raw=Bachelor of Arts | 360 | $8,839.60 - $9,774.60 (for 120 points) ($7,618 - $8,553 tuition fees + $1,221.60 student services levy)"
7008.0,Auckland University of Technology,120,,,Undergraduate,Bachelor with Honours,2026,Domestic,11851.6,,per 120 points,official_programme_estimate,https://www.aut.ac.nz/study/fees-and-scholarships/fees-to-study-at-aut/domestic-student-fees-at-aut,2026-05-14,"Domestic programme fee estimates.; HTML table 10, row 2; page_title=Domestic student fees at AUT - AUT; raw=Bachelor of Arts (Honours) | 120 | $11,851.60 (for 120 points) ($10,630 tuition fees + $1,221.60 student services levy)"
7008.0,Auckland University of Technology,510,,,Undergraduate,Bachelor,2026,Domestic,8839.6,,per 120 points,official_programme_estimate,https://www.aut.ac.nz/study/fees-and-scholarships/fees-to-study-at-aut/domestic-student-fees-at-aut,2026-05-14,"Domestic programme fee estimates.; HTML table 10, row 3; page_title=Domestic student fees at AUT - AUT; raw=Bachelor of Arts and Bachelor of Business Conjoint Programmes | 510 | $8,839.60 - $9,337.60 (for 120 points) ($7,618 - $8,116 tuition fees + $1,221.60 student services levy)"
7008.0,Auckland University of Technology,510,,,Undergraduate,Bachelor,2026,Domestic,8839.6,,per 120 points,official_programme_estimate,https://www.aut.ac.nz/study/fees-and-scholarships/fees-to-study-at-aut/domestic-student-fees-at-aut,2026-05-14,"Domestic programme fee estimates.; HTML table 10, row 4; page_title=Domestic student fees at AUT - AUT; raw=Bachelor of Arts and Bachelor of Computer and Information Sciences Conjoint Programmes | 510 | $8,839.60 - $9,974.60 (for 120 points) ($7,618 - $8,753 tuition fees + $1,221.60 student services levy)"
7008.0,Auckland University of Technology,60,,,Certificate,Certificate,2026,Domestic,4706.8,,per 60 points/credits,official_programme_estimate,https://www.aut.ac.nz/study/fees-and-scholarships/fees-to-study-at-aut/domestic-student-fees-at-aut,2026-05-14,"Domestic programme fee estimates.; HTML table 10, row 5; page_title=Domestic student fees at AUT - AUT; raw=Certificate in Arts | 60 | $4,706.80 (for 60 points) ($4,096 tuition fees + $610.80 student services levy)"
7008.0,Auckland University of Technology,120,,,Diploma,Diploma,2026,Domestic,9411.6,,per 120 points,official_programme_estimate,https://www.aut.ac.nz/study/fees-and-scholarships/fees-to-study-at-aut/domestic-student-fees-at-aut,2026-05-14,"Domestic programme fee estimates.; HTML table 10, row 6; page_title=Domestic student fees at AUT - AUT; raw=Diploma in Arts | 120 | $9,411.60 (for 120 points) ($8,190 tuition fees + $1,221.60 student services levy)"
7008.0,Auckland University of Technology,360,,,Doctoral,Doctor of Philosophy,2026,Domestic,9623.6,,per 120 points,official_programme_estimate,https://www.aut.ac.nz/study/fees-and-scholarships/fees-to-study-at-aut/domestic-student-fees-at-aut,2026-05-14,"Domestic programme fee estimates.; HTML table 10, row 7; page_title=Domestic student fees at AUT - AUT; raw=Doctor of Philosophy (PhD) | 360 | $9,623.60 (for 120 points) ($8,402 tuition fees + $1,221.60 student services levy)"
7008.0,Auckland University of Technology,60,,,Postgraduate,Graduate Certificate,2026,Domestic,4419.8,,per 60 points/credits,official_programme_estimate,https://www.aut.ac.nz/study/fees-and-scholarships/fees-to-study-at-aut/domestic-student-fees-at-aut,2026-05-14,"Domestic programme fee estimates.; HTML table 10, row 8; page_title=Domestic student fees at AUT - AUT; raw=Graduate Certificate in Arts | 60 | $4,419.80 - $4,526.80 (for 60 points) ($3,809 - $3,916 tuition fees + $610.80 student services levy)"
7008.0,Auckland University of Technology,120,,,Postgraduate,Graduate Diploma,2026,Domestic,8839.6,,per 120 points,official_programme_estimate,https://www.aut.ac.nz/study/fees-and-scholarships/fees-to-study-at-aut/domestic-student-fees-at-aut,2026-05-14,"Domestic programme fee estimates.; HTML table 10, row 9; page_title=Domestic student fees at AUT - AUT; raw=Graduate Diploma in Arts | 120 | $8,839.60 - $8,962.60 (for 120 points) ($7,618 - $7,741 tuition fees + $1,221.60 student services levy)"
7008.0,Auckland University of Technology,240,,,Postgraduate,Master,2026,Domestic,11851.6,,per 120 points,official_programme_estimate,https://www.aut.ac.nz/study/fees-and-scholarships/fees-to-study-at-aut/domestic-student-fees-at-aut,2026-05-14,"Domestic programme fee estimates.; HTML table 10, row 10; page_title=Domestic student fees at AUT - AUT; raw=Master of Arts | 240 | $11,851.60 (for 120 points) ($10,630 tuition fees + $1,221.60 student services levy)"
7008.0,Auckland University of Technology,120,,,Postgraduate,Master,2026,Domestic,9623.6,,per 120 points,official_programme_estimate,https://www.aut.ac.nz/study/fees-and-scholarships/fees-to-study-at-aut/domestic-student-fees-at-aut,2026-05-14,"Domestic programme fee estimates.; HTML table 10, row 11; page_title=Domestic student fees at AUT - AUT; raw=Master of Philosophy | 120 | $9,623.60 (for 120 points) ($8,402 tuition fees + $1,221.60 student services levy)"
7008.0,Auckland University of Technology,360,,,Undergraduate,Bachelor,2026,Domestic,8839.6,,per 120 points,official_programme_estimate,https://www.aut.ac.nz/study/fees-and-scholarships/fees-to-study-at-aut/domestic-student-fees-at-aut,2026-05-14,"Domestic programme fee estimates.; HTML table 10, row 12; page_title=Domestic student fees at AUT - AUT; raw=New Zealand Sign Language - English Interpreting Major - Bachelor of Arts | 360 | $8,839.60 - $9,774.60 (for 120 points) ($7,618 - $8,553 tuition fees + $1,221.60 student services levy)"
7008.0,Auckland University of Technology,480,,,Undergraduate,Bachelor,2026,Domestic,9411.6,,per 120 points,official_programme_estimate,https://www.aut.ac.nz/study/fees-and-scholarships/fees-to-study-at-aut/domestic-student-fees-at-aut,2026-05-14,"Domestic programme fee estimates.; HTML table 11, row 1; page_title=Domestic student fees at AUT - AUT; raw=Bachelor of Laws | 480 | $9,411.60 (for 120 points) ($8,190 tuition fees + $1,221.60 student services levy)"
7008.0,Auckland University of Technology,540,,,Undergraduate,Bachelor with Honours,2026,Domestic,11851.6,,per 120 points,official_programme_estimate,https://www.aut.ac.nz/study/fees-and-scholarships/fees-to-study-at-aut/domestic-student-fees-at-aut,2026-05-14,"Domestic programme fee estimates.; HTML table 11, row 2; page_title=Domestic student fees at AUT - AUT; raw=Bachelor of Laws (Honours) | 540 | $11,851.60 (for 120 points) ($10,630 tuition fees + $1,221.60 student services levy)"
7008.0,Auckland University of Technology,60,,,Certificate,Certificate,2026,Domestic,4706.8,,per 60 points/credits,official_programme_estimate,https://www.aut.ac.nz/study/fees-and-scholarships/fees-to-study-at-aut/domestic-student-fees-at-aut,2026-05-14,"Domestic programme fee estimates.; HTML table 11, row 3; page_title=Domestic student fees at AUT - AUT; raw=Certificate in Legal Studies | 60 | $4,706.80 (for 60 points) ($4,096 tuition fees + $610.80 student services levy)"
7008.0,Auckland University of Technology,360,,,Doctoral,Doctor of Philosophy,2026,Domestic,9623.6,,per 120 points,official_programme_estimate,https://www.aut.ac.nz/study/fees-and-scholarships/fees-to-study-at-aut/domestic-student-fees-at-aut,2026-05-14,"Domestic programme fee estimates.; HTML table 11, row 4; page_title=Domestic student fees at AUT - AUT; raw=Doctor of Philosophy (PhD) | 360 | $9,623.60 (for 120 points) ($8,402 tuition fees + $1,221.60 student services levy)"
7008.0,Auckland University of Technology,120,,,Postgraduate,Master,2026,Domestic,11851.6,,per 120 points,official_programme_estimate,https://www.aut.ac.nz/study/fees-and-scholarships/fees-to-study-at-aut/domestic-student-fees-at-aut,2026-05-14,"Domestic programme fee estimates.; HTML table 11, row 5; page_title=Domestic student fees at AUT - AUT; raw=Master of Laws | 120 | $11,851.60 (for 120 points) ($10,630 tuition fees + $1,221.60 student services levy)"
7008.0,Auckland University of Technology,120,,,Postgraduate,Master,2026,Domestic,9623.6,,per 120 points,official_programme_estimate,https://www.aut.ac.nz/study/fees-and-scholarships/fees-to-study-at-aut/domestic-student-fees-at-aut,2026-05-14,"Domestic programme fee estimates.; HTML table 11, row 6; page_title=Domestic student fees at AUT - AUT; raw=Master of Philosophy | 120 | $9,623.60 (for 120 points) ($8,402 tuition fees + $1,221.60 student services levy)"
7008.0,Auckland University of Technology,60,,,Postgraduate,Postgraduate Certificate,2026,Domestic,5925.8,,per 60 points/credits,official_programme_estimate,https://www.aut.ac.nz/study/fees-and-scholarships/fees-to-study-at-aut/domestic-student-fees-at-aut,2026-05-14,"Domestic programme fee estimates.; HTML table 11, row 7; page_title=Domestic student fees at AUT - AUT; raw=Postgraduate Certificate in Law | 60 | $5,925.80 (for 60 points) ($5,315 tuition fees + $610.80 student services levy)"
7008.0,Auckland University of Technology,480,,,Undergraduate,Bachelor,2026,Domestic,9411.6,,per 120 points,official_programme_estimate,https://www.aut.ac.nz/study/fees-and-scholarships/fees-to-study-at-aut/domestic-student-fees-at-aut,2026-05-14,"Domestic programme fee estimates.; HTML table 12, row 1; page_title=Domestic student fees at AUT - AUT; raw=Bachelor of Medical Laboratory Science | 480 | $9,411.60 - $10,096.60 (for 120 points) ($8,190 - $8,875 tuition fees + $1,221.60 student services levy)"
7008.0,Auckland University of Technology,360,,,Undergraduate,Bachelor,2026,Domestic,9411.6,,per 120 points,official_programme_estimate,https://www.aut.ac.nz/study/fees-and-scholarships/fees-to-study-at-aut/domestic-student-fees-at-aut,2026-05-14,"Domestic programme fee estimates.; HTML table 12, row 2; page_title=Domestic student fees at AUT - AUT; raw=Bachelor of Science | 360 | $9,411.60 - $9,665.60 (for 120 points) ($8,190 - $8,444 tuition fees + $1,221.60 student services levy)"
7008.0,Auckland University of Technology,120,,,Undergraduate,Bachelor with Honours,2026,Domestic,11851.6,,per 120 points,official_programme_estimate,https://www.aut.ac.nz/study/fees-and-scholarships/fees-to-study-at-aut/domestic-student-fees-at-aut,2026-05-14,"Domestic programme fee estimates.; HTML table 12, row 3; page_title=Domestic student fees at AUT - AUT; raw=Bachelor of Science (Honours) | 120 | $11,851.60 (for 120 points) ($10,630 tuition fees + $1,221.60 student services levy)"
7008.0,Auckland University of Technology,120,,,Certificate,Certificate,2026,Domestic,9411.6,,per 120 points,official_programme_estimate,https://www.aut.ac.nz/study/fees-and-scholarships/fees-to-study-at-aut/domestic-student-fees-at-aut,2026-05-14,"Domestic programme fee estimates.; HTML table 12, row 4; page_title=Domestic student fees at AUT - AUT; raw=Certificate in Applied Science | 120 | $9,411.60 - $9,444.60 (for 120 points) ($8,190 - $8,223 tuition fees + $1,221.60 student services levy)"
7008.0,Auckland University of Technology,120,,,Diploma,Diploma,2026,Domestic,9411.6,,per 120 points,official_programme_estimate,https://www.aut.ac.nz/study/fees-and-scholarships/fees-to-study-at-aut/domestic-student-fees-at-aut,2026-05-14,"Domestic programme fee estimates.; HTML table 12, row 5; page_title=Domestic student fees at AUT - AUT; raw=Diploma in Science | 120 | $9,411.60 - $9,621.60 (for 120 points) ($8,190 - $8,400 tuition fees + $1,221.60 student services levy)"
7008.0,Auckland University of Technology,360,,,Doctoral,Doctor of Philosophy,2026,Domestic,9623.6,,per 120 points,official_programme_estimate,https://www.aut.ac.nz/study/fees-and-scholarships/fees-to-study-at-aut/domestic-student-fees-at-aut,2026-05-14,"Domestic programme fee estimates.; HTML table 12, row 6; page_title=Domestic student fees at AUT - AUT; raw=Doctor of Philosophy (PhD) | 360 | $9,623.60 (for 120 points) ($8,402 tuition fees + $1,221.60 student services levy)"
7008.0,Auckland University of Technology,60,,,Postgraduate,Graduate Certificate,2026,Domestic,4706.8,,per 60 points/credits,official_programme_estimate,https://www.aut.ac.nz/study/fees-and-scholarships/fees-to-study-at-aut/domestic-student-fees-at-aut,2026-05-14,"Domestic programme fee estimates.; HTML table 12, row 7; page_title=Domestic student fees at AUT - AUT; raw=Graduate Certificate in Science | 60 | $4,706.80 - $4,716.80 (for 60 points) ($4,096 - $4,106 tuition fees + $610.80 student services levy)"
7008.0,Auckland University of Technology,120,,,Postgraduate,Graduate Diploma,2026,Domestic,9411.6,,per 120 points,official_programme_estimate,https://www.aut.ac.nz/study/fees-and-scholarships/fees-to-study-at-aut/domestic-student-fees-at-aut,2026-05-14,"Domestic programme fee estimates.; HTML table 12, row 8; page_title=Domestic student fees at AUT - AUT; raw=Graduate Diploma in Science | 120 | $9,411.60 - $9,620.60 (for 120 points) ($8,190 - $8,399 tuition fees + $1,221.60 student services levy)"
7008.0,Auckland University of Technology,240,,,Postgraduate,Master,2026,Domestic,11851.6,,per 120 points,official_programme_estimate,https://www.aut.ac.nz/study/fees-and-scholarships/fees-to-study-at-aut/domestic-student-fees-at-aut,2026-05-14,"Domestic programme fee estimates.; HTML table 12, row 9; page_title=Domestic student fees at AUT - AUT; raw=Master of Medical Laboratory Science | 240 | $11,851.60 (for 120 points) ($10,630 tuition fees + $1,221.60 student services levy)"
7008.0,Auckland University of Technology,120,,,Postgraduate,Master,2026,Domestic,9623.6,,per 120 points,official_programme_estimate,https://www.aut.ac.nz/study/fees-and-scholarships/fees-to-study-at-aut/domestic-student-fees-at-aut,2026-05-14,"Domestic programme fee estimates.; HTML table 12, row 10; page_title=Domestic student fees at AUT - AUT; raw=Master of Philosophy | 120 | $9,623.60 (for 120 points) ($8,402 tuition fees + $1,221.60 student services levy)"
7008.0,Auckland University of Technology,180,,,Postgraduate,Master,2026,Domestic,11851.6,,per 120 points,official_programme_estimate,https://www.aut.ac.nz/study/fees-and-scholarships/fees-to-study-at-aut/domestic-student-fees-at-aut,2026-05-14,"Domestic programme fee estimates.; HTML table 12, row 11; page_title=Domestic student fees at AUT - AUT; raw=Master of Science | 180 | $11,851.60 (for 120 points) ($10,630 tuition fees + $1,221.60 student services levy)"
7008.0,Auckland University of Technology,240,,,Postgraduate,Master,2026,Domestic,11851.6,,per 120 points,official_programme_estimate,https://www.aut.ac.nz/study/fees-and-scholarships/fees-to-study-at-aut/domestic-student-fees-at-aut,2026-05-14,"Domestic programme fee estimates.; HTML table 12, row 12; page_title=Domestic student fees at AUT - AUT; raw=Master of Science (Research) | 240 | $11,851.60 (for 120 points) ($10,630 tuition fees + $1,221.60 student services levy)"
7008.0,Auckland University of Technology,60,,,Postgraduate,Postgraduate Certificate,2026,Domestic,5925.8,,per 60 points/credits,official_programme_estimate,https://www.aut.ac.nz/study/fees-and-scholarships/fees-to-study-at-aut/domestic-student-fees-at-aut,2026-05-14,"Domestic programme fee estimates.; HTML table 12, row 13; page_title=Domestic student fees at AUT - AUT; raw=Postgraduate Certificate in Medical Laboratory Science | 60 | $5,925.80 (for 60 points) ($5,315 tuition fees + $610.80 student services levy)"
7008.0,Auckland University of Technology,60,,,Postgraduate,Postgraduate Certificate,2026,Domestic,5925.8,,per 60 points/credits,official_programme_estimate,https://www.aut.ac.nz/study/fees-and-scholarships/fees-to-study-at-aut/domestic-student-fees-at-aut,2026-05-14,"Domestic programme fee estimates.; HTML table 12, row 14; page_title=Domestic student fees at AUT - AUT; raw=Postgraduate Certificate in Science | 60 | $5,925.80 (for 60 points) ($5,315 tuition fees + $610.80 student services levy)"
7008.0,Auckland University of Technology,120,,,Postgraduate,Postgraduate Diploma,2026,Domestic,11851.6,,per 120 points,official_programme_estimate,https://www.aut.ac.nz/study/fees-and-scholarships/fees-to-study-at-aut/domestic-student-fees-at-aut,2026-05-14,"Domestic programme fee estimates.; HTML table 12, row 15; page_title=Domestic student fees at AUT - AUT; raw=Postgraduate Diploma in Medical Laboratory Science | 120 | $11,851.60 (for 120 points) ($10,630 tuition fees + $1,221.60 student services levy)"
7008.0,Auckland University of Technology,120,,,Postgraduate,Postgraduate Diploma,2026,Domestic,11851.6,,per 120 points,official_programme_estimate,https://www.aut.ac.nz/study/fees-and-scholarships/fees-to-study-at-aut/domestic-student-fees-at-aut,2026-05-14,"Domestic programme fee estimates.; HTML table 12, row 16; page_title=Domestic student fees at AUT - AUT; raw=Postgraduate Diploma in Science | 120 | $11,851.60 (for 120 points) ($10,630 tuition fees + $1,221.60 student services levy)"
7008.0,Auckland University of Technology,360,,,Undergraduate,Bachelor,2026,Domestic,8839.6,,per 120 points,official_programme_estimate,https://www.aut.ac.nz/study/fees-and-scholarships/fees-to-study-at-aut/domestic-student-fees-at-aut,2026-05-14,"Domestic programme fee estimates.; HTML table 13, row 1; page_title=Domestic student fees at AUT - AUT; raw=Bachelor of Arts | 360 | $8,839.60 - $9,774.60 (for 120 points) ($7,618 - $8,553 tuition fees + $1,221.60 student services levy)"
7008.0,Auckland University of Technology,120,,,Undergraduate,Bachelor with Honours,2026,Domestic,11851.6,,per 120 points,official_programme_estimate,https://www.aut.ac.nz/study/fees-and-scholarships/fees-to-study-at-aut/domestic-student-fees-at-aut,2026-05-14,"Domestic programme fee estimates.; HTML table 13, row 2; page_title=Domestic student fees at AUT - AUT; raw=Bachelor of Arts (Honours) | 120 | $11,851.60 (for 120 points) ($10,630 tuition fees + $1,221.60 student services levy)"
7008.0,Auckland University of Technology,510,,,Undergraduate,Bachelor,2026,Domestic,8839.6,,per 120 points,official_programme_estimate,https://www.aut.ac.nz/study/fees-and-scholarships/fees-to-study-at-aut/domestic-student-fees-at-aut,2026-05-14,"Domestic programme fee estimates.; HTML table 13, row 3; page_title=Domestic student fees at AUT - AUT; raw=Bachelor of Arts and Bachelor of Business Conjoint Programmes | 510 | $8,839.60 - $9,337.60 (for 120 points) ($7,618 - $8,116 tuition fees + $1,221.60 student services levy)"
7008.0,Auckland University of Technology,510,,,Undergraduate,Bachelor,2026,Domestic,8839.6,,per 120 points,official_programme_estimate,https://www.aut.ac.nz/study/fees-and-scholarships/fees-to-study-at-aut/domestic-student-fees-at-aut,2026-05-14,"Domestic programme fee estimates.; HTML table 13, row 4; page_title=Domestic student fees at AUT - AUT; raw=Bachelor of Arts and Bachelor of Computer and Information Sciences Conjoint Programmes | 510 | $8,839.60 - $9,974.60 (for 120 points) ($7,618 - $8,753 tuition fees + $1,221.60 student services levy)"
7008.0,Auckland University of Technology,60,,,Certificate,Certificate,2026,Domestic,4706.8,,per 60 points/credits,official_programme_estimate,https://www.aut.ac.nz/study/fees-and-scholarships/fees-to-study-at-aut/domestic-student-fees-at-aut,2026-05-14,"Domestic programme fee estimates.; HTML table 13, row 5; page_title=Domestic student fees at AUT - AUT; raw=Certificate in Arts | 60 | $4,706.80 (for 60 points) ($4,096 tuition fees + $610.80 student services levy)"
7008.0,Auckland University of Technology,120,,,Diploma,Diploma,2026,Domestic,9411.6,,per 120 points,official_programme_estimate,https://www.aut.ac.nz/study/fees-and-scholarships/fees-to-study-at-aut/domestic-student-fees-at-aut,2026-05-14,"Domestic programme fee estimates.; HTML table 13, row 6; page_title=Domestic student fees at AUT - AUT; raw=Diploma in Arts | 120 | $9,411.60 (for 120 points) ($8,190 tuition fees + $1,221.60 student services levy)"
7008.0,Auckland University of Technology,360,,,Doctoral,Doctor of Philosophy,2026,Domestic,9623.6,,per 120 points,official_programme_estimate,https://www.aut.ac.nz/study/fees-and-scholarships/fees-to-study-at-aut/domestic-student-fees-at-aut,2026-05-14,"Domestic programme fee estimates.; HTML table 13, row 7; page_title=Domestic student fees at AUT - AUT; raw=Doctor of Philosophy (PhD) | 360 | $9,623.60 (for 120 points) ($8,402 tuition fees + $1,221.60 student services levy)"
7008.0,Auckland University of Technology,60,,,Postgraduate,Graduate Certificate,2026,Domestic,4419.8,,per 60 points/credits,official_programme_estimate,https://www.aut.ac.nz/study/fees-and-scholarships/fees-to-study-at-aut/domestic-student-fees-at-aut,2026-05-14,"Domestic programme fee estimates.; HTML table 13, row 8; page_title=Domestic student fees at AUT - AUT; raw=Graduate Certificate in Arts | 60 | $4,419.80 - $4,526.80 (for 60 points) ($3,809 - $3,916 tuition fees + $610.80 student services levy)"
7008.0,Auckland University of Technology,120,,,Postgraduate,Graduate Diploma,2026,Domestic,8839.6,,per 120 points,official_programme_estimate,https://www.aut.ac.nz/study/fees-and-scholarships/fees-to-study-at-aut/domestic-student-fees-at-aut,2026-05-14,"Domestic programme fee estimates.; HTML table 13, row 9; page_title=Domestic student fees at AUT - AUT; raw=Graduate Diploma in Arts | 120 | $8,839.60 - $8,962.60 (for 120 points) ($7,618 - $7,741 tuition fees + $1,221.60 student services levy)"
7008.0,Auckland University of Technology,240,,,Postgraduate,Master,2026,Domestic,11851.6,,per 120 points,official_programme_estimate,https://www.aut.ac.nz/study/fees-and-scholarships/fees-to-study-at-aut/domestic-student-fees-at-aut,2026-05-14,"Domestic programme fee estimates.; HTML table 13, row 10; page_title=Domestic student fees at AUT - AUT; raw=Master of Arts | 240 | $11,851.60 (for 120 points) ($10,630 tuition fees + $1,221.60 student services levy)"
7008.0,Auckland University of Technology,180,,,Postgraduate,Master,2026,Domestic,1221.6,,per 120 points,official_programme_estimate,https://www.aut.ac.nz/study/fees-and-scholarships/fees-to-study-at-aut/domestic-student-fees-at-aut,2026-05-14,"Domestic programme fee estimates.; HTML table 13, row 11; page_title=Domestic student fees at AUT - AUT; raw=Master of Criminology and Criminal Justice | 180 | Not offered to new students in 2026 $11,851.60 (for 120 points) ($10,630 tuition fees + $1,221.60 student services levy); amount repaired from notes using lower_bound_from_notes_range; original_tuition_fee_nzd=202.0"
7008.0,Auckland University of Technology,180,,,Postgraduate,Master,2026,Domestic,1221.6,,per 120 points,official_programme_estimate,https://www.aut.ac.nz/study/fees-and-scholarships/fees-to-study-at-aut/domestic-student-fees-at-aut,2026-05-14,"Domestic programme fee estimates.; HTML table 13, row 12; page_title=Domestic student fees at AUT - AUT; raw=Master of Human Rights | 180 | Not offered to new students in 2026 $11,851.60 (for 120 points) ($10,630 tuition fees + $1,221.60 student services levy); amount repaired from notes using lower_bound_from_notes_range; original_tuition_fee_nzd=202.0"
7008.0,Auckland University of Technology,120,,,Postgraduate,Master,2026,Domestic,9623.6,,per 120 points,official_programme_estimate,https://www.aut.ac.nz/study/fees-and-scholarships/fees-to-study-at-aut/domestic-student-fees-at-aut,2026-05-14,"Domestic programme fee estimates.; HTML table 13, row 13; page_title=Domestic student fees at AUT - AUT; raw=Master of Philosophy | 120 | $9,623.60 (for 120 points) ($8,402 tuition fees + $1,221.60 student services levy)"
7008.0,Auckland University of Technology,60,,,Postgraduate,Postgraduate Certificate,2026,Domestic,5315.0,,per 60 points/credits,official_programme_estimate,https://www.aut.ac.nz/study/fees-and-scholarships/fees-to-study-at-aut/domestic-student-fees-at-aut,2026-05-14,"Domestic programme fee estimates.; HTML table 13, row 14; page_title=Domestic student fees at AUT - AUT; raw=Postgraduate Certificate in Human Rights | 60 | Not offered to new students in 2026 $5,925.80 (for 60 points) ($5,315 tuition fees + $610.80 student services levy); amount repaired from notes using lower_bound_from_notes_range; original_tuition_fee_nzd=202.0"
7008.0,Auckland University of Technology,120,,,Postgraduate,Postgraduate Diploma,2026,Domestic,1221.6,,per 120 points,official_programme_estimate,https://www.aut.ac.nz/study/fees-and-scholarships/fees-to-study-at-aut/domestic-student-fees-at-aut,2026-05-14,"Domestic programme fee estimates.; HTML table 13, row 15; page_title=Domestic student fees at AUT - AUT; raw=Postgraduate Diploma in Criminology and Criminal Justice | 120 | Not offered to new students in 2026 $11,851.60 (for 120 points) ($10,630 tuition fees + $1,221.60 student services levy); amount repaired from notes using lower_bound_from_notes_range; original_tuition_fee_nzd=202.0"
7008.0,Auckland University of Technology,120,,,Postgraduate,Postgraduate Diploma,2026,Domestic,1221.6,,per 120 points,official_programme_estimate,https://www.aut.ac.nz/study/fees-and-scholarships/fees-to-study-at-aut/domestic-student-fees-at-aut,2026-05-14,"Domestic programme fee estimates.; HTML table 13, row 16; page_title=Domestic student fees at AUT - AUT; raw=Postgraduate Diploma in Human Rights | 120 | Not offered to new students in 2026 $11,851.60 (for 120 points) ($10,630 tuition fees + $1,221.60 student services levy); amount repaired from notes using lower_bound_from_notes_range; original_tuition_fee_nzd=202.0"
7008.0,Auckland University of Technology,120,,,Undergraduate,Bachelor with Honours,2026,Domestic,11851.6,,per 120 points,official_programme_estimate,https://www.aut.ac.nz/study/fees-and-scholarships/fees-to-study-at-aut/domestic-student-fees-at-aut,2026-05-14,"Domestic programme fee estimates.; HTML table 14, row 1; page_title=Domestic student fees at AUT - AUT; raw=Bachelor of Sport and Recreation (Honours) | 120 | $11,851.60 (for 120 points) ($10,630 tuition fees + $1,221.60 student services levy)"
7008.0,Auckland University of Technology,360,,,Undergraduate,Bachelor,2026,Domestic,8839.6,,per 120 points,official_programme_estimate,https://www.aut.ac.nz/study/fees-and-scholarships/fees-to-study-at-aut/domestic-student-fees-at-aut,2026-05-14,"Domestic programme fee estimates.; HTML table 14, row 2; page_title=Domestic student fees at AUT - AUT; raw=Bachelor of Sport, Exercise and Health | 360 | $8,839.60 - $12,097.60 (for 120 points) ($7,618 - $10,876 tuition fees + $1,221.60 student services levy)"
7008.0,Auckland University of Technology,60,,,Certificate,Certificate,2026,Domestic,4706.8,,per 60 points/credits,official_programme_estimate,https://www.aut.ac.nz/study/fees-and-scholarships/fees-to-study-at-aut/domestic-student-fees-at-aut,2026-05-14,"Domestic programme fee estimates.; HTML table 14, row 3; page_title=Domestic student fees at AUT - AUT; raw=Certificate in Sport and Recreation | 60 | $4,706.80 (for 60 points) ($4,096 tuition fees + $610.80 student services levy)"
7008.0,Auckland University of Technology,360,,,Doctoral,Doctor of Philosophy,2026,Domestic,9623.6,,per 120 points,official_programme_estimate,https://www.aut.ac.nz/study/fees-and-scholarships/fees-to-study-at-aut/domestic-student-fees-at-aut,2026-05-14,"Domestic programme fee estimates.; HTML table 14, row 4; page_title=Domestic student fees at AUT - AUT; raw=Doctor of Philosophy (PhD) | 360 | $9,623.60 (for 120 points) ($8,402 tuition fees + $1,221.60 student services levy)"
7008.0,Auckland University of Technology,60,,,Postgraduate,Graduate Certificate,2026,Domestic,4419.8,,per 60 points/credits,official_programme_estimate,https://www.aut.ac.nz/study/fees-and-scholarships/fees-to-study-at-aut/domestic-student-fees-at-aut,2026-05-14,"Domestic programme fee estimates.; HTML table 14, row 5; page_title=Domestic student fees at AUT - AUT; raw=Graduate Certificate in Sport and Exercise | 60 | $4,419.80 - $5,297.80 (for 60 points) ($3,809 - $4,687 tuition fees + $610.80 student services levy)"
7008.0,Auckland University of Technology,120,,,Postgraduate,Graduate Diploma,2026,Domestic,9411.6,,per 120 points,official_programme_estimate,https://www.aut.ac.nz/study/fees-and-scholarships/fees-to-study-at-aut/domestic-student-fees-at-aut,2026-05-14,"Domestic programme fee estimates.; HTML table 14, row 6; page_title=Domestic student fees at AUT - AUT; raw=Graduate Diploma in Sport and Exercise | 120 | $9,411.60 - $9473.60 (for 120 points) ($8,190 - $8252 tuition fees + $1,221.60 student services levy)"
7008.0,Auckland University of Technology,120,,,Postgraduate,Master,2026,Domestic,9623.6,,per 120 points,official_programme_estimate,https://www.aut.ac.nz/study/fees-and-scholarships/fees-to-study-at-aut/domestic-student-fees-at-aut,2026-05-14,"Domestic programme fee estimates.; HTML table 14, row 7; page_title=Domestic student fees at AUT - AUT; raw=Master of Philosophy | 120 | $9,623.60 (for 120 points) ($8,402 tuition fees + $1,221.60 student services levy)"
7008.0,Auckland University of Technology,180,,,Postgraduate,Master,2026,Domestic,11851.6,,per 120 points,official_programme_estimate,https://www.aut.ac.nz/study/fees-and-scholarships/fees-to-study-at-aut/domestic-student-fees-at-aut,2026-05-14,"Domestic programme fee estimates.; HTML table 14, row 8; page_title=Domestic student fees at AUT - AUT; raw=Master of Sport, Exercise and Health | 180 | $11,851.60 (for 120 points) ($10,630 tuition fees + $1,221.60 student services levy)"
7008.0,Auckland University of Technology,60,,,Postgraduate,Postgraduate Certificate,2026,Domestic,5925.8,,per 60 points/credits,official_programme_estimate,https://www.aut.ac.nz/study/fees-and-scholarships/fees-to-study-at-aut/domestic-student-fees-at-aut,2026-05-14,"Domestic programme fee estimates.; HTML table 14, row 9; page_title=Domestic student fees at AUT - AUT; raw=Postgraduate Certificate in Sport, Exercise and Health | 60 | $5,925.80 (for 60 points) ($5,315 tuition fees + $610.80 student services levy)"
7008.0,Auckland University of Technology,360,,,Undergraduate,Bachelor,2026,Domestic,8839.6,,per 120 points,official_programme_estimate,https://www.aut.ac.nz/study/fees-and-scholarships/fees-to-study-at-aut/domestic-student-fees-at-aut,2026-05-14,"Domestic programme fee estimates.; HTML table 15, row 1; page_title=Domestic student fees at AUT - AUT; raw=Bachelor of Arts | 360 | $8,839.60 - $9,774.60 (for 120 points) ($7,618 - $8,553 tuition fees + $1,221.60 student services levy)"
7008.0,Auckland University of Technology,510,,,Undergraduate,Bachelor,2026,Domestic,8839.6,,per 120 points,official_programme_estimate,https://www.aut.ac.nz/study/fees-and-scholarships/fees-to-study-at-aut/domestic-student-fees-at-aut,2026-05-14,"Domestic programme fee estimates.; HTML table 15, row 2; page_title=Domestic student fees at AUT - AUT; raw=Bachelor of Arts and Bachelor of Business Conjoint Programmes | 510 | $8,839.60 - $9,337.60 (for 120 points) ($7,618 - $8,116 tuition fees + $1,221.60 student services levy)"
7008.0,Auckland University of Technology,510,,,Undergraduate,Bachelor,2026,Domestic,8839.6,,per 120 points,official_programme_estimate,https://www.aut.ac.nz/study/fees-and-scholarships/fees-to-study-at-aut/domestic-student-fees-at-aut,2026-05-14,"Domestic programme fee estimates.; HTML table 15, row 3; page_title=Domestic student fees at AUT - AUT; raw=Bachelor of Arts and Bachelor of Computer and Information Sciences Conjoint Programmes | 510 | $8,839.60 - $9,974.60 (for 120 points) ($7,618 - $8,753 tuition fees + $1,221.60 student services levy)"
7008.0,Auckland University of Technology,60,,,Certificate,Certificate,2026,Domestic,4706.8,,per 60 points/credits,official_programme_estimate,https://www.aut.ac.nz/study/fees-and-scholarships/fees-to-study-at-aut/domestic-student-fees-at-aut,2026-05-14,"Domestic programme fee estimates.; HTML table 15, row 4; page_title=Domestic student fees at AUT - AUT; raw=Certificate in Arts | 60 | $4,706.80 (for 60 points) ($4,096 tuition fees + $610.80 student services levy)"
7008.0,Auckland University of Technology,120,,,Diploma,Diploma,2026,Domestic,9411.6,,per 120 points,official_programme_estimate,https://www.aut.ac.nz/study/fees-and-scholarships/fees-to-study-at-aut/domestic-student-fees-at-aut,2026-05-14,"Domestic programme fee estimates.; HTML table 15, row 5; page_title=Domestic student fees at AUT - AUT; raw=Diploma in Arts | 120 | $9,411.60 (for 120 points) ($8,190 tuition fees + $1,221.60 student services levy)"
7008.0,Auckland University of Technology,360,,,Doctoral,Doctor of Philosophy,2026,Domestic,9623.6,,per 120 points,official_programme_estimate,https://www.aut.ac.nz/study/fees-and-scholarships/fees-to-study-at-aut/domestic-student-fees-at-aut,2026-05-14,"Domestic programme fee estimates.; HTML table 15, row 6; page_title=Domestic student fees at AUT - AUT; raw=Doctor of Philosophy (PhD) | 360 | $9,623.60 (for 120 points) ($8,402 tuition fees + $1,221.60 student services levy)"
7008.0,Auckland University of Technology,60,,,Postgraduate,Graduate Certificate,2026,Domestic,4419.8,,per 60 points/credits,official_programme_estimate,https://www.aut.ac.nz/study/fees-and-scholarships/fees-to-study-at-aut/domestic-student-fees-at-aut,2026-05-14,"Domestic programme fee estimates.; HTML table 15, row 7; page_title=Domestic student fees at AUT - AUT; raw=Graduate Certificate in Arts | 60 | $4,419.80 - $4,526.80 (for 60 points) ($3,809 - $3,916 tuition fees + $610.80 student services levy)"
7008.0,Auckland University of Technology,120,,,Postgraduate,Graduate Diploma,2026,Domestic,8839.6,,per 120 points,official_programme_estimate,https://www.aut.ac.nz/study/fees-and-scholarships/fees-to-study-at-aut/domestic-student-fees-at-aut,2026-05-14,"Domestic programme fee estimates.; HTML table 15, row 8; page_title=Domestic student fees at AUT - AUT; raw=Graduate Diploma in Arts | 120 | $8,839.60 - $8,962.60 (for 120 points) ($7,618 - $7,741 tuition fees + $1,221.60 student services levy)"
7008.0,Auckland University of Technology,240,,,Postgraduate,Master,2026,Domestic,11851.6,,per 120 points,official_programme_estimate,https://www.aut.ac.nz/study/fees-and-scholarships/fees-to-study-at-aut/domestic-student-fees-at-aut,2026-05-14,"Domestic programme fee estimates.; HTML table 15, row 9; page_title=Domestic student fees at AUT - AUT; raw=Master of Arts | 240 | $11,851.60 (for 120 points) ($10,630 tuition fees + $1,221.60 student services levy)"
7008.0,Auckland University of Technology,120,,,Postgraduate,Master,2026,Domestic,9623.6,,per 120 points,official_programme_estimate,https://www.aut.ac.nz/study/fees-and-scholarships/fees-to-study-at-aut/domestic-student-fees-at-aut,2026-05-14,"Domestic programme fee estimates.; HTML table 15, row 10; page_title=Domestic student fees at AUT - AUT; raw=Master of Philosophy | 120 | $9,623.60 (for 120 points) ($8,402 tuition fees + $1,221.60 student services levy)"
7008.0,Auckland University of Technology,60,,,Postgraduate,Postgraduate Certificate,2026,Domestic,5925.8,,per 60 points/credits,official_programme_estimate,https://www.aut.ac.nz/study/fees-and-scholarships/fees-to-study-at-aut/domestic-student-fees-at-aut,2026-05-14,"Domestic programme fee estimates.; HTML table 15, row 11; page_title=Domestic student fees at AUT - AUT; raw=Postgraduate Certificate in Arts | 60 | $5,925.80 (for 60 points) ($5,315 tuition fees + $610.80 student services levy)"
7008.0,Auckland University of Technology,120,,,Postgraduate,Postgraduate Diploma,2026,Domestic,11851.6,,per 120 points,official_programme_estimate,https://www.aut.ac.nz/study/fees-and-scholarships/fees-to-study-at-aut/domestic-student-fees-at-aut,2026-05-14,"Domestic programme fee estimates.; HTML table 15, row 12; page_title=Domestic student fees at AUT - AUT; raw=Postgraduate Diploma in Arts | 120 | $11,851.60 (for 120 points) ($10,630 tuition fees + $1,221.60 student services levy)"
7008.0,Auckland University of Technology,360,,,Undergraduate,Bachelor,2026,International,47121.6,,per 120 points,official_programme_estimate,https://www.aut.ac.nz/study/fees-and-scholarships/fees-to-study-at-aut/international-student-fees-at-aut,2026-05-14,"International programme fee estimates; linked PDF may contain a cleaner table.; HTML table 1, row 1; page_title=International student fees at AUT - AUT; raw=Bachelor of Architecture and Future Environments | 360 | $47,121.60 (for 120 points) ($45,900 tuition fees + $1,221.60 student services levy)"
7008.0,Auckland University of Technology,360,,,Undergraduate,Bachelor,2026,International,47521.6,,per 120 points,official_programme_estimate,https://www.aut.ac.nz/study/fees-and-scholarships/fees-to-study-at-aut/international-student-fees-at-aut,2026-05-14,"International programme fee estimates; linked PDF may contain a cleaner table.; HTML table 1, row 2; page_title=International student fees at AUT - AUT; raw=Bachelor of Construction | 360 | $47,521.60 (for 120 points) ($46,300 tuition fees + $1,221.60 student services levy)"
7008.0,Auckland University of Technology,360,,,Undergraduate,Bachelor,2026,International,43521.6,,per 120 points,official_programme_estimate,https://www.aut.ac.nz/study/fees-and-scholarships/fees-to-study-at-aut/international-student-fees-at-aut,2026-05-14,"International programme fee estimates; linked PDF may contain a cleaner table.; HTML table 1, row 3; page_title=International student fees at AUT - AUT; raw=Bachelor of Design Te Tohu Paetahi mō te Hoahoa | 360 | $43,521.60 (for 120 points) ($42,300 tuition fees + $1,221.60 student services levy)"
7008.0,Auckland University of Technology,480,,,Undergraduate,Bachelor with Honours,2026,International,48921.6,,per 120 points,official_programme_estimate,https://www.aut.ac.nz/study/fees-and-scholarships/fees-to-study-at-aut/international-student-fees-at-aut,2026-05-14,"International programme fee estimates; linked PDF may contain a cleaner table.; HTML table 1, row 4; page_title=International student fees at AUT - AUT; raw=Bachelor of Engineering (Honours) | 480 | $48,921.60 (for 120 points) ($47,700 tuition fees + $1,221.60 student services levy)"
7008.0,Auckland University of Technology,360,,,Doctoral,Doctor of Philosophy,2026,International,9623.6,,per 120 points,official_programme_estimate,https://www.aut.ac.nz/study/fees-and-scholarships/fees-to-study-at-aut/international-student-fees-at-aut,2026-05-14,"International programme fee estimates; linked PDF may contain a cleaner table.; HTML table 1, row 5; page_title=International student fees at AUT - AUT; raw=Doctor of Philosophy (PhD) | 360 | Onshore study in New Zealand: $9,623.60 (for 120 points) ($8,402 tuition fees + $1,221.60 student services levy) Offshore study: $47,321.60 (for 120 points) ($46,100 tuition fees + $1,221.60 student services levy)"
7008.0,Auckland University of Technology,120,,,Postgraduate,Graduate Diploma,2026,International,47121.6,,per 120 points,official_programme_estimate,https://www.aut.ac.nz/study/fees-and-scholarships/fees-to-study-at-aut/international-student-fees-at-aut,2026-05-14,"International programme fee estimates; linked PDF may contain a cleaner table.; HTML table 1, row 6; page_title=International student fees at AUT - AUT; raw=Graduate Diploma in Architecture | 120 | $47,121.60 (for 120 points) ($45,900 tuition fees + $1,221.60 student services levy)"
7008.0,Auckland University of Technology,120,,,Postgraduate,Master,2026,International,52321.6,,per 120 points,official_programme_estimate,https://www.aut.ac.nz/study/fees-and-scholarships/fees-to-study-at-aut/international-student-fees-at-aut,2026-05-14,"International programme fee estimates; linked PDF may contain a cleaner table.; HTML table 1, row 7; page_title=International student fees at AUT - AUT; raw=Master of Architectural Design Management | 120 | $52,321.60 (for 120 points) ($51,100 tuition fees + $1,221.60 student services levy)"
7008.0,Auckland University of Technology,240,,,Postgraduate,Master,2026,International,46621.6,,per 120 points,official_programme_estimate,https://www.aut.ac.nz/study/fees-and-scholarships/fees-to-study-at-aut/international-student-fees-at-aut,2026-05-14,"International programme fee estimates; linked PDF may contain a cleaner table.; HTML table 1, row 8; page_title=International student fees at AUT - AUT; raw=Master of Architecture (Professional) | 240 | $46,621.60 (for 120 points) ($45,400 tuition fees + $1,221.60 student services levy)"
7008.0,Auckland University of Technology,120,,,Postgraduate,Master,2026,International,52321.6,,per 120 points,official_programme_estimate,https://www.aut.ac.nz/study/fees-and-scholarships/fees-to-study-at-aut/international-student-fees-at-aut,2026-05-14,"International programme fee estimates; linked PDF may contain a cleaner table.; HTML table 1, row 9; page_title=International student fees at AUT - AUT; raw=Master of Construction Management | 120 | $52,321.60 (for 120 points) ($51,100 tuition fees + $1,221.60 student services levy)"
7008.0,Auckland University of Technology,120,,,Postgraduate,Master,2026,International,50321.6,,per 120 points,official_programme_estimate,https://www.aut.ac.nz/study/fees-and-scholarships/fees-to-study-at-aut/international-student-fees-at-aut,2026-05-14,"International programme fee estimates; linked PDF may contain a cleaner table.; HTML table 1, row 10; page_title=International student fees at AUT - AUT; raw=Master of Engineering Project Management | 120 | $50,321.60 (for 120 points) ($49,100 tuition fees + $1,221.60 student services levy)"
7008.0,Auckland University of Technology,120,,,Postgraduate,Master,2026,International,46521.6,,per 120 points,official_programme_estimate,https://www.aut.ac.nz/study/fees-and-scholarships/fees-to-study-at-aut/international-student-fees-at-aut,2026-05-14,"International programme fee estimates; linked PDF may contain a cleaner table.; HTML table 1, row 11; page_title=International student fees at AUT - AUT; raw=Master of Philosophy | 120 | $46,521.60 (for 120 points) ($45,300 tuition fees + $1,221.60 student services levy)"
7008.0,Auckland University of Technology,360,,,Undergraduate,Bachelor,2026,International,43521.6,,per 120 points,official_programme_estimate,https://www.aut.ac.nz/study/fees-and-scholarships/fees-to-study-at-aut/international-student-fees-at-aut,2026-05-14,"International programme fee estimates; linked PDF may contain a cleaner table.; HTML table 2, row 1; page_title=International student fees at AUT - AUT; raw=Bachelor of Design Te Tohu Paetahi mō te Hoahoa | 360 | $43,521.60 (for 120 points) ($42,300 tuition fees + $1,221.60 student services levy)"
7008.0,Auckland University of Technology,360,,,Undergraduate,Bachelor,2026,International,43121.6,,per 120 points,official_programme_estimate,https://www.aut.ac.nz/study/fees-and-scholarships/fees-to-study-at-aut/international-student-fees-at-aut,2026-05-14,"International programme fee estimates; linked PDF may contain a cleaner table.; HTML table 2, row 2; page_title=International student fees at AUT - AUT; raw=Bachelor of Visual Arts Te Tohu Paetahi mō Toi Ataata | 360 | $43,121.60 (for 120 points) ($41,900 tuition fees + $1,221.60 student services levy)"
7008.0,Auckland University of Technology,120,,,Diploma,Diploma,2026,International,43521.6,,per 120 points,official_programme_estimate,https://www.aut.ac.nz/study/fees-and-scholarships/fees-to-study-at-aut/international-student-fees-at-aut,2026-05-14,"International programme fee estimates; linked PDF may contain a cleaner table.; HTML table 2, row 3; page_title=International student fees at AUT - AUT; raw=Diploma in Design Tītohu mō te Hoahoa | 120 | $43,521.60 (for 120 points) ($42,300 tuition fees + $1,221.60 student services levy)"
7008.0,Auckland University of Technology,120,,,Diploma,Diploma,2026,International,43121.6,,per 120 points,official_programme_estimate,https://www.aut.ac.nz/study/fees-and-scholarships/fees-to-study-at-aut/international-student-fees-at-aut,2026-05-14,"International programme fee estimates; linked PDF may contain a cleaner table.; HTML table 2, row 4; page_title=International student fees at AUT - AUT; raw=Diploma in Visual Arts Tītohu mō te Toi Ataata | 120 | $43,121.60 (for 120 points) ($41,900 tuition fees + $1,221.60 student services levy)"
7008.0,Auckland University of Technology,360,,,Doctoral,Doctor of Philosophy,2026,International,9623.6,,per 120 points,official_programme_estimate,https://www.aut.ac.nz/study/fees-and-scholarships/fees-to-study-at-aut/international-student-fees-at-aut,2026-05-14,"International programme fee estimates; linked PDF may contain a cleaner table.; HTML table 2, row 5; page_title=International student fees at AUT - AUT; raw=Doctor of Philosophy (PhD) | 360 | Onshore study in New Zealand: $9,623.60 (for 120 points) ($8,402 tuition fees + $1,221.60 student services levy) Offshore study: $47,321.60 (for 120 points) ($46,100 tuition fees + $1,221.60 student services levy)"
7008.0,Auckland University of Technology,180,,,Postgraduate,Master,2026,International,47021.6,,per 120 points,official_programme_estimate,https://www.aut.ac.nz/study/fees-and-scholarships/fees-to-study-at-aut/international-student-fees-at-aut,2026-05-14,"International programme fee estimates; linked PDF may contain a cleaner table.; HTML table 2, row 6; page_title=International student fees at AUT - AUT; raw=Master of Design | 180 | $47,021.60 (for 120 points) ($45,800 tuition fees + $1,221.60 student services levy)"
7008.0,Auckland University of Technology,120,,,Postgraduate,Master,2026,International,46521.6,,per 120 points,official_programme_estimate,https://www.aut.ac.nz/study/fees-and-scholarships/fees-to-study-at-aut/international-student-fees-at-aut,2026-05-14,"International programme fee estimates; linked PDF may contain a cleaner table.; HTML table 2, row 7; page_title=International student fees at AUT - AUT; raw=Master of Philosophy | 120 | $46,521.60 (for 120 points) ($45,300 tuition fees + $1,221.60 student services levy)"
7008.0,Auckland University of Technology,180,,,Postgraduate,Master,2026,International,47021.6,,per 120 points,official_programme_estimate,https://www.aut.ac.nz/study/fees-and-scholarships/fees-to-study-at-aut/international-student-fees-at-aut,2026-05-14,"International programme fee estimates; linked PDF may contain a cleaner table.; HTML table 2, row 8; page_title=International student fees at AUT - AUT; raw=Master of Visual Arts | 180 | $47,021.60 (for 120 points) ($45,800 tuition fees + $1,221.60 student services levy)"
7008.0,Auckland University of Technology,510,,,Undergraduate,Bachelor,2026,International,39121.6,,per 120 points,official_programme_estimate,https://www.aut.ac.nz/study/fees-and-scholarships/fees-to-study-at-aut/international-student-fees-at-aut,2026-05-14,"International programme fee estimates; linked PDF may contain a cleaner table.; HTML table 3, row 1; page_title=International student fees at AUT - AUT; raw=Bachelor of Arts and Bachelor of Business Conjoint Programmes | 510 | $39,121.60 (for 120 points) ($37,900 tuition fees + $1,221.60 student services levy)"
7008.0,Auckland University of Technology,360,,,Undergraduate,Bachelor,2026,International,38121.6,,per 120 points,official_programme_estimate,https://www.aut.ac.nz/study/fees-and-scholarships/fees-to-study-at-aut/international-student-fees-at-aut,2026-05-14,"International programme fee estimates; linked PDF may contain a cleaner table.; HTML table 3, row 2; page_title=International student fees at AUT - AUT; raw=Bachelor of Business | 360 | $38,121.60 (for 120 points) ($36,900 tuition fees + $1,221.60 student services levy)"
7008.0,Auckland University of Technology,120,,,Undergraduate,Bachelor with Honours,2026,International,39921.6,,per 120 points,official_programme_estimate,https://www.aut.ac.nz/study/fees-and-scholarships/fees-to-study-at-aut/international-student-fees-at-aut,2026-05-14,"International programme fee estimates; linked PDF may contain a cleaner table.; HTML table 3, row 3; page_title=International student fees at AUT - AUT; raw=Bachelor of Business (Honours) | 120 | $39,921.60 (for 120 points) ($38,700 tuition fees + $1,221.60 student services levy)"
7008.0,Auckland University of Technology,510,,,Undergraduate,Bachelor,2026,International,42021.6,,per 120 points,official_programme_estimate,https://www.aut.ac.nz/study/fees-and-scholarships/fees-to-study-at-aut/international-student-fees-at-aut,2026-05-14,"International programme fee estimates; linked PDF may contain a cleaner table.; HTML table 3, row 4; page_title=International student fees at AUT - AUT; raw=Bachelor of Business and Bachelor of Computer and Information Sciences Conjoint Programmes | 510 | $42,021.60 (for 120 points) ($40,800 tuition fees + $1,221.60 student services levy)"
7008.0,Auckland University of Technology,525,,,Undergraduate,Bachelor,2026,International,39821.6,,per 120 points,official_programme_estimate,https://www.aut.ac.nz/study/fees-and-scholarships/fees-to-study-at-aut/international-student-fees-at-aut,2026-05-14,"International programme fee estimates; linked PDF may contain a cleaner table.; HTML table 3, row 5; page_title=International student fees at AUT - AUT; raw=Bachelor of Business and Bachelor of Health Science in Psychology Conjoint Programmes | 525 | $39,821.60 (for 120 points) ($38,600 tuition fees + $1,221.60 student services levy)"
7008.0,Auckland University of Technology,510,,,Undergraduate,Bachelor,2026,International,41421.6,,per 120 points,official_programme_estimate,https://www.aut.ac.nz/study/fees-and-scholarships/fees-to-study-at-aut/international-student-fees-at-aut,2026-05-14,"International programme fee estimates; linked PDF may contain a cleaner table.; HTML table 3, row 6; page_title=International student fees at AUT - AUT; raw=Bachelor of Business and Bachelor of International Hospitality Management Conjoint Programmes | 510 | $41,421.60 (for 120 points) ($40,200 tuition fees + $1,221.60 student services levy)"
7008.0,Auckland University of Technology,60,,,Certificate,Certificate,2026,International,19210.8,,per 60 points/credits,official_programme_estimate,https://www.aut.ac.nz/study/fees-and-scholarships/fees-to-study-at-aut/international-student-fees-at-aut,2026-05-14,"International programme fee estimates; linked PDF may contain a cleaner table.; HTML table 3, row 7; page_title=International student fees at AUT - AUT; raw=Certificate in Business Studies | 60 | $19,210.80 (for 60 points) ($18,600 tuition fees + $610.80 student services levy)"
7008.0,Auckland University of Technology,120,,,Diploma,Diploma,2026,International,38221.6,,per 120 points,official_programme_estimate,https://www.aut.ac.nz/study/fees-and-scholarships/fees-to-study-at-aut/international-student-fees-at-aut,2026-05-14,"International programme fee estimates; linked PDF may contain a cleaner table.; HTML table 3, row 8; page_title=International student fees at AUT - AUT; raw=Diploma in Business | 120 | $38,221.60 (for 120 points) ($37,000 tuition fees + $1,221.60 student services levy)"
7008.0,Auckland University of Technology,360,,,Doctoral,Doctor of Philosophy,2026,International,9623.6,,per 120 points,official_programme_estimate,https://www.aut.ac.nz/study/fees-and-scholarships/fees-to-study-at-aut/international-student-fees-at-aut,2026-05-14,"International programme fee estimates; linked PDF may contain a cleaner table.; HTML table 3, row 9; page_title=International student fees at AUT - AUT; raw=Doctor of Philosophy (PhD) | 360 | Onshore study in New Zealand: $9,623.60 (for 120 points) ($8,402 tuition fees + $1,221.60 student services levy) Offshore study: $47,321.60 (for 120 points) ($46,100 tuition fees + $1,221.60 student services levy)"
7008.0,Auckland University of Technology,60,,,Postgraduate,Graduate Certificate,2026,International,19010.8,,per 60 points/credits,official_programme_estimate,https://www.aut.ac.nz/study/fees-and-scholarships/fees-to-study-at-aut/international-student-fees-at-aut,2026-05-14,"International programme fee estimates; linked PDF may contain a cleaner table.; HTML table 3, row 10; page_title=International student fees at AUT - AUT; raw=Graduate Certificate in Business | 60 | $19,010.80 (for 60 points) ($18,400 tuition fees + $610.80 student services levy)"
7008.0,Auckland University of Technology,120,,,Postgraduate,Graduate Diploma,2026,International,38121.6,,per 120 points,official_programme_estimate,https://www.aut.ac.nz/study/fees-and-scholarships/fees-to-study-at-aut/international-student-fees-at-aut,2026-05-14,"International programme fee estimates; linked PDF may contain a cleaner table.; HTML table 3, row 11; page_title=International student fees at AUT - AUT; raw=Graduate Diploma in Business | 120 | $38,121.60 (for 120 points) ($36,900 tuition fees + $1,221.60 student services levy)"
7008.0,Auckland University of Technology,180,,,Postgraduate,Master,2026,International,1787.0,,per 180 points/credits,official_programme_estimate,https://www.aut.ac.nz/study/fees-and-scholarships/fees-to-study-at-aut/international-student-fees-at-aut,2026-05-14,"International programme fee estimates; linked PDF may contain a cleaner table.; HTML table 3, row 12; page_title=International student fees at AUT - AUT; raw=Master of Applied Finance | 180 | 2025 fee: $57,587 (for 180 points) ($55,800 tuition fees + $1,787 student services levy) 2026 fee: $59,882.40 (for 180 points) ($58,050 tuition fees + $1,832.40 student services levy); amount repaired from notes using lower_bound_from_notes_range; original_tuition_fee_nzd=202.0"
7008.0,Auckland University of Technology,180,,,Postgraduate,Master,2026,International,39921.6,,per 120 points,official_programme_estimate,https://www.aut.ac.nz/study/fees-and-scholarships/fees-to-study-at-aut/international-student-fees-at-aut,2026-05-14,"International programme fee estimates; linked PDF may contain a cleaner table.; HTML table 3, row 13; page_title=International student fees at AUT - AUT; raw=Master of Business | 180 | $39,921.60 (for 120 points) ($38,700 tuition fees + $1,221.60 student services levy)"
7008.0,Auckland University of Technology,180,,,Postgraduate,Master,2026,International,1787.0,,per 180 points/credits,official_programme_estimate,https://www.aut.ac.nz/study/fees-and-scholarships/fees-to-study-at-aut/international-student-fees-at-aut,2026-05-14,"International programme fee estimates; linked PDF may contain a cleaner table.; HTML table 3, row 14; page_title=International student fees at AUT - AUT; raw=Master of Business Administration | 180 | 2025 fee: $61,637 (for 180 points) ($59,850 tuition fees + $1,787 student services levy) 2026 fee: $64,082.40 (for 180 points) ($62,250 tuition fees + $1,832.40 student services levy); amount repaired from notes using lower_bound_from_notes_range; original_tuition_fee_nzd=202.0"
7008.0,Auckland University of Technology,180,,,Postgraduate,Master,2026,International,1787.0,,per 180 points/credits,official_programme_estimate,https://www.aut.ac.nz/study/fees-and-scholarships/fees-to-study-at-aut/international-student-fees-at-aut,2026-05-14,"International programme fee estimates; linked PDF may contain a cleaner table.; HTML table 3, row 15; page_title=International student fees at AUT - AUT; raw=Master of Business Management | 180 | 2025 fee: $57,587 (for 180 points) ($55,800 tuition fees + $1,787 student services levy) 2026 fee: $59,882.40 (for 180 points) ($58,050 tuition fees + $1,832.40 student services levy); amount repaired from notes using lower_bound_from_notes_range; original_tuition_fee_nzd=202.0"
7008.0,Auckland University of Technology,180,,,Postgraduate,Master,2026,International,59882.4,,per 180 points/credits,official_programme_estimate,https://www.aut.ac.nz/study/fees-and-scholarships/fees-to-study-at-aut/international-student-fees-at-aut,2026-05-14,"International programme fee estimates; linked PDF may contain a cleaner table.; HTML table 3, row 16; page_title=International student fees at AUT - AUT; raw=Master of Global Business | 180 | $59,882.40 (for 180 points) ($58,050 tuition fees + $1,832.40 student services levy)"
7008.0,Auckland University of Technology,180,,,Postgraduate,Master,2026,International,59882.4,,per 180 points/credits,official_programme_estimate,https://www.aut.ac.nz/study/fees-and-scholarships/fees-to-study-at-aut/international-student-fees-at-aut,2026-05-14,"International programme fee estimates; linked PDF may contain a cleaner table.; HTML table 3, row 17; page_title=International student fees at AUT - AUT; raw=Master of Marketing | 180 | $59,882.40 (for 180 points) ($58,050 tuition fees + $1,832.40 student services levy)"
7008.0,Auckland University of Technology,120,,,Postgraduate,Master,2026,International,46521.6,,per 120 points,official_programme_estimate,https://www.aut.ac.nz/study/fees-and-scholarships/fees-to-study-at-aut/international-student-fees-at-aut,2026-05-14,"International programme fee estimates; linked PDF may contain a cleaner table.; HTML table 3, row 18; page_title=International student fees at AUT - AUT; raw=Master of Philosophy | 120 | $46,521.60 (for 120 points) ($45,300 tuition fees + $1,221.60 student services levy)"
7008.0,Auckland University of Technology,180,,,Postgraduate,Master,2026,International,59882.4,,per 180 points/credits,official_programme_estimate,https://www.aut.ac.nz/study/fees-and-scholarships/fees-to-study-at-aut/international-student-fees-at-aut,2026-05-14,"International programme fee estimates; linked PDF may contain a cleaner table.; HTML table 3, row 19; page_title=International student fees at AUT - AUT; raw=Master of Professional Accounting | 180 | $59,882.40 (for 180 points) ($58,050 tuition fees + $1,832.40 student services levy)"
7008.0,Auckland University of Technology,180,,,Postgraduate,Master,2026,International,59882.4,,per 180 points/credits,official_programme_estimate,https://www.aut.ac.nz/study/fees-and-scholarships/fees-to-study-at-aut/international-student-fees-at-aut,2026-05-14,"International programme fee estimates; linked PDF may contain a cleaner table.; HTML table 3, row 20; page_title=International student fees at AUT - AUT; raw=Master of Supply Chain Management | 180 | $59,882.40 (for 180 points) ($58,050 tuition fees + $1,832.40 student services levy)"
7008.0,Auckland University of Technology,60,,,Postgraduate,Postgraduate Certificate,2026,International,19910.8,,per 60 points/credits,official_programme_estimate,https://www.aut.ac.nz/study/fees-and-scholarships/fees-to-study-at-aut/international-student-fees-at-aut,2026-05-14,"International programme fee estimates; linked PDF may contain a cleaner table.; HTML table 3, row 21; page_title=International student fees at AUT - AUT; raw=Postgraduate Certificate in Business | 60 | $19,910.80 (for 60 points) ($19,300 tuition fees + $610.80 student services levy)"
7008.0,Auckland University of Technology,60,,,Postgraduate,Postgraduate Certificate,2026,International,21410.8,,per 60 points/credits,official_programme_estimate,https://www.aut.ac.nz/study/fees-and-scholarships/fees-to-study-at-aut/international-student-fees-at-aut,2026-05-14,"International programme fee estimates; linked PDF may contain a cleaner table.; HTML table 3, row 22; page_title=International student fees at AUT - AUT; raw=Postgraduate Certificate in Business Administration | 60 | $21,410.80 (for 60 points) ($20,800 tuition fees + $610.80 student services levy)"
7008.0,Auckland University of Technology,60,,,Postgraduate,Postgraduate Certificate,2026,International,19910.8,,per 60 points/credits,official_programme_estimate,https://www.aut.ac.nz/study/fees-and-scholarships/fees-to-study-at-aut/international-student-fees-at-aut,2026-05-14,"International programme fee estimates; linked PDF may contain a cleaner table.; HTML table 3, row 23; page_title=International student fees at AUT - AUT; raw=Postgraduate Certificate in Business Studies | 60 | $19,910.80 (for 60 points) ($19,300 tuition fees + $610.80 student services levy)"
7008.0,Auckland University of Technology,60,,,Postgraduate,Postgraduate Certificate,2026,International,19910.8,,per 60 points/credits,official_programme_estimate,https://www.aut.ac.nz/study/fees-and-scholarships/fees-to-study-at-aut/international-student-fees-at-aut,2026-05-14,"International programme fee estimates; linked PDF may contain a cleaner table.; HTML table 3, row 24; page_title=International student fees at AUT - AUT; raw=Postgraduate Certificate in Professional Accounting | 60 | $19,910.80 (for 60 points) ($19,300 tuition fees + $610.80 student services levy)"
7008.0,Auckland University of Technology,120,,,Postgraduate,Postgraduate Diploma,2026,International,39921.6,,per 120 points,official_programme_estimate,https://www.aut.ac.nz/study/fees-and-scholarships/fees-to-study-at-aut/international-student-fees-at-aut,2026-05-14,"International programme fee estimates; linked PDF may contain a cleaner table.; HTML table 3, row 25; page_title=International student fees at AUT - AUT; raw=Postgraduate Diploma in Applied Finance | 120 | $39,921.60 (for 120 points) ($38,700 tuition fees + $1,221.60 student services levy)"
7008.0,Auckland University of Technology,120,,,Postgraduate,Postgraduate Diploma,2026,International,39921.6,,per 120 points,official_programme_estimate,https://www.aut.ac.nz/study/fees-and-scholarships/fees-to-study-at-aut/international-student-fees-at-aut,2026-05-14,"International programme fee estimates; linked PDF may contain a cleaner table.; HTML table 3, row 26; page_title=International student fees at AUT - AUT; raw=Postgraduate Diploma in Business | 120 | $39,921.60 (for 120 points) ($38,700 tuition fees + $1,221.60 student services levy)"
7008.0,Auckland University of Technology,120,,,Postgraduate,Postgraduate Diploma,2026,International,42721.6,,per 120 points,official_programme_estimate,https://www.aut.ac.nz/study/fees-and-scholarships/fees-to-study-at-aut/international-student-fees-at-aut,2026-05-14,"International programme fee estimates; linked PDF may contain a cleaner table.; HTML table 3, row 27; page_title=International student fees at AUT - AUT; raw=Postgraduate Diploma in Business Administration | 120 | $42,721.60 (for 120 points) ($41,500 tuition fees + $1,221.60 student services levy)"
7008.0,Auckland University of Technology,120,,,Postgraduate,Postgraduate Diploma,2026,International,39921.6,,per 120 points,official_programme_estimate,https://www.aut.ac.nz/study/fees-and-scholarships/fees-to-study-at-aut/international-student-fees-at-aut,2026-05-14,"International programme fee estimates; linked PDF may contain a cleaner table.; HTML table 3, row 28; page_title=International student fees at AUT - AUT; raw=Postgraduate Diploma in Business Management | 120 | $39,921.60 (for 120 points) ($38,700 tuition fees + $1,221.60 student services levy)"
7008.0,Auckland University of Technology,120,,,Postgraduate,Postgraduate Diploma,2026,International,39921.6,,per 120 points,official_programme_estimate,https://www.aut.ac.nz/study/fees-and-scholarships/fees-to-study-at-aut/international-student-fees-at-aut,2026-05-14,"International programme fee estimates; linked PDF may contain a cleaner table.; HTML table 3, row 29; page_title=International student fees at AUT - AUT; raw=Postgraduate Diploma in Global Business | 120 | $39,921.60 (for 120 points) ($38,700 tuition fees + $1,221.60 student services levy)"
7008.0,Auckland University of Technology,120,,,Postgraduate,Postgraduate Diploma,2026,International,39921.6,,per 120 points,official_programme_estimate,https://www.aut.ac.nz/study/fees-and-scholarships/fees-to-study-at-aut/international-student-fees-at-aut,2026-05-14,"International programme fee estimates; linked PDF may contain a cleaner table.; HTML table 3, row 30; page_title=International student fees at AUT - AUT; raw=Postgraduate Diploma in Marketing | 120 | $39,921.60 (for 120 points) ($38,700 tuition fees + $1,221.60 student services levy)"
7008.0,Auckland University of Technology,120,,,Postgraduate,Postgraduate Diploma,2026,International,39921.6,,per 120 points,official_programme_estimate,https://www.aut.ac.nz/study/fees-and-scholarships/fees-to-study-at-aut/international-student-fees-at-aut,2026-05-14,"International programme fee estimates; linked PDF may contain a cleaner table.; HTML table 3, row 31; page_title=International student fees at AUT - AUT; raw=Postgraduate Diploma in Professional Accounting | 120 | $39,921.60 (for 120 points) ($38,700 tuition fees + $1,221.60 student services levy)"
7008.0,Auckland University of Technology,120,,,Postgraduate,Postgraduate Diploma,2026,International,39921.6,,per 120 points,official_programme_estimate,https://www.aut.ac.nz/study/fees-and-scholarships/fees-to-study-at-aut/international-student-fees-at-aut,2026-05-14,"International programme fee estimates; linked PDF may contain a cleaner table.; HTML table 3, row 32; page_title=International student fees at AUT - AUT; raw=Postgraduate Diploma in Supply Chain Management | 120 | $39,921.60 (for 120 points) ($38,700 tuition fees + $1,221.60 student services levy)"
7008.0,Auckland University of Technology,360,,,Undergraduate,Bachelor,2026,International,37621.6,,per 120 points,official_programme_estimate,https://www.aut.ac.nz/study/fees-and-scholarships/fees-to-study-at-aut/international-student-fees-at-aut,2026-05-14,"International programme fee estimates; linked PDF may contain a cleaner table.; HTML table 4, row 1; page_title=International student fees at AUT - AUT; raw=Bachelor of Communication Studies | 360 | $37,621.60 (for 120 points) ($36,400 tuition fees + $1,221.60 student services levy)"
7008.0,Auckland University of Technology,360,,,Doctoral,Doctor of Philosophy,2026,International,9623.6,,per 120 points,official_programme_estimate,https://www.aut.ac.nz/study/fees-and-scholarships/fees-to-study-at-aut/international-student-fees-at-aut,2026-05-14,"International programme fee estimates; linked PDF may contain a cleaner table.; HTML table 4, row 2; page_title=International student fees at AUT - AUT; raw=Doctor of Philosophy (PhD) | 360 | Onshore study in New Zealand: $9,623.60 (for 120 points) ($8,402 tuition fees + $1,221.60 student services levy) Offshore study: $47,321.60 (for 120 points) ($46,100 tuition fees + $1,221.60 student services levy)"
7008.0,Auckland University of Technology,180,,,Postgraduate,Master,2026,International,41921.6,,per 120 points,official_programme_estimate,https://www.aut.ac.nz/study/fees-and-scholarships/fees-to-study-at-aut/international-student-fees-at-aut,2026-05-14,"International programme fee estimates; linked PDF may contain a cleaner table.; HTML table 4, row 3; page_title=International student fees at AUT - AUT; raw=Master of Communication Studies | 180 | $41,921.60 (for 120 points) ($40,700 tuition fees + $1,221.60 student services levy)"
7008.0,Auckland University of Technology,120,,,Postgraduate,Master,2026,International,46521.6,,per 120 points,official_programme_estimate,https://www.aut.ac.nz/study/fees-and-scholarships/fees-to-study-at-aut/international-student-fees-at-aut,2026-05-14,"International programme fee estimates; linked PDF may contain a cleaner table.; HTML table 4, row 4; page_title=International student fees at AUT - AUT; raw=Master of Philosophy | 120 | $46,521.60 (for 120 points) ($45,300 tuition fees + $1,221.60 student services levy)"
7008.0,Auckland University of Technology,60,,,Postgraduate,Postgraduate Certificate,2026,International,20810.8,,per 60 points/credits,official_programme_estimate,https://www.aut.ac.nz/study/fees-and-scholarships/fees-to-study-at-aut/international-student-fees-at-aut,2026-05-14,"International programme fee estimates; linked PDF may contain a cleaner table.; HTML table 4, row 5; page_title=International student fees at AUT - AUT; raw=Postgraduate Certificate in Communication Studies | 60 | $20,810.80 (for 60 points) ($20,200 tuition fees + $610.80 student services levy)"
7008.0,Auckland University of Technology,120,,,Postgraduate,Postgraduate Diploma,2026,International,41921.6,,per 120 points,official_programme_estimate,https://www.aut.ac.nz/study/fees-and-scholarships/fees-to-study-at-aut/international-student-fees-at-aut,2026-05-14,"International programme fee estimates; linked PDF may contain a cleaner table.; HTML table 4, row 6; page_title=International student fees at AUT - AUT; raw=Postgraduate Diploma in Communication Studies | 120 | $41,921.60 (for 120 points) ($40,700 tuition fees + $1,221.60 student services levy)"
7008.0,Auckland University of Technology,360,,,Doctoral,Doctor of Philosophy,2026,International,9623.6,,per 120 points,official_programme_estimate,https://www.aut.ac.nz/study/fees-and-scholarships/fees-to-study-at-aut/international-student-fees-at-aut,2026-05-14,"International programme fee estimates; linked PDF may contain a cleaner table.; HTML table 5, row 1; page_title=International student fees at AUT - AUT; raw=Doctor of Philosophy (PhD) | 360 | Onshore study in New Zealand: $9,623.60 (for 120 points) ($8,402 tuition fees + $1,221.60 student services levy) Offshore study: $47,321.60 (for 120 points) ($46,100 tuition fees + $1,221.60 student services levy)"
7008.0,Auckland University of Technology,180,,,Postgraduate,Master,2026,International,45321.6,,per 120 points,official_programme_estimate,https://www.aut.ac.nz/study/fees-and-scholarships/fees-to-study-at-aut/international-student-fees-at-aut,2026-05-14,"International programme fee estimates; linked PDF may contain a cleaner table.; HTML table 5, row 2; page_title=International student fees at AUT - AUT; raw=Master of Creative Technologies | 180 | $45,321.60 (for 120 points) ($44,100 tuition fees + $1,221.60 student services levy)"
7008.0,Auckland University of Technology,120,,,Postgraduate,Master,2026,International,46521.6,,per 120 points,official_programme_estimate,https://www.aut.ac.nz/study/fees-and-scholarships/fees-to-study-at-aut/international-student-fees-at-aut,2026-05-14,"International programme fee estimates; linked PDF may contain a cleaner table.; HTML table 5, row 3; page_title=International student fees at AUT - AUT; raw=Master of Philosophy | 120 | $46,521.60 (for 120 points) ($45,300 tuition fees + $1,221.60 student services levy)"
7008.0,Auckland University of Technology,60,,,Postgraduate,Postgraduate Certificate,2026,International,22710.8,,per 60 points/credits,official_programme_estimate,https://www.aut.ac.nz/study/fees-and-scholarships/fees-to-study-at-aut/international-student-fees-at-aut,2026-05-14,"International programme fee estimates; linked PDF may contain a cleaner table.; HTML table 5, row 4; page_title=International student fees at AUT - AUT; raw=Postgraduate Certificate in Creative Technologies | 60 | $22,710.80 (for 60 points) ($22,100 tuition fees + $610.80 student services levy)"
7008.0,Auckland University of Technology,360,,,Undergraduate,Bachelor,2026,International,36521.6,,per 120 points,official_programme_estimate,https://www.aut.ac.nz/study/fees-and-scholarships/fees-to-study-at-aut/international-student-fees-at-aut,2026-05-14,"International programme fee estimates; linked PDF may contain a cleaner table.; HTML table 6, row 1; page_title=International student fees at AUT - AUT; raw=Bachelor of Arts | 360 | $36,521.60 (for 120 points) ($35,300 tuition fees + $1,221.60 student services levy)"
7008.0,Auckland University of Technology,120,,,Undergraduate,Bachelor with Honours,2026,International,38721.6,,per 120 points,official_programme_estimate,https://www.aut.ac.nz/study/fees-and-scholarships/fees-to-study-at-aut/international-student-fees-at-aut,2026-05-14,"International programme fee estimates; linked PDF may contain a cleaner table.; HTML table 6, row 2; page_title=International student fees at AUT - AUT; raw=Bachelor of Arts (Honours) | 120 | $38,721.60 (for 120 points) ($37,500 tuition fees + $1,221.60 student services levy)"
7008.0,Auckland University of Technology,510,,,Undergraduate,Bachelor,2026,International,39121.6,,per 120 points,official_programme_estimate,https://www.aut.ac.nz/study/fees-and-scholarships/fees-to-study-at-aut/international-student-fees-at-aut,2026-05-14,"International programme fee estimates; linked PDF may contain a cleaner table.; HTML table 6, row 3; page_title=International student fees at AUT - AUT; raw=Bachelor of Arts and Bachelor of Business Conjoint Programmes | 510 | $39,121.60 (for 120 points) ($37,900 tuition fees + $1,221.60 student services levy)"
7008.0,Auckland University of Technology,510,,,Undergraduate,Bachelor,2026,International,42221.6,,per 120 points,official_programme_estimate,https://www.aut.ac.nz/study/fees-and-scholarships/fees-to-study-at-aut/international-student-fees-at-aut,2026-05-14,"International programme fee estimates; linked PDF may contain a cleaner table.; HTML table 6, row 4; page_title=International student fees at AUT - AUT; raw=Bachelor of Arts and Bachelor of Computer and Information Sciences Conjoint Programmes | 510 | $42,221.60 (for 120 points) ($41,000 tuition fees + $1,221.60 student services levy)"
7008.0,Auckland University of Technology,360,,,Undergraduate,Bachelor,2026,International,36521.6,,per 120 points,official_programme_estimate,https://www.aut.ac.nz/study/fees-and-scholarships/fees-to-study-at-aut/international-student-fees-at-aut,2026-05-14,"International programme fee estimates; linked PDF may contain a cleaner table.; HTML table 6, row 5; page_title=International student fees at AUT - AUT; raw=Bachelor of Education ([Specialty] Teaching) | 360 | $36,521.60 (for 120 points) ($35,300 tuition fees + $1,221.60 student services levy)"
7008.0,Auckland University of Technology,60,,,Certificate,Certificate,2026,International,18410.8,,per 60 points/credits,official_programme_estimate,https://www.aut.ac.nz/study/fees-and-scholarships/fees-to-study-at-aut/international-student-fees-at-aut,2026-05-14,"International programme fee estimates; linked PDF may contain a cleaner table.; HTML table 6, row 6; page_title=International student fees at AUT - AUT; raw=Certificate in Arts | 60 | $18,410.80 (for 60 points) ($17,800 tuition fees + $610.80 student services levy)"
7008.0,Auckland University of Technology,120,,,Diploma,Diploma,2026,International,36621.6,,per 120 points,official_programme_estimate,https://www.aut.ac.nz/study/fees-and-scholarships/fees-to-study-at-aut/international-student-fees-at-aut,2026-05-14,"International programme fee estimates; linked PDF may contain a cleaner table.; HTML table 6, row 7; page_title=International student fees at AUT - AUT; raw=Diploma in Arts | 120 | $36,621.60 (for 120 points) ($35,400 tuition fees + $1,221.60 student services levy)"
7008.0,Auckland University of Technology,360,,,Doctoral,Doctor of Philosophy,2026,International,9623.6,,per 120 points,official_programme_estimate,https://www.aut.ac.nz/study/fees-and-scholarships/fees-to-study-at-aut/international-student-fees-at-aut,2026-05-14,"International programme fee estimates; linked PDF may contain a cleaner table.; HTML table 6, row 9; page_title=International student fees at AUT - AUT; raw=Doctor of Philosophy (PhD) | 360 | Onshore study in New Zealand: $9,623.60 (for 120 points) ($8,402 tuition fees + $1,221.60 student services levy) Offshore study: $47,321.60 (for 120 points) ($46,100 tuition fees + $1,221.60 student services levy)"
7008.0,Auckland University of Technology,60,,,Postgraduate,Graduate Certificate,2026,International,18310.8,,per 60 points/credits,official_programme_estimate,https://www.aut.ac.nz/study/fees-and-scholarships/fees-to-study-at-aut/international-student-fees-at-aut,2026-05-14,"International programme fee estimates; linked PDF may contain a cleaner table.; HTML table 6, row 10; page_title=International student fees at AUT - AUT; raw=Graduate Certificate in Arts | 60 | $18,310.80 (for 60 points) ($17,700 tuition fees + $610.80 student services levy)"
7008.0,Auckland University of Technology,120,,,Postgraduate,Graduate Diploma,2026,International,36521.6,,per 120 points,official_programme_estimate,https://www.aut.ac.nz/study/fees-and-scholarships/fees-to-study-at-aut/international-student-fees-at-aut,2026-05-14,"International programme fee estimates; linked PDF may contain a cleaner table.; HTML table 6, row 11; page_title=International student fees at AUT - AUT; raw=Graduate Diploma in Arts | 120 | $36,521.60 (for 120 points) ($35,300 tuition fees + $1,221.60 student services levy)"
7008.0,Auckland University of Technology,120,,,Postgraduate,Graduate Diploma,2026,International,35421.6,,per 120 points,official_programme_estimate,https://www.aut.ac.nz/study/fees-and-scholarships/fees-to-study-at-aut/international-student-fees-at-aut,2026-05-14,"International programme fee estimates; linked PDF may contain a cleaner table.; HTML table 6, row 12; page_title=International student fees at AUT - AUT; raw=Graduate Diploma in Secondary Teaching | 120 | $35,421.60 (for 120 points) ($34,200 tuition fees + $1,221.60 student services levy)"
7008.0,Auckland University of Technology,180,,,Postgraduate,Master,2026,International,39021.6,,per 120 points,official_programme_estimate,https://www.aut.ac.nz/study/fees-and-scholarships/fees-to-study-at-aut/international-student-fees-at-aut,2026-05-14,"International programme fee estimates; linked PDF may contain a cleaner table.; HTML table 6, row 13; page_title=International student fees at AUT - AUT; raw=Master of Education | 180 | $39,021.60 (for 120 points) ($37,800 tuition fees + $1,221.60 student services levy)"
7008.0,Auckland University of Technology,120,,,Postgraduate,Master,2026,International,46521.6,,per 120 points,official_programme_estimate,https://www.aut.ac.nz/study/fees-and-scholarships/fees-to-study-at-aut/international-student-fees-at-aut,2026-05-14,"International programme fee estimates; linked PDF may contain a cleaner table.; HTML table 6, row 14; page_title=International student fees at AUT - AUT; raw=Master of Philosophy | 120 | $46,521.60 (for 120 points) ($45,300 tuition fees + $1,221.60 student services levy)"
7008.0,Auckland University of Technology,180,,,Postgraduate,Master,2026,International,59582.4,,per 180 points/credits,official_programme_estimate,https://www.aut.ac.nz/study/fees-and-scholarships/fees-to-study-at-aut/international-student-fees-at-aut,2026-05-14,"International programme fee estimates; linked PDF may contain a cleaner table.; HTML table 6, row 15; page_title=International student fees at AUT - AUT; raw=Master of Teaching and Learning | 180 | $59,582.40 (for 180 points) ($57,750 tuition fees + $1,832.40 student services levy)"
7008.0,Auckland University of Technology,60,,,Postgraduate,Postgraduate Certificate,2026,International,19510.8,,per 60 points/credits,official_programme_estimate,https://www.aut.ac.nz/study/fees-and-scholarships/fees-to-study-at-aut/international-student-fees-at-aut,2026-05-14,"International programme fee estimates; linked PDF may contain a cleaner table.; HTML table 6, row 16; page_title=International student fees at AUT - AUT; raw=Postgraduate Certificate in Education | 60 | $19,510.80 (for 60 points) ($18,900 tuition fees + $610.80 student services levy)"
7008.0,Auckland University of Technology,120,,,Postgraduate,Postgraduate Diploma,2026,International,39021.6,,per 120 points,official_programme_estimate,https://www.aut.ac.nz/study/fees-and-scholarships/fees-to-study-at-aut/international-student-fees-at-aut,2026-05-14,"International programme fee estimates; linked PDF may contain a cleaner table.; HTML table 6, row 17; page_title=International student fees at AUT - AUT; raw=Postgraduate Diploma in Education | 120 | $39,021.60 (for 120 points) ($37,800 tuition fees + $1,221.60 student services levy)"
7008.0,Auckland University of Technology,150,,,Postgraduate,Postgraduate Diploma,2026,International,37652.0,,per 150 points/credits,official_programme_estimate,https://www.aut.ac.nz/study/fees-and-scholarships/fees-to-study-at-aut/international-student-fees-at-aut,2026-05-14,"International programme fee estimates; linked PDF may contain a cleaner table.; HTML table 6, row 18; page_title=International student fees at AUT - AUT; raw=Postgraduate Diploma in Teaching and Learning | 150 | $37,652 (for 150 points) ($36,125 tuition fees + $1,527 student services levy)"
7008.0,Auckland University of Technology,510,,,Undergraduate,Bachelor,2026,International,42221.6,,per 120 points,official_programme_estimate,https://www.aut.ac.nz/study/fees-and-scholarships/fees-to-study-at-aut/international-student-fees-at-aut,2026-05-14,"International programme fee estimates; linked PDF may contain a cleaner table.; HTML table 7, row 1; page_title=International student fees at AUT - AUT; raw=Bachelor of Arts and Bachelor of Computer and Information Sciences Conjoint Programmes | 510 | $42,221.60 (for 120 points) ($41,000 tuition fees + $1,221.60 student services levy)"
7008.0,Auckland University of Technology,510,,,Undergraduate,Bachelor,2026,International,42021.6,,per 120 points,official_programme_estimate,https://www.aut.ac.nz/study/fees-and-scholarships/fees-to-study-at-aut/international-student-fees-at-aut,2026-05-14,"International programme fee estimates; linked PDF may contain a cleaner table.; HTML table 7, row 2; page_title=International student fees at AUT - AUT; raw=Bachelor of Business and Bachelor of Computer and Information Sciences Conjoint Programmes | 510 | $42,021.60 (for 120 points) ($40,800 tuition fees + $1,221.60 student services levy)"
7008.0,Auckland University of Technology,360,,,Undergraduate,Bachelor,2026,International,42621.6,,per 120 points,official_programme_estimate,https://www.aut.ac.nz/study/fees-and-scholarships/fees-to-study-at-aut/international-student-fees-at-aut,2026-05-14,"International programme fee estimates; linked PDF may contain a cleaner table.; HTML table 7, row 3; page_title=International student fees at AUT - AUT; raw=Bachelor of Computer and Information Sciences | 360 | $42,621.60 (for 120 points) ($41,400 tuition fees + $1,221.60 student services levy)"
7008.0,Auckland University of Technology,480,,,Undergraduate,Bachelor with Honours,2026,International,48921.6,,per 120 points,official_programme_estimate,https://www.aut.ac.nz/study/fees-and-scholarships/fees-to-study-at-aut/international-student-fees-at-aut,2026-05-14,"International programme fee estimates; linked PDF may contain a cleaner table.; HTML table 7, row 4; page_title=International student fees at AUT - AUT; raw=Bachelor of Engineering (Honours) | 480 | $48,921.60 (for 120 points) ($47,700 tuition fees + $1,221.60 student services levy)"
7008.0,Auckland University of Technology,360,,,Undergraduate,Bachelor,2026,International,48921.6,,per 120 points,official_programme_estimate,https://www.aut.ac.nz/study/fees-and-scholarships/fees-to-study-at-aut/international-student-fees-at-aut,2026-05-14,"International programme fee estimates; linked PDF may contain a cleaner table.; HTML table 7, row 5; page_title=International student fees at AUT - AUT; raw=Bachelor of Engineering Technology | 360 | $48,921.60 (for 120 points) ($47,700 tuition fees + $1,221.60 student services levy)"
7008.0,Auckland University of Technology,360,,,Undergraduate,Bachelor,2026,International,42321.6,,per 120 points,official_programme_estimate,https://www.aut.ac.nz/study/fees-and-scholarships/fees-to-study-at-aut/international-student-fees-at-aut,2026-05-14,"International programme fee estimates; linked PDF may contain a cleaner table.; HTML table 7, row 6; page_title=International student fees at AUT - AUT; raw=Bachelor of Science | 360 | Computing: $42,321.60 (for 120 points) ($41,100 tuition fees + $1,221.60 student services levy) Science: $42,721.60 (for 120 points) ($41,500 tuition fees + $1,221.60 student services levy)"
7008.0,Auckland University of Technology,120,,,Certificate,Certificate,2026,International,38421.6,,per 120 points,official_programme_estimate,https://www.aut.ac.nz/study/fees-and-scholarships/fees-to-study-at-aut/international-student-fees-at-aut,2026-05-14,"International programme fee estimates; linked PDF may contain a cleaner table.; HTML table 7, row 7; page_title=International student fees at AUT - AUT; raw=Certificate in Science and Technology | 120 | $38,421.60 (for 120 points) ($37,200 tuition fees + $1,221.60 student services levy)"
7008.0,Auckland University of Technology,120,,,Diploma,Diploma,2026,International,42621.6,,per 120 points,official_programme_estimate,https://www.aut.ac.nz/study/fees-and-scholarships/fees-to-study-at-aut/international-student-fees-at-aut,2026-05-14,"International programme fee estimates; linked PDF may contain a cleaner table.; HTML table 7, row 8; page_title=International student fees at AUT - AUT; raw=Diploma in Computer and Information Sciences | 120 | $42,621.60 (for 120 points) ($41,400 tuition fees + $1,221.60 student services levy)"
7008.0,Auckland University of Technology,120,,,Diploma,Diploma,2026,International,48921.6,,per 120 points,official_programme_estimate,https://www.aut.ac.nz/study/fees-and-scholarships/fees-to-study-at-aut/international-student-fees-at-aut,2026-05-14,"International programme fee estimates; linked PDF may contain a cleaner table.; HTML table 7, row 9; page_title=International student fees at AUT - AUT; raw=Diploma in Engineering | 120 | $48,921.60 (for 120 points) ($47,700 tuition fees + $1,221.60 student services levy)"
7008.0,Auckland University of Technology,360,,,Doctoral,Doctor of Philosophy,2026,International,9623.6,,per 120 points,official_programme_estimate,https://www.aut.ac.nz/study/fees-and-scholarships/fees-to-study-at-aut/international-student-fees-at-aut,2026-05-14,"International programme fee estimates; linked PDF may contain a cleaner table.; HTML table 7, row 10; page_title=International student fees at AUT - AUT; raw=Doctor of Philosophy (PhD) | 360 | Onshore study in New Zealand: $9,623.60 (for 120 points) ($8,402 tuition fees + $1,221.60 student services levy) Offshore study: $47,321.60 (for 120 points) ($46,100 tuition fees + $1,221.60 student services levy)"
7008.0,Auckland University of Technology,60,,,Postgraduate,Graduate Certificate,2026,International,21310.8,,per 60 points/credits,official_programme_estimate,https://www.aut.ac.nz/study/fees-and-scholarships/fees-to-study-at-aut/international-student-fees-at-aut,2026-05-14,"International programme fee estimates; linked PDF may contain a cleaner table.; HTML table 7, row 11; page_title=International student fees at AUT - AUT; raw=Graduate Certificate in Computer and Information Sciences | 60 | $21,310.80 (for 60 points) ($20,700 tuition fees + $610.80 student services levy)"
7008.0,Auckland University of Technology,60,,,Postgraduate,Graduate Certificate,2026,International,21210.8,,per 60 points/credits,official_programme_estimate,https://www.aut.ac.nz/study/fees-and-scholarships/fees-to-study-at-aut/international-student-fees-at-aut,2026-05-14,"International programme fee estimates; linked PDF may contain a cleaner table.; HTML table 7, row 12; page_title=International student fees at AUT - AUT; raw=Graduate Certificate in Science | 60 | Computing: $21,210.80 (for 60 points) ($20,600 tuition fees + $610.80 student services levy) Science: $21,410.80 (for 60 points) ($20,800 tuition fees + $610.80 student services levy)"
7008.0,Auckland University of Technology,120,,,Postgraduate,Graduate Diploma,2026,International,42621.6,,per 120 points,official_programme_estimate,https://www.aut.ac.nz/study/fees-and-scholarships/fees-to-study-at-aut/international-student-fees-at-aut,2026-05-14,"International programme fee estimates; linked PDF may contain a cleaner table.; HTML table 7, row 13; page_title=International student fees at AUT - AUT; raw=Graduate Diploma in Computer and Information Sciences | 120 | $42,621.60 (for 120 points) ($41,400 tuition fees + $1,221.60 student services levy)"
7008.0,Auckland University of Technology,120,,,Postgraduate,Graduate Diploma,2026,International,42321.6,,per 120 points,official_programme_estimate,https://www.aut.ac.nz/study/fees-and-scholarships/fees-to-study-at-aut/international-student-fees-at-aut,2026-05-14,"International programme fee estimates; linked PDF may contain a cleaner table.; HTML table 7, row 14; page_title=International student fees at AUT - AUT; raw=Graduate Diploma in Science | 120 | Computing: $42,321.60 (for 120 points) ($41,100 tuition fees + $1,221.60 student services levy) Science: $42,721.60 (for 120 points) ($41,500 tuition fees + $1,221.60 student services levy)"
7008.0,Auckland University of Technology,180,,,Postgraduate,Master,2026,International,47121.6,,per 120 points,official_programme_estimate,https://www.aut.ac.nz/study/fees-and-scholarships/fees-to-study-at-aut/international-student-fees-at-aut,2026-05-14,"International programme fee estimates; linked PDF may contain a cleaner table.; HTML table 7, row 15; page_title=International student fees at AUT - AUT; raw=Master of Analytics | 180 | $47,121.60 (for 120 points) ($45,900 tuition fees + $1,221.60 student services levy)"
7008.0,Auckland University of Technology,180,,,Postgraduate,Master,2026,International,47121.6,,per 120 points,official_programme_estimate,https://www.aut.ac.nz/study/fees-and-scholarships/fees-to-study-at-aut/international-student-fees-at-aut,2026-05-14,"International programme fee estimates; linked PDF may contain a cleaner table.; HTML table 7, row 16; page_title=International student fees at AUT - AUT; raw=Master of Computer and Information Sciences | 180 | $47,121.60 (for 120 points) ($45,900 tuition fees + $1,221.60 student services levy)"
7008.0,Auckland University of Technology,120,,,Postgraduate,Master,2026,International,52321.6,,per 120 points,official_programme_estimate,https://www.aut.ac.nz/study/fees-and-scholarships/fees-to-study-at-aut/international-student-fees-at-aut,2026-05-14,"International programme fee estimates; linked PDF may contain a cleaner table.; HTML table 7, row 17; page_title=International student fees at AUT - AUT; raw=Master of Construction Management | 120 | $52,321.60 (for 120 points) ($51,100 tuition fees + $1,221.60 student services levy)"
7008.0,Auckland University of Technology,180,,,Postgraduate,Master,2026,International,46221.6,,per 120 points,official_programme_estimate,https://www.aut.ac.nz/study/fees-and-scholarships/fees-to-study-at-aut/international-student-fees-at-aut,2026-05-14,"International programme fee estimates; linked PDF may contain a cleaner table.; HTML table 7, row 18; page_title=International student fees at AUT - AUT; raw=Master of Cyber Security and Digital Forensics | 180 | $46,221.60 (for 120 points) ($45,000 tuition fees + $1,221.60 student services levy)"
7008.0,Auckland University of Technology,180 (or 120 points for applicants with an honours degree),,,Postgraduate,Master,2026,International,50321.6,,per 120 points,official_programme_estimate,https://www.aut.ac.nz/study/fees-and-scholarships/fees-to-study-at-aut/international-student-fees-at-aut,2026-05-14,"International programme fee estimates; linked PDF may contain a cleaner table.; HTML table 7, row 19; page_title=International student fees at AUT - AUT; raw=Master of Engineering | 180 (or 120 points for applicants with an honours degree) | $50,321.60 (for 120 points) ($49,100 tuition fees + $1,221.60 student services levy)"
7008.0,Auckland University of Technology,120,,,Postgraduate,Master,2026,International,50321.6,,per 120 points,official_programme_estimate,https://www.aut.ac.nz/study/fees-and-scholarships/fees-to-study-at-aut/international-student-fees-at-aut,2026-05-14,"International programme fee estimates; linked PDF may contain a cleaner table.; HTML table 7, row 20; page_title=International student fees at AUT - AUT; raw=Master of Engineering Project Management | 120 | $50,321.60 (for 120 points) ($49,100 tuition fees + $1,221.60 student services levy)"
7008.0,Auckland University of Technology,120,,,Postgraduate,Master,2026,International,47121.6,,per 120 points,official_programme_estimate,https://www.aut.ac.nz/study/fees-and-scholarships/fees-to-study-at-aut/international-student-fees-at-aut,2026-05-14,"International programme fee estimates; linked PDF may contain a cleaner table.; HTML table 7, row 21; page_title=International student fees at AUT - AUT; raw=Master of IT Project Management | 120 | $47,121.60 (for 120 points) ($45,900 tuition fees + $1,221.60 student services levy)"
7008.0,Auckland University of Technology,120,,,Postgraduate,Master,2026,International,46521.6,,per 120 points,official_programme_estimate,https://www.aut.ac.nz/study/fees-and-scholarships/fees-to-study-at-aut/international-student-fees-at-aut,2026-05-14,"International programme fee estimates; linked PDF may contain a cleaner table.; HTML table 7, row 22; page_title=International student fees at AUT - AUT; raw=Master of Philosophy | 120 | $46,521.60 (for 120 points) ($45,300 tuition fees + $1,221.60 student services levy)"
7008.0,Auckland University of Technology,180,,,Postgraduate,Master,2026,International,45721.6,,per 120 points,official_programme_estimate,https://www.aut.ac.nz/study/fees-and-scholarships/fees-to-study-at-aut/international-student-fees-at-aut,2026-05-14,"International programme fee estimates; linked PDF may contain a cleaner table.; HTML table 7, row 23; page_title=International student fees at AUT - AUT; raw=Master of Science | 180 | Computing: $45,721.60 (for 120 points) ($44,500 tuition fees + $1,221.60 student services levy) Science: $46,221.60 (for 120 points) ($45,000 tuition fees + $1,221.60 student services levy)"
7008.0,Auckland University of Technology,60,,,Postgraduate,Postgraduate Certificate,2026,International,23510.8,,per 60 points/credits,official_programme_estimate,https://www.aut.ac.nz/study/fees-and-scholarships/fees-to-study-at-aut/international-student-fees-at-aut,2026-05-14,"International programme fee estimates; linked PDF may contain a cleaner table.; HTML table 7, row 24; page_title=International student fees at AUT - AUT; raw=Postgraduate Certificate in Computer and Information Sciences | 60 | $23,510.80 (for 60 points) ($22,900 tuition fees + $610.80 student services levy)"
7008.0,Auckland University of Technology,60,,,Postgraduate,Postgraduate Certificate,2026,International,25210.8,,per 60 points/credits,official_programme_estimate,https://www.aut.ac.nz/study/fees-and-scholarships/fees-to-study-at-aut/international-student-fees-at-aut,2026-05-14,"International programme fee estimates; linked PDF may contain a cleaner table.; HTML table 7, row 25; page_title=International student fees at AUT - AUT; raw=Postgraduate Certificate in Engineering | 60 | $25,210.80 (for 60 points) ($24,600 tuition fees + $610.80 student services levy)"
7008.0,Auckland University of Technology,60,,,Postgraduate,Postgraduate Certificate,2026,International,22910.8,,per 60 points/credits,official_programme_estimate,https://www.aut.ac.nz/study/fees-and-scholarships/fees-to-study-at-aut/international-student-fees-at-aut,2026-05-14,"International programme fee estimates; linked PDF may contain a cleaner table.; HTML table 7, row 26; page_title=International student fees at AUT - AUT; raw=Postgraduate Certificate in Science | 60 | Computing: $22,910.80 (for 60 points) ($22,300 tuition fees + $610.80 student services levy) Science: $23,110.80 (for 60 points) ($22,500 tuition fees + $610.80 student services levy)"
7008.0,Auckland University of Technology,120,,,Postgraduate,Postgraduate Diploma,2026,International,47121.6,,per 120 points,official_programme_estimate,https://www.aut.ac.nz/study/fees-and-scholarships/fees-to-study-at-aut/international-student-fees-at-aut,2026-05-14,"International programme fee estimates; linked PDF may contain a cleaner table.; HTML table 7, row 27; page_title=International student fees at AUT - AUT; raw=Postgraduate Diploma in Computer and Information Sciences | 120 | $47,121.60 (for 120 points) ($45,900 tuition fees + $1,221.60 student services levy)"
7008.0,Auckland University of Technology,120,,,Postgraduate,Postgraduate Diploma,2026,International,49521.6,,per 120 points,official_programme_estimate,https://www.aut.ac.nz/study/fees-and-scholarships/fees-to-study-at-aut/international-student-fees-at-aut,2026-05-14,"International programme fee estimates; linked PDF may contain a cleaner table.; HTML table 7, row 28; page_title=International student fees at AUT - AUT; raw=Postgraduate Diploma in Engineering | 120 | $49,521.60 (for 120 points) ($48,300 tuition fees + $1,221.60 student services levy)"
7008.0,Auckland University of Technology,120,,,Postgraduate,Postgraduate Diploma,2026,International,45721.6,,per 120 points,official_programme_estimate,https://www.aut.ac.nz/study/fees-and-scholarships/fees-to-study-at-aut/international-student-fees-at-aut,2026-05-14,"International programme fee estimates; linked PDF may contain a cleaner table.; HTML table 7, row 29; page_title=International student fees at AUT - AUT; raw=Postgraduate Diploma in Science | 120 | Computing: $45,721.60 (for 120 points) ($44,500 tuition fees + $1,221.60 student services levy) Science: $46,221.60 (for 120 points) ($45,000 tuition fees + $1,221.60 student services levy)"
7008.0,Auckland University of Technology,525,,,Undergraduate,Bachelor,2026,International,39821.6,,per 120 points,official_programme_estimate,https://www.aut.ac.nz/study/fees-and-scholarships/fees-to-study-at-aut/international-student-fees-at-aut,2026-05-14,"International programme fee estimates; linked PDF may contain a cleaner table.; HTML table 8, row 1; page_title=International student fees at AUT - AUT; raw=Bachelor of Business and Bachelor of Health Science in Psychology Conjoint Programmes | 525 | $39,821.60 (for 120 points) ($38,600 tuition fees + $1,221.60 student services levy)"
7008.0,Auckland University of Technology,360,,,Undergraduate,Bachelor,2026,International,40121.6,,per 120 points,official_programme_estimate,https://www.aut.ac.nz/study/fees-and-scholarships/fees-to-study-at-aut/international-student-fees-at-aut,2026-05-14,"International programme fee estimates; linked PDF may contain a cleaner table.; HTML table 8, row 2; page_title=International student fees at AUT - AUT; raw=Bachelor of Health Science | 360 | Standard: $40,121.60 (for 120 points) ($38,900 tuition fees + $1,221.60 student services levy) Paramedicine/Perioperative Practice: $44,221.60 (for 120 points) ($43,000 tuition fees + $1,221.60 student services levy)"
7008.0,Auckland University of Technology,120,,,Undergraduate,Bachelor with Honours,2026,International,46521.6,,per 120 points,official_programme_estimate,https://www.aut.ac.nz/study/fees-and-scholarships/fees-to-study-at-aut/international-student-fees-at-aut,2026-05-14,"International programme fee estimates; linked PDF may contain a cleaner table.; HTML table 8, row 3; page_title=International student fees at AUT - AUT; raw=Bachelor of Health Science (Honours) | 120 | $46,521.60 (for 120 points) ($45,300 tuition fees + $1,221.60 student services levy)"
7008.0,Auckland University of Technology,480,,,Undergraduate,Bachelor,2026,International,45521.6,,per 120 points,official_programme_estimate,https://www.aut.ac.nz/study/fees-and-scholarships/fees-to-study-at-aut/international-student-fees-at-aut,2026-05-14,"International programme fee estimates; linked PDF may contain a cleaner table.; HTML table 8, row 4; page_title=International student fees at AUT - AUT; raw=Bachelor of Health Science (Midwifery) | 480 | $45,521.60 (for 120 points) ($44,300 tuition fees + $1,221.60 student services levy)"
7008.0,Auckland University of Technology,360,,,Undergraduate,Bachelor,2026,International,42821.6,,per 120 points,official_programme_estimate,https://www.aut.ac.nz/study/fees-and-scholarships/fees-to-study-at-aut/international-student-fees-at-aut,2026-05-14,"International programme fee estimates; linked PDF may contain a cleaner table.; HTML table 8, row 5; page_title=International student fees at AUT - AUT; raw=Bachelor of Health Science (Nursing) | 360 | $42,821.60 (for 120 points) ($41,600 tuition fees + $1,221.60 student services levy)"
7008.0,Auckland University of Technology,360,,,Undergraduate,Bachelor,2026,International,40121.6,,per 120 points,official_programme_estimate,https://www.aut.ac.nz/study/fees-and-scholarships/fees-to-study-at-aut/international-student-fees-at-aut,2026-05-14,"International programme fee estimates; linked PDF may contain a cleaner table.; HTML table 8, row 6; page_title=International student fees at AUT - AUT; raw=Bachelor of Health Science (Occupational Therapy) | 360 | $40,121.60 (for 120 points) ($38,900 tuition fees + $1,221.60 student services levy)"
7008.0,Auckland University of Technology,360,,,Undergraduate,Bachelor,2026,International,49121.6,,per 120 points,official_programme_estimate,https://www.aut.ac.nz/study/fees-and-scholarships/fees-to-study-at-aut/international-student-fees-at-aut,2026-05-14,"International programme fee estimates; linked PDF may contain a cleaner table.; HTML table 8, row 7; page_title=International student fees at AUT - AUT; raw=Bachelor of Health Science (Oral Health) | 360 | $49,121.60 (for 120 points) ($47,900 tuition fees + $1,221.60 student services levy)"
7008.0,Auckland University of Technology,480,,,Undergraduate,Bachelor,2026,International,44221.6,,per 120 points,official_programme_estimate,https://www.aut.ac.nz/study/fees-and-scholarships/fees-to-study-at-aut/international-student-fees-at-aut,2026-05-14,"International programme fee estimates; linked PDF may contain a cleaner table.; HTML table 8, row 8; page_title=International student fees at AUT - AUT; raw=Bachelor of Health Science (Physiotherapy) | 480 | $44,221.60 (for 120 points) ($43,000 tuition fees + $1,221.60 student services levy)"
7008.0,Auckland University of Technology,480,,,Undergraduate,Bachelor with Honours,2026,International,46521.6,,per 120 points,official_programme_estimate,https://www.aut.ac.nz/study/fees-and-scholarships/fees-to-study-at-aut/international-student-fees-at-aut,2026-05-14,"International programme fee estimates; linked PDF may contain a cleaner table.; HTML table 8, row 9; page_title=International student fees at AUT - AUT; raw=Bachelor of Health Science (Physiotherapy) (Honours) | 480 | $46,521.60 (for 120 points) ($45,300 tuition fees + $1,221.60 student services levy)"
7008.0,Auckland University of Technology,360,,,Undergraduate,Bachelor,2026,International,44221.6,,per 120 points,official_programme_estimate,https://www.aut.ac.nz/study/fees-and-scholarships/fees-to-study-at-aut/international-student-fees-at-aut,2026-05-14,"International programme fee estimates; linked PDF may contain a cleaner table.; HTML table 8, row 10; page_title=International student fees at AUT - AUT; raw=Bachelor of Health Science (Podiatry) | 360 | $44,221.60 (for 120 points) ($43,000 tuition fees + $1,221.60 student services levy)"
7008.0,Auckland University of Technology,120,,,Diploma,Diploma,2026,International,44321.6,,per 120 points,official_programme_estimate,https://www.aut.ac.nz/study/fees-and-scholarships/fees-to-study-at-aut/international-student-fees-at-aut,2026-05-14,"International programme fee estimates; linked PDF may contain a cleaner table.; HTML table 8, row 11; page_title=International student fees at AUT - AUT; raw=Diploma in Paramedic Science | 120 | $44,321.60 (for 120 points) ($43,100 tuition fees + $1,221.60 student services levy)"
7008.0,Auckland University of Technology,360,,,Doctoral,Doctor of Philosophy,2026,International,9623.6,,per 120 points,official_programme_estimate,https://www.aut.ac.nz/study/fees-and-scholarships/fees-to-study-at-aut/international-student-fees-at-aut,2026-05-14,"International programme fee estimates; linked PDF may contain a cleaner table.; HTML table 8, row 13; page_title=International student fees at AUT - AUT; raw=Doctor of Philosophy (PhD) | 360 | Onshore study in New Zealand: $9,623.60 (for 120 points) ($8,402 tuition fees + $1,221.60 student services levy) Offshore study: $47,321.60 (for 120 points) ($46,100 tuition fees + $1,221.60 student services levy)"
7008.0,Auckland University of Technology,60,,,Postgraduate,Graduate Certificate,2026,International,20210.8,,per 60 points/credits,official_programme_estimate,https://www.aut.ac.nz/study/fees-and-scholarships/fees-to-study-at-aut/international-student-fees-at-aut,2026-05-14,"International programme fee estimates; linked PDF may contain a cleaner table.; HTML table 8, row 14; page_title=International student fees at AUT - AUT; raw=Graduate Certificate in Health Science | 60 | $20,210.80 (for 60 points) ($19,600 tuition fees + $610.80 student services levy)"
7008.0,Auckland University of Technology,120,,,Postgraduate,Graduate Diploma,2026,International,40421.6,,per 120 points,official_programme_estimate,https://www.aut.ac.nz/study/fees-and-scholarships/fees-to-study-at-aut/international-student-fees-at-aut,2026-05-14,"International programme fee estimates; linked PDF may contain a cleaner table.; HTML table 8, row 15; page_title=International student fees at AUT - AUT; raw=Graduate Diploma in Health Science | 120 | $40,421.60 (for 120 points) ($39,200 tuition fees + $1,221.60 student services levy)"
7008.0,Auckland University of Technology,120,,,Postgraduate,Graduate Diploma,2026,International,40421.6,,per 120 points,official_programme_estimate,https://www.aut.ac.nz/study/fees-and-scholarships/fees-to-study-at-aut/international-student-fees-at-aut,2026-05-14,"International programme fee estimates; linked PDF may contain a cleaner table.; HTML table 8, row 16; page_title=International student fees at AUT - AUT; raw=Graduate Diploma in Psychotherapy Studies | 120 | $40,421.60 (for 120 points) ($39,200 tuition fees + $1,221.60 student services levy)"
7008.0,Auckland University of Technology,180,,,Postgraduate,Master,2026,International,46521.6,,per 120 points,official_programme_estimate,https://www.aut.ac.nz/study/fees-and-scholarships/fees-to-study-at-aut/international-student-fees-at-aut,2026-05-14,"International programme fee estimates; linked PDF may contain a cleaner table.; HTML table 8, row 18; page_title=International student fees at AUT - AUT; raw=Master of Disaster Risk Management and Development | 180 | $46,521.60 (for 120 points) ($45,300 tuition fees + $1,221.60 student services levy)"
7008.0,Auckland University of Technology,180,,,Postgraduate,Master,2026,International,46521.6,,per 120 points,official_programme_estimate,https://www.aut.ac.nz/study/fees-and-scholarships/fees-to-study-at-aut/international-student-fees-at-aut,2026-05-14,"International programme fee estimates; linked PDF may contain a cleaner table.; HTML table 8, row 19; page_title=International student fees at AUT - AUT; raw=Master of Health Practice | 180 | $46,521.60 (for 120 points) ($45,300 tuition fees + $1,221.60 student services levy)"
7008.0,Auckland University of Technology,240,,,Postgraduate,Master,2026,International,46521.6,,per 120 points,official_programme_estimate,https://www.aut.ac.nz/study/fees-and-scholarships/fees-to-study-at-aut/international-student-fees-at-aut,2026-05-14,"International programme fee estimates; linked PDF may contain a cleaner table.; HTML table 8, row 20; page_title=International student fees at AUT - AUT; raw=Master of Health Science | 240 | $46,521.60 (for 120 points) ($45,300 tuition fees + $1,221.60 student services levy)"
7008.0,Auckland University of Technology,240,,,Postgraduate,Master,2026,International,47221.6,,per 120 points,official_programme_estimate,https://www.aut.ac.nz/study/fees-and-scholarships/fees-to-study-at-aut/international-student-fees-at-aut,2026-05-14,"International programme fee estimates; linked PDF may contain a cleaner table.; HTML table 8, row 21; page_title=International student fees at AUT - AUT; raw=Master of Nursing Science | 240 | $47,221.60 (for 120 points) ($46,000 tuition fees + $1,221.60 student services levy)"
7008.0,Auckland University of Technology,120,,,Postgraduate,Master,2026,International,46521.6,,per 120 points,official_programme_estimate,https://www.aut.ac.nz/study/fees-and-scholarships/fees-to-study-at-aut/international-student-fees-at-aut,2026-05-14,"International programme fee estimates; linked PDF may contain a cleaner table.; HTML table 8, row 23; page_title=International student fees at AUT - AUT; raw=Master of Philosophy | 120 | $46,521.60 (for 120 points) ($45,300 tuition fees + $1,221.60 student services levy)"
7008.0,Auckland University of Technology,240,,,Postgraduate,Master,2026,International,46521.6,,per 120 points,official_programme_estimate,https://www.aut.ac.nz/study/fees-and-scholarships/fees-to-study-at-aut/international-student-fees-at-aut,2026-05-14,"International programme fee estimates; linked PDF may contain a cleaner table.; HTML table 8, row 24; page_title=International student fees at AUT - AUT; raw=Master of Physiotherapy Practice | 240 | $46,521.60 (for 120 points) ($45,300 tuition fees + $1,221.60 student services levy)"
7008.0,Auckland University of Technology,240,,,Postgraduate,Master,2026,International,53121.6,,per 120 points,official_programme_estimate,https://www.aut.ac.nz/study/fees-and-scholarships/fees-to-study-at-aut/international-student-fees-at-aut,2026-05-14,"International programme fee estimates; linked PDF may contain a cleaner table.; HTML table 8, row 25; page_title=International student fees at AUT - AUT; raw=Master of Psychotherapy | 240 | $53,121.60 (for 120 points) ($51,900 tuition fees + $1,221.60 student services levy)"
7008.0,Auckland University of Technology,240,,,Postgraduate,Master,2026,International,46521.6,,per 120 points,official_programme_estimate,https://www.aut.ac.nz/study/fees-and-scholarships/fees-to-study-at-aut/international-student-fees-at-aut,2026-05-14,"International programme fee estimates; linked PDF may contain a cleaner table.; HTML table 8, row 26; page_title=International student fees at AUT - AUT; raw=Master of Public Health | 240 | $46,521.60 (for 120 points) ($45,300 tuition fees + $1,221.60 student services levy)"
7008.0,Auckland University of Technology,60,,,Postgraduate,Postgraduate Certificate,2026,International,23310.8,,per 60 points/credits,official_programme_estimate,https://www.aut.ac.nz/study/fees-and-scholarships/fees-to-study-at-aut/international-student-fees-at-aut,2026-05-14,"International programme fee estimates; linked PDF may contain a cleaner table.; HTML table 8, row 27; page_title=International student fees at AUT - AUT; raw=Postgraduate Certificate in Advanced Nursing Practice | 60 | $23,310.80 (for 60 points) ($22,700 tuition fees + $610.80 student services levy)"
7008.0,Auckland University of Technology,60,,,Postgraduate,Postgraduate Certificate,2026,International,23310.8,,per 60 points/credits,official_programme_estimate,https://www.aut.ac.nz/study/fees-and-scholarships/fees-to-study-at-aut/international-student-fees-at-aut,2026-05-14,"International programme fee estimates; linked PDF may contain a cleaner table.; HTML table 8, row 28; page_title=International student fees at AUT - AUT; raw=Postgraduate Certificate in Disaster Risk Management and Development | 60 | $23,310.80 (for 60 points) ($22,700 tuition fees + $610.80 student services levy)"
7008.0,Auckland University of Technology,60,,,Postgraduate,Postgraduate Certificate,2026,International,23310.8,,per 60 points/credits,official_programme_estimate,https://www.aut.ac.nz/study/fees-and-scholarships/fees-to-study-at-aut/international-student-fees-at-aut,2026-05-14,"International programme fee estimates; linked PDF may contain a cleaner table.; HTML table 8, row 29; page_title=International student fees at AUT - AUT; raw=Postgraduate Certificate in Health Science | 60 | $23,310.80 (for 60 points) ($22,700 tuition fees + $610.80 student services levy)"
7008.0,Auckland University of Technology,60,,,Postgraduate,Postgraduate Certificate,2026,International,23310.8,,per 60 points/credits,official_programme_estimate,https://www.aut.ac.nz/study/fees-and-scholarships/fees-to-study-at-aut/international-student-fees-at-aut,2026-05-14,"International programme fee estimates; linked PDF may contain a cleaner table.; HTML table 8, row 30; page_title=International student fees at AUT - AUT; raw=Postgraduate Certificate in Public Health | 60 | $23,310.80 (for 60 points) ($22,700 tuition fees + $610.80 student services levy)"
7008.0,Auckland University of Technology,120,,,Postgraduate,Postgraduate Diploma,2026,International,46521.6,,per 120 points,official_programme_estimate,https://www.aut.ac.nz/study/fees-and-scholarships/fees-to-study-at-aut/international-student-fees-at-aut,2026-05-14,"International programme fee estimates; linked PDF may contain a cleaner table.; HTML table 8, row 31; page_title=International student fees at AUT - AUT; raw=Postgraduate Diploma in Counselling Psychology | 120 | $46,521.60 (for 120 points) ($45,300 tuition fees + $1,221.60 student services levy)"
7008.0,Auckland University of Technology,120,,,Postgraduate,Postgraduate Diploma,2026,International,46521.6,,per 120 points,official_programme_estimate,https://www.aut.ac.nz/study/fees-and-scholarships/fees-to-study-at-aut/international-student-fees-at-aut,2026-05-14,"International programme fee estimates; linked PDF may contain a cleaner table.; HTML table 8, row 32; page_title=International student fees at AUT - AUT; raw=Postgraduate Diploma in Disaster Risk Management and Development | 120 | $46,521.60 (for 120 points) ($45,300 tuition fees + $1,221.60 student services levy)"
7008.0,Auckland University of Technology,120,,,Postgraduate,Postgraduate Diploma,2026,International,46521.6,,per 120 points,official_programme_estimate,https://www.aut.ac.nz/study/fees-and-scholarships/fees-to-study-at-aut/international-student-fees-at-aut,2026-05-14,"International programme fee estimates; linked PDF may contain a cleaner table.; HTML table 8, row 33; page_title=International student fees at AUT - AUT; raw=Postgraduate Diploma in Health Science | 120 | $46,521.60 (for 120 points) ($45,300 tuition fees + $1,221.60 student services levy)"
7008.0,Auckland University of Technology,120,,,Postgraduate,Postgraduate Diploma,2026,International,46521.6,,per 120 points,official_programme_estimate,https://www.aut.ac.nz/study/fees-and-scholarships/fees-to-study-at-aut/international-student-fees-at-aut,2026-05-14,"International programme fee estimates; linked PDF may contain a cleaner table.; HTML table 8, row 35; page_title=International student fees at AUT - AUT; raw=Postgraduate Diploma in Public Health | 120 | $46,521.60 (for 120 points) ($45,300 tuition fees + $1,221.60 student services levy)"
7008.0,Auckland University of Technology,120,,,Postgraduate,Postgraduate Diploma,2026,International,46521.6,,per 120 points,official_programme_estimate,https://www.aut.ac.nz/study/fees-and-scholarships/fees-to-study-at-aut/international-student-fees-at-aut,2026-05-14,"International programme fee estimates; linked PDF may contain a cleaner table.; HTML table 8, row 36; page_title=International student fees at AUT - AUT; raw=Postgraduate Diploma in Registered Nurse Prescribing | 120 | $46,521.60 (for 120 points) ($45,300 tuition fees + $1,221.60 student services levy)"
7008.0,Auckland University of Technology,360,,,Undergraduate,Bachelor,2026,International,36521.6,,per 120 points,official_programme_estimate,https://www.aut.ac.nz/study/fees-and-scholarships/fees-to-study-at-aut/international-student-fees-at-aut,2026-05-14,"International programme fee estimates; linked PDF may contain a cleaner table.; HTML table 9, row 1; page_title=International student fees at AUT - AUT; raw=Bachelor of Arts | 360 | $36,521.60 (for 120 points) ($35,300 tuition fees + $1,221.60 student services levy)"
7008.0,Auckland University of Technology,120,,,Undergraduate,Bachelor with Honours,2026,International,38721.6,,per 120 points,official_programme_estimate,https://www.aut.ac.nz/study/fees-and-scholarships/fees-to-study-at-aut/international-student-fees-at-aut,2026-05-14,"International programme fee estimates; linked PDF may contain a cleaner table.; HTML table 9, row 2; page_title=International student fees at AUT - AUT; raw=Bachelor of Arts (Honours) | 120 | $38,721.60 (for 120 points) ($37,500 tuition fees + $1,221.60 student services levy)"
7008.0,Auckland University of Technology,510,,,Undergraduate,Bachelor,2026,International,39121.6,,per 120 points,official_programme_estimate,https://www.aut.ac.nz/study/fees-and-scholarships/fees-to-study-at-aut/international-student-fees-at-aut,2026-05-14,"International programme fee estimates; linked PDF may contain a cleaner table.; HTML table 9, row 3; page_title=International student fees at AUT - AUT; raw=Bachelor of Arts and Bachelor of Business Conjoint Programmes | 510 | $39,121.60 (for 120 points) ($37,900 tuition fees + $1,221.60 student services levy)"
7008.0,Auckland University of Technology,510,,,Undergraduate,Bachelor,2026,International,42221.6,,per 120 points,official_programme_estimate,https://www.aut.ac.nz/study/fees-and-scholarships/fees-to-study-at-aut/international-student-fees-at-aut,2026-05-14,"International programme fee estimates; linked PDF may contain a cleaner table.; HTML table 9, row 4; page_title=International student fees at AUT - AUT; raw=Bachelor of Arts and Bachelor of Computer and Information Sciences Conjoint Programmes | 510 | $42,221.60 (for 120 points) ($41,000 tuition fees + $1,221.60 student services levy)"
7008.0,Auckland University of Technology,510,,,Undergraduate,Bachelor,2026,International,41421.6,,per 120 points,official_programme_estimate,https://www.aut.ac.nz/study/fees-and-scholarships/fees-to-study-at-aut/international-student-fees-at-aut,2026-05-14,"International programme fee estimates; linked PDF may contain a cleaner table.; HTML table 9, row 5; page_title=International student fees at AUT - AUT; raw=Bachelor of Business and Bachelor of International Hospitality Management Conjoint Programmes | 510 | $41,421.60 (for 120 points) ($40,200 tuition fees + $1,221.60 student services levy)"
7008.0,Auckland University of Technology,360,,,Undergraduate,Bachelor,2026,International,39521.6,,per 120 points,official_programme_estimate,https://www.aut.ac.nz/study/fees-and-scholarships/fees-to-study-at-aut/international-student-fees-at-aut,2026-05-14,"International programme fee estimates; linked PDF may contain a cleaner table.; HTML table 9, row 6; page_title=International student fees at AUT - AUT; raw=Bachelor of International Hospitality Management | 360 | $39,521.60 (for 120 points) ($38,300 tuition fees + $1,221.60 student services levy)"
7008.0,Auckland University of Technology,60,,,Certificate,Certificate,2026,International,18410.8,,per 60 points/credits,official_programme_estimate,https://www.aut.ac.nz/study/fees-and-scholarships/fees-to-study-at-aut/international-student-fees-at-aut,2026-05-14,"International programme fee estimates; linked PDF may contain a cleaner table.; HTML table 9, row 7; page_title=International student fees at AUT - AUT; raw=Certificate in Arts | 60 | $18,410.80 (for 60 points) ($17,800 tuition fees + $610.80 student services levy)"
7008.0,Auckland University of Technology,120,,,Diploma,Diploma,2026,International,36621.6,,per 120 points,official_programme_estimate,https://www.aut.ac.nz/study/fees-and-scholarships/fees-to-study-at-aut/international-student-fees-at-aut,2026-05-14,"International programme fee estimates; linked PDF may contain a cleaner table.; HTML table 9, row 8; page_title=International student fees at AUT - AUT; raw=Diploma in Arts | 120 | $36,621.60 (for 120 points) ($35,400 tuition fees + $1,221.60 student services levy)"
7008.0,Auckland University of Technology,240,,,Diploma,Diploma,2026,International,36821.6,,per 120 points,official_programme_estimate,https://www.aut.ac.nz/study/fees-and-scholarships/fees-to-study-at-aut/international-student-fees-at-aut,2026-05-14,"International programme fee estimates; linked PDF may contain a cleaner table.; HTML table 9, row 9; page_title=International student fees at AUT - AUT; raw=Diploma in Culinary Arts | 240 | $36,821.60 (for 120 points) ($35,600 tuition fees + $1,221.60 student services levy)"
7008.0,Auckland University of Technology,240,,,Diploma,Diploma,2026,International,36821.6,,per 120 points,official_programme_estimate,https://www.aut.ac.nz/study/fees-and-scholarships/fees-to-study-at-aut/international-student-fees-at-aut,2026-05-14,"International programme fee estimates; linked PDF may contain a cleaner table.; HTML table 9, row 10; page_title=International student fees at AUT - AUT; raw=Diploma in Pâtisserie | 240 | $36,821.60 (for 120 points) ($35,600 tuition fees + $1,221.60 student services levy)"
7008.0,Auckland University of Technology,360,,,Doctoral,Doctor of Philosophy,2026,International,9623.6,,per 120 points,official_programme_estimate,https://www.aut.ac.nz/study/fees-and-scholarships/fees-to-study-at-aut/international-student-fees-at-aut,2026-05-14,"International programme fee estimates; linked PDF may contain a cleaner table.; HTML table 9, row 11; page_title=International student fees at AUT - AUT; raw=Doctor of Philosophy (PhD) | 360 | Onshore study in New Zealand: $9,623.60 (for 120 points) ($8,402 tuition fees + $1,221.60 student services levy) Offshore study: $47,321.60 (for 120 points) ($46,100 tuition fees + $1,221.60 student services levy)"
7008.0,Auckland University of Technology,60,,,Postgraduate,Graduate Certificate,2026,International,18310.8,,per 60 points/credits,official_programme_estimate,https://www.aut.ac.nz/study/fees-and-scholarships/fees-to-study-at-aut/international-student-fees-at-aut,2026-05-14,"International programme fee estimates; linked PDF may contain a cleaner table.; HTML table 9, row 12; page_title=International student fees at AUT - AUT; raw=Graduate Certificate in Arts | 60 | $18,310.80 (for 60 points) ($17,700 tuition fees + $610.80 student services levy)"
7008.0,Auckland University of Technology,60,,,Postgraduate,Graduate Certificate,2026,International,19810.8,,per 60 points/credits,official_programme_estimate,https://www.aut.ac.nz/study/fees-and-scholarships/fees-to-study-at-aut/international-student-fees-at-aut,2026-05-14,"International programme fee estimates; linked PDF may contain a cleaner table.; HTML table 9, row 13; page_title=International student fees at AUT - AUT; raw=Graduate Certificate in International Hospitality Management | 60 | $19,810.80 (for 60 points) ($19,200 tuition fees + $610.80 student services levy)"
7008.0,Auckland University of Technology,120,,,Postgraduate,Graduate Diploma,2026,International,36521.6,,per 120 points,official_programme_estimate,https://www.aut.ac.nz/study/fees-and-scholarships/fees-to-study-at-aut/international-student-fees-at-aut,2026-05-14,"International programme fee estimates; linked PDF may contain a cleaner table.; HTML table 9, row 14; page_title=International student fees at AUT - AUT; raw=Graduate Diploma in Arts | 120 | $36,521.60 (for 120 points) ($35,300 tuition fees + $1,221.60 student services levy)"
7008.0,Auckland University of Technology,120,,,Postgraduate,Graduate Diploma,2026,International,39521.6,,per 120 points,official_programme_estimate,https://www.aut.ac.nz/study/fees-and-scholarships/fees-to-study-at-aut/international-student-fees-at-aut,2026-05-14,"International programme fee estimates; linked PDF may contain a cleaner table.; HTML table 9, row 15; page_title=International student fees at AUT - AUT; raw=Graduate Diploma in International Hospitality Management | 120 | $39,521.60 (for 120 points) ($38,300 tuition fees + $1,221.60 student services levy)"
7008.0,Auckland University of Technology,180,,,Postgraduate,Master,2026,International,39121.6,,per 120 points,official_programme_estimate,https://www.aut.ac.nz/study/fees-and-scholarships/fees-to-study-at-aut/international-student-fees-at-aut,2026-05-14,"International programme fee estimates; linked PDF may contain a cleaner table.; HTML table 9, row 16; page_title=International student fees at AUT - AUT; raw=Master of Gastronomy | 180 | $39,121.60 (for 120 points) ($37,900 tuition fees + $1,221.60 student services levy)"
7008.0,Auckland University of Technology,180,,,Postgraduate,Master,2026,International,40821.6,,per 120 points,official_programme_estimate,https://www.aut.ac.nz/study/fees-and-scholarships/fees-to-study-at-aut/international-student-fees-at-aut,2026-05-14,"International programme fee estimates; linked PDF may contain a cleaner table.; HTML table 9, row 17; page_title=International student fees at AUT - AUT; raw=Master of International Hospitality Management | 180 | $40,821.60 (for 120 points) ($39,600 tuition fees + $1,221.60 student services levy)"
7008.0,Auckland University of Technology,180,,,Postgraduate,Master,2026,International,40821.6,,per 120 points,official_programme_estimate,https://www.aut.ac.nz/study/fees-and-scholarships/fees-to-study-at-aut/international-student-fees-at-aut,2026-05-14,"International programme fee estimates; linked PDF may contain a cleaner table.; HTML table 9, row 18; page_title=International student fees at AUT - AUT; raw=Master of International Tourism Management | 180 | $40,821.60 (for 120 points) ($39,600 tuition fees + $1,221.60 student services levy)"
7008.0,Auckland University of Technology,120,,,Postgraduate,Master,2026,International,46521.6,,per 120 points,official_programme_estimate,https://www.aut.ac.nz/study/fees-and-scholarships/fees-to-study-at-aut/international-student-fees-at-aut,2026-05-14,"International programme fee estimates; linked PDF may contain a cleaner table.; HTML table 9, row 19; page_title=International student fees at AUT - AUT; raw=Master of Philosophy | 120 | $46,521.60 (for 120 points) ($45,300 tuition fees + $1,221.60 student services levy)"
7008.0,Auckland University of Technology,60,,,Postgraduate,Postgraduate Certificate,2026,International,19610.8,,per 60 points/credits,official_programme_estimate,https://www.aut.ac.nz/study/fees-and-scholarships/fees-to-study-at-aut/international-student-fees-at-aut,2026-05-14,"International programme fee estimates; linked PDF may contain a cleaner table.; HTML table 9, row 20; page_title=International student fees at AUT - AUT; raw=Postgraduate Certificate in Gastronomy | 60 | $19,610.80 (for 60 points) ($19,000 tuition fees + $610.80 student services levy)"
7008.0,Auckland University of Technology,60,,,Postgraduate,Postgraduate Certificate,2026,International,20310.8,,per 60 points/credits,official_programme_estimate,https://www.aut.ac.nz/study/fees-and-scholarships/fees-to-study-at-aut/international-student-fees-at-aut,2026-05-14,"International programme fee estimates; linked PDF may contain a cleaner table.; HTML table 9, row 21; page_title=International student fees at AUT - AUT; raw=Postgraduate Certificate in International Hospitality Management | 60 | $20,310.80 (for 60 points) ($19,700 tuition fees + $610.80 student services levy)"
7008.0,Auckland University of Technology,60,,,Postgraduate,Postgraduate Certificate,2026,International,20310.8,,per 60 points/credits,official_programme_estimate,https://www.aut.ac.nz/study/fees-and-scholarships/fees-to-study-at-aut/international-student-fees-at-aut,2026-05-14,"International programme fee estimates; linked PDF may contain a cleaner table.; HTML table 9, row 22; page_title=International student fees at AUT - AUT; raw=Postgraduate Certificate in International Tourism Management | 60 | $20,310.80 (for 60 points) ($19,700 tuition fees + $610.80 student services levy)"
7008.0,Auckland University of Technology,120,,,Postgraduate,Postgraduate Diploma,2026,International,39121.6,,per 120 points,official_programme_estimate,https://www.aut.ac.nz/study/fees-and-scholarships/fees-to-study-at-aut/international-student-fees-at-aut,2026-05-14,"International programme fee estimates; linked PDF may contain a cleaner table.; HTML table 9, row 23; page_title=International student fees at AUT - AUT; raw=Postgraduate Diploma in Gastronomy | 120 | $39,121.60 (for 120 points) ($37,900 tuition fees + $1,221.60 student services levy)"
7008.0,Auckland University of Technology,120,,,Postgraduate,Postgraduate Diploma,2026,International,40821.6,,per 120 points,official_programme_estimate,https://www.aut.ac.nz/study/fees-and-scholarships/fees-to-study-at-aut/international-student-fees-at-aut,2026-05-14,"International programme fee estimates; linked PDF may contain a cleaner table.; HTML table 9, row 24; page_title=International student fees at AUT - AUT; raw=Postgraduate Diploma in International Hospitality Management | 120 | $40,821.60 (for 120 points) ($39,600 tuition fees + $1,221.60 student services levy)"
7008.0,Auckland University of Technology,120,,,Postgraduate,Postgraduate Diploma,2026,International,40821.6,,per 120 points,official_programme_estimate,https://www.aut.ac.nz/study/fees-and-scholarships/fees-to-study-at-aut/international-student-fees-at-aut,2026-05-14,"International programme fee estimates; linked PDF may contain a cleaner table.; HTML table 9, row 25; page_title=International student fees at AUT - AUT; raw=Postgraduate Diploma in International Tourism Management | 120 | $40,821.60 (for 120 points) ($39,600 tuition fees + $1,221.60 student services levy)"
7008.0,Auckland University of Technology,360,,,Undergraduate,Bachelor,2026,International,36521.6,,per 120 points,official_programme_estimate,https://www.aut.ac.nz/study/fees-and-scholarships/fees-to-study-at-aut/international-student-fees-at-aut,2026-05-14,"International programme fee estimates; linked PDF may contain a cleaner table.; HTML table 10, row 1; page_title=International student fees at AUT - AUT; raw=Bachelor of Arts | 360 | $36,521.60 (for 120 points) ($35,300 tuition fees + $1,221.60 student services levy)"
7008.0,Auckland University of Technology,120,,,Undergraduate,Bachelor with Honours,2026,International,38721.6,,per 120 points,official_programme_estimate,https://www.aut.ac.nz/study/fees-and-scholarships/fees-to-study-at-aut/international-student-fees-at-aut,2026-05-14,"International programme fee estimates; linked PDF may contain a cleaner table.; HTML table 10, row 2; page_title=International student fees at AUT - AUT; raw=Bachelor of Arts (Honours) | 120 | $38,721.60 (for 120 points) ($37,500 tuition fees + $1,221.60 student services levy)"
7008.0,Auckland University of Technology,510,,,Undergraduate,Bachelor,2026,International,39121.6,,per 120 points,official_programme_estimate,https://www.aut.ac.nz/study/fees-and-scholarships/fees-to-study-at-aut/international-student-fees-at-aut,2026-05-14,"International programme fee estimates; linked PDF may contain a cleaner table.; HTML table 10, row 3; page_title=International student fees at AUT - AUT; raw=Bachelor of Arts and Bachelor of Business Conjoint Programmes | 510 | $39,121.60 (for 120 points) ($37,900 tuition fees + $1,221.60 student services levy)"
7008.0,Auckland University of Technology,510,,,Undergraduate,Bachelor,2026,International,42221.6,,per 120 points,official_programme_estimate,https://www.aut.ac.nz/study/fees-and-scholarships/fees-to-study-at-aut/international-student-fees-at-aut,2026-05-14,"International programme fee estimates; linked PDF may contain a cleaner table.; HTML table 10, row 4; page_title=International student fees at AUT - AUT; raw=Bachelor of Arts and Bachelor of Computer and Information Sciences Conjoint Programmes | 510 | $42,221.60 (for 120 points) ($41,000 tuition fees + $1,221.60 student services levy)"
7008.0,Auckland University of Technology,60,,,Certificate,Certificate,2026,International,18410.8,,per 60 points/credits,official_programme_estimate,https://www.aut.ac.nz/study/fees-and-scholarships/fees-to-study-at-aut/international-student-fees-at-aut,2026-05-14,"International programme fee estimates; linked PDF may contain a cleaner table.; HTML table 10, row 5; page_title=International student fees at AUT - AUT; raw=Certificate in Arts | 60 | $18,410.80 (for 60 points) ($17,800 tuition fees + $610.80 student services levy)"
7008.0,Auckland University of Technology,120,,,Diploma,Diploma,2026,International,36621.6,,per 120 points,official_programme_estimate,https://www.aut.ac.nz/study/fees-and-scholarships/fees-to-study-at-aut/international-student-fees-at-aut,2026-05-14,"International programme fee estimates; linked PDF may contain a cleaner table.; HTML table 10, row 6; page_title=International student fees at AUT - AUT; raw=Diploma in Arts | 120 | $36,621.60 (for 120 points) ($35,400 tuition fees + $1,221.60 student services levy)"
7008.0,Auckland University of Technology,360,,,Doctoral,Doctor of Philosophy,2026,International,9623.6,,per 120 points,official_programme_estimate,https://www.aut.ac.nz/study/fees-and-scholarships/fees-to-study-at-aut/international-student-fees-at-aut,2026-05-14,"International programme fee estimates; linked PDF may contain a cleaner table.; HTML table 10, row 7; page_title=International student fees at AUT - AUT; raw=Doctor of Philosophy (PhD) | 360 | Onshore study in New Zealand: $9,623.60 (for 120 points) ($8,402 tuition fees + $1,221.60 student services levy) Offshore study: $47,321.60 (for 120 points) ($46,100 tuition fees + $1,221.60 student services levy)"
7008.0,Auckland University of Technology,60,,,Postgraduate,Graduate Certificate,2026,International,18310.8,,per 60 points/credits,official_programme_estimate,https://www.aut.ac.nz/study/fees-and-scholarships/fees-to-study-at-aut/international-student-fees-at-aut,2026-05-14,"International programme fee estimates; linked PDF may contain a cleaner table.; HTML table 10, row 8; page_title=International student fees at AUT - AUT; raw=Graduate Certificate in Arts | 60 | $18,310.80 (for 60 points) ($17,700 tuition fees + $610.80 student services levy)"
7008.0,Auckland University of Technology,120,,,Postgraduate,Graduate Diploma,2026,International,36521.6,,per 120 points,official_programme_estimate,https://www.aut.ac.nz/study/fees-and-scholarships/fees-to-study-at-aut/international-student-fees-at-aut,2026-05-14,"International programme fee estimates; linked PDF may contain a cleaner table.; HTML table 10, row 9; page_title=International student fees at AUT - AUT; raw=Graduate Diploma in Arts | 120 | $36,521.60 (for 120 points) ($35,300 tuition fees + $1,221.60 student services levy)"
7008.0,Auckland University of Technology,240,,,Postgraduate,Master,2026,International,38721.6,,per 120 points,official_programme_estimate,https://www.aut.ac.nz/study/fees-and-scholarships/fees-to-study-at-aut/international-student-fees-at-aut,2026-05-14,"International programme fee estimates; linked PDF may contain a cleaner table.; HTML table 10, row 10; page_title=International student fees at AUT - AUT; raw=Master of Arts | 240 | $38,721.60 (for 120 points) ($37,500 tuition fees + $1,221.60 student services levy)"
7008.0,Auckland University of Technology,120,,,Postgraduate,Master,2026,International,46521.6,,per 120 points,official_programme_estimate,https://www.aut.ac.nz/study/fees-and-scholarships/fees-to-study-at-aut/international-student-fees-at-aut,2026-05-14,"International programme fee estimates; linked PDF may contain a cleaner table.; HTML table 10, row 11; page_title=International student fees at AUT - AUT; raw=Master of Philosophy | 120 | $46,521.60 (for 120 points) ($45,300 tuition fees + $1,221.60 student services levy)"
7008.0,Auckland University of Technology,360,,,Undergraduate,Bachelor,2026,International,36021.6,,per 120 points,official_programme_estimate,https://www.aut.ac.nz/study/fees-and-scholarships/fees-to-study-at-aut/international-student-fees-at-aut,2026-05-14,"International programme fee estimates; linked PDF may contain a cleaner table.; HTML table 10, row 12; page_title=International student fees at AUT - AUT; raw=New Zealand Sign Language - English Interpreting Major - Bachelor of Arts | 360 | $36,021.60 (for 120 points) ($34,800 tuition fees + $1,221.60 student services levy)"
7008.0,Auckland University of Technology,480,,,Undergraduate,Bachelor,2026,International,40021.6,,per 120 points,official_programme_estimate,https://www.aut.ac.nz/study/fees-and-scholarships/fees-to-study-at-aut/international-student-fees-at-aut,2026-05-14,"International programme fee estimates; linked PDF may contain a cleaner table.; HTML table 11, row 1; page_title=International student fees at AUT - AUT; raw=Bachelor of Laws | 480 | $40,021.60 (for 120 points) ($38,800 tuition fees + $1,221.60 student services levy)"
7008.0,Auckland University of Technology,540,,,Undergraduate,Bachelor with Honours,2026,International,41821.6,,per 120 points,official_programme_estimate,https://www.aut.ac.nz/study/fees-and-scholarships/fees-to-study-at-aut/international-student-fees-at-aut,2026-05-14,"International programme fee estimates; linked PDF may contain a cleaner table.; HTML table 11, row 2; page_title=International student fees at AUT - AUT; raw=Bachelor of Laws (Honours) | 540 | $41,821.60 (for 120 points) ($40,600 tuition fees + $1,221.60 student services levy)"
7008.0,Auckland University of Technology,60,,,Certificate,Certificate,2026,International,19010.8,,per 60 points/credits,official_programme_estimate,https://www.aut.ac.nz/study/fees-and-scholarships/fees-to-study-at-aut/international-student-fees-at-aut,2026-05-14,"International programme fee estimates; linked PDF may contain a cleaner table.; HTML table 11, row 3; page_title=International student fees at AUT - AUT; raw=Certificate in Legal Studies | 60 | $19,010.80 (for 60 points) ($18,400 tuition fees + $610.80 student services levy)"
7008.0,Auckland University of Technology,360,,,Doctoral,Doctor of Philosophy,2026,International,9623.6,,per 120 points,official_programme_estimate,https://www.aut.ac.nz/study/fees-and-scholarships/fees-to-study-at-aut/international-student-fees-at-aut,2026-05-14,"International programme fee estimates; linked PDF may contain a cleaner table.; HTML table 11, row 4; page_title=International student fees at AUT - AUT; raw=Doctor of Philosophy (PhD) | 360 | Onshore study in New Zealand: $9,623.60 (for 120 points) ($8,402 tuition fees + $1,221.60 student services levy) Offshore study: $47,321.60 (for 120 points) ($46,100 tuition fees + $1,221.60 student services levy)"
7008.0,Auckland University of Technology,120,,,Postgraduate,Master,2026,International,41821.6,,per 120 points,official_programme_estimate,https://www.aut.ac.nz/study/fees-and-scholarships/fees-to-study-at-aut/international-student-fees-at-aut,2026-05-14,"International programme fee estimates; linked PDF may contain a cleaner table.; HTML table 11, row 5; page_title=International student fees at AUT - AUT; raw=Master of Laws | 120 | $41,821.60 (for 120 points) ($40,600 tuition fees + $1,221.60 student services levy)"
7008.0,Auckland University of Technology,120,,,Postgraduate,Master,2026,International,46521.6,,per 120 points,official_programme_estimate,https://www.aut.ac.nz/study/fees-and-scholarships/fees-to-study-at-aut/international-student-fees-at-aut,2026-05-14,"International programme fee estimates; linked PDF may contain a cleaner table.; HTML table 11, row 6; page_title=International student fees at AUT - AUT; raw=Master of Philosophy | 120 | $46,521.60 (for 120 points) ($45,300 tuition fees + $1,221.60 student services levy)"
7008.0,Auckland University of Technology,60,,,Postgraduate,Postgraduate Certificate,2026,International,21010.8,,per 60 points/credits,official_programme_estimate,https://www.aut.ac.nz/study/fees-and-scholarships/fees-to-study-at-aut/international-student-fees-at-aut,2026-05-14,"International programme fee estimates; linked PDF may contain a cleaner table.; HTML table 11, row 7; page_title=International student fees at AUT - AUT; raw=Postgraduate Certificate in Law | 60 | $21,010.80 (for 60 points) ($20,400 tuition fees + $610.80 student services levy)"
7008.0,Auckland University of Technology,480,,,Undergraduate,Bachelor,2026,International,46621.6,,per 120 points,official_programme_estimate,https://www.aut.ac.nz/study/fees-and-scholarships/fees-to-study-at-aut/international-student-fees-at-aut,2026-05-14,"International programme fee estimates; linked PDF may contain a cleaner table.; HTML table 12, row 1; page_title=International student fees at AUT - AUT; raw=Bachelor of Medical Laboratory Science | 480 | $46,621.60 (for 120 points) ($45,400 tuition fees + $1,221.60 student services levy)"
7008.0,Auckland University of Technology,360,,,Undergraduate,Bachelor,2026,International,42321.6,,per 120 points,official_programme_estimate,https://www.aut.ac.nz/study/fees-and-scholarships/fees-to-study-at-aut/international-student-fees-at-aut,2026-05-14,"International programme fee estimates; linked PDF may contain a cleaner table.; HTML table 12, row 2; page_title=International student fees at AUT - AUT; raw=Bachelor of Science | 360 | Computing: $42,321.60 (for 120 points) ($41,100 tuition fees + $1,221.60 student services levy) Science: $42,721.60 (for 120 points) ($41,500 tuition fees + $1,221.60 student services levy)"
7008.0,Auckland University of Technology,120,,,Undergraduate,Bachelor with Honours,2026,International,43521.6,,per 120 points,official_programme_estimate,https://www.aut.ac.nz/study/fees-and-scholarships/fees-to-study-at-aut/international-student-fees-at-aut,2026-05-14,"International programme fee estimates; linked PDF may contain a cleaner table.; HTML table 12, row 3; page_title=International student fees at AUT - AUT; raw=Bachelor of Science (Honours) | 120 | Computing: $43,521.60 (for 120 points) ($42,300 tuition fees + $1,221.60 student services levy) Science: $46,221.60 (for 120 points) ($45,000 tuition fees + $1,221.60 student services levy)"
7008.0,Auckland University of Technology,120,,,Certificate,Certificate,2026,International,40821.6,,per 120 points,official_programme_estimate,https://www.aut.ac.nz/study/fees-and-scholarships/fees-to-study-at-aut/international-student-fees-at-aut,2026-05-14,"International programme fee estimates; linked PDF may contain a cleaner table.; HTML table 12, row 4; page_title=International student fees at AUT - AUT; raw=Certificate in Applied Science | 120 | $40,821.60 (for 120 points) ($39,600 tuition fees + $1,221.60 student services levy)"
7008.0,Auckland University of Technology,120,,,Diploma,Diploma,2026,International,40821.6,,per 120 points,official_programme_estimate,https://www.aut.ac.nz/study/fees-and-scholarships/fees-to-study-at-aut/international-student-fees-at-aut,2026-05-14,"International programme fee estimates; linked PDF may contain a cleaner table.; HTML table 12, row 5; page_title=International student fees at AUT - AUT; raw=Diploma in Science | 120 | $40,821.60 (for 120 points) ($39,600 tuition fees + $1,221.60 student services levy)"
7008.0,Auckland University of Technology,360,,,Doctoral,Doctor of Philosophy,2026,International,9623.6,,per 120 points,official_programme_estimate,https://www.aut.ac.nz/study/fees-and-scholarships/fees-to-study-at-aut/international-student-fees-at-aut,2026-05-14,"International programme fee estimates; linked PDF may contain a cleaner table.; HTML table 12, row 6; page_title=International student fees at AUT - AUT; raw=Doctor of Philosophy (PhD) | 360 | Onshore study in New Zealand: $9,623.60 (for 120 points) ($8,402 tuition fees + $1,221.60 student services levy) Offshore study: $47,321.60 (for 120 points) ($46,100 tuition fees + $1,221.60 student services levy)"
7008.0,Auckland University of Technology,60,,,Postgraduate,Graduate Certificate,2026,International,21210.8,,per 60 points/credits,official_programme_estimate,https://www.aut.ac.nz/study/fees-and-scholarships/fees-to-study-at-aut/international-student-fees-at-aut,2026-05-14,"International programme fee estimates; linked PDF may contain a cleaner table.; HTML table 12, row 7; page_title=International student fees at AUT - AUT; raw=Graduate Certificate in Science | 60 | Computing: $21,210.80 (for 60 points) ($20,600 tuition fees + $610.80 student services levy) Science: $21,410.80 (for 60 points) ($20,800 tuition fees + $610.80 student services levy)"
7008.0,Auckland University of Technology,120,,,Postgraduate,Graduate Diploma,2026,International,42321.6,,per 120 points,official_programme_estimate,https://www.aut.ac.nz/study/fees-and-scholarships/fees-to-study-at-aut/international-student-fees-at-aut,2026-05-14,"International programme fee estimates; linked PDF may contain a cleaner table.; HTML table 12, row 8; page_title=International student fees at AUT - AUT; raw=Graduate Diploma in Science | 120 | Computing: $42,321.60 (for 120 points) ($41,100 tuition fees + $1,221.60 student services levy) Science: $42,721.60 (for 120 points) ($41,500 tuition fees + $1,221.60 student services levy)"
7008.0,Auckland University of Technology,240,,,Postgraduate,Master,2026,International,48021.6,,per 120 points,official_programme_estimate,https://www.aut.ac.nz/study/fees-and-scholarships/fees-to-study-at-aut/international-student-fees-at-aut,2026-05-14,"International programme fee estimates; linked PDF may contain a cleaner table.; HTML table 12, row 9; page_title=International student fees at AUT - AUT; raw=Master of Medical Laboratory Science | 240 | $48,021.60 (for 120 points) ($46,800 tuition fees + $1,221.60 student services levy)"
7008.0,Auckland University of Technology,120,,,Postgraduate,Master,2026,International,46521.6,,per 120 points,official_programme_estimate,https://www.aut.ac.nz/study/fees-and-scholarships/fees-to-study-at-aut/international-student-fees-at-aut,2026-05-14,"International programme fee estimates; linked PDF may contain a cleaner table.; HTML table 12, row 10; page_title=International student fees at AUT - AUT; raw=Master of Philosophy | 120 | $46,521.60 (for 120 points) ($45,300 tuition fees + $1,221.60 student services levy)"
7008.0,Auckland University of Technology,180,,,Postgraduate,Master,2026,International,45721.6,,per 120 points,official_programme_estimate,https://www.aut.ac.nz/study/fees-and-scholarships/fees-to-study-at-aut/international-student-fees-at-aut,2026-05-14,"International programme fee estimates; linked PDF may contain a cleaner table.; HTML table 12, row 11; page_title=International student fees at AUT - AUT; raw=Master of Science | 180 | Computing: $45,721.60 (for 120 points) ($44,500 tuition fees + $1,221.60 student services levy) Science: $46,221.60 (for 120 points) ($45,000 tuition fees + $1,221.60 student services levy)"
7008.0,Auckland University of Technology,240,,,Postgraduate,Master,2026,International,46221.6,,per 120 points,official_programme_estimate,https://www.aut.ac.nz/study/fees-and-scholarships/fees-to-study-at-aut/international-student-fees-at-aut,2026-05-14,"International programme fee estimates; linked PDF may contain a cleaner table.; HTML table 12, row 12; page_title=International student fees at AUT - AUT; raw=Master of Science (Research) | 240 | $46,221.60 (for 120 points) ($45,000 tuition fees + $1,221.60 student services levy)"
7008.0,Auckland University of Technology,60,,,Postgraduate,Postgraduate Certificate,2026,International,24010.8,,per 60 points/credits,official_programme_estimate,https://www.aut.ac.nz/study/fees-and-scholarships/fees-to-study-at-aut/international-student-fees-at-aut,2026-05-14,"International programme fee estimates; linked PDF may contain a cleaner table.; HTML table 12, row 13; page_title=International student fees at AUT - AUT; raw=Postgraduate Certificate in Medical Laboratory Science | 60 | $24,010.80 (for 60 points) ($23,400 tuition fees + $610.80 student services levy)"
7008.0,Auckland University of Technology,60,,,Postgraduate,Postgraduate Certificate,2026,International,22910.8,,per 60 points/credits,official_programme_estimate,https://www.aut.ac.nz/study/fees-and-scholarships/fees-to-study-at-aut/international-student-fees-at-aut,2026-05-14,"International programme fee estimates; linked PDF may contain a cleaner table.; HTML table 12, row 14; page_title=International student fees at AUT - AUT; raw=Postgraduate Certificate in Science | 60 | Computing: $22,910.80 (for 60 points) ($22,300 tuition fees + $610.80 student services levy) Science: $23,110.80 (for 60 points) ($22,500 tuition fees + $610.80 student services levy)"
7008.0,Auckland University of Technology,120,,,Postgraduate,Postgraduate Diploma,2026,International,48021.6,,per 120 points,official_programme_estimate,https://www.aut.ac.nz/study/fees-and-scholarships/fees-to-study-at-aut/international-student-fees-at-aut,2026-05-14,"International programme fee estimates; linked PDF may contain a cleaner table.; HTML table 12, row 15; page_title=International student fees at AUT - AUT; raw=Postgraduate Diploma in Medical Laboratory Science | 120 | $48,021.60 (for 120 points) ($46,800 tuition fees + $1,221.60 student services levy)"
7008.0,Auckland University of Technology,120,,,Postgraduate,Postgraduate Diploma,2026,International,45721.6,,per 120 points,official_programme_estimate,https://www.aut.ac.nz/study/fees-and-scholarships/fees-to-study-at-aut/international-student-fees-at-aut,2026-05-14,"International programme fee estimates; linked PDF may contain a cleaner table.; HTML table 12, row 16; page_title=International student fees at AUT - AUT; raw=Postgraduate Diploma in Science | 120 | Computing: $45,721.60 (for 120 points) ($44,500 tuition fees + $1,221.60 student services levy) Science: $46,221.60 (for 120 points) ($45,000 tuition fees + $1,221.60 student services levy)"
7008.0,Auckland University of Technology,360,,,Undergraduate,Bachelor,2026,International,36521.6,,per 120 points,official_programme_estimate,https://www.aut.ac.nz/study/fees-and-scholarships/fees-to-study-at-aut/international-student-fees-at-aut,2026-05-14,"International programme fee estimates; linked PDF may contain a cleaner table.; HTML table 13, row 1; page_title=International student fees at AUT - AUT; raw=Bachelor of Arts | 360 | $36,521.60 (for 120 points) ($35,300 tuition fees + $1,221.60 student services levy)"
7008.0,Auckland University of Technology,120,,,Undergraduate,Bachelor with Honours,2026,International,38721.6,,per 120 points,official_programme_estimate,https://www.aut.ac.nz/study/fees-and-scholarships/fees-to-study-at-aut/international-student-fees-at-aut,2026-05-14,"International programme fee estimates; linked PDF may contain a cleaner table.; HTML table 13, row 2; page_title=International student fees at AUT - AUT; raw=Bachelor of Arts (Honours) | 120 | $38,721.60 (for 120 points) ($37,500 tuition fees + $1,221.60 student services levy)"
7008.0,Auckland University of Technology,510,,,Undergraduate,Bachelor,2026,International,39121.6,,per 120 points,official_programme_estimate,https://www.aut.ac.nz/study/fees-and-scholarships/fees-to-study-at-aut/international-student-fees-at-aut,2026-05-14,"International programme fee estimates; linked PDF may contain a cleaner table.; HTML table 13, row 3; page_title=International student fees at AUT - AUT; raw=Bachelor of Arts and Bachelor of Business Conjoint Programmes | 510 | $39,121.60 (for 120 points) ($37,900 tuition fees + $1,221.60 student services levy)"
7008.0,Auckland University of Technology,510,,,Undergraduate,Bachelor,2026,International,42221.6,,per 120 points,official_programme_estimate,https://www.aut.ac.nz/study/fees-and-scholarships/fees-to-study-at-aut/international-student-fees-at-aut,2026-05-14,"International programme fee estimates; linked PDF may contain a cleaner table.; HTML table 13, row 4; page_title=International student fees at AUT - AUT; raw=Bachelor of Arts and Bachelor of Computer and Information Sciences Conjoint Programmes | 510 | $42,221.60 (for 120 points) ($41,000 tuition fees + $1,221.60 student services levy)"
7008.0,Auckland University of Technology,60,,,Certificate,Certificate,2026,International,18410.8,,per 60 points/credits,official_programme_estimate,https://www.aut.ac.nz/study/fees-and-scholarships/fees-to-study-at-aut/international-student-fees-at-aut,2026-05-14,"International programme fee estimates; linked PDF may contain a cleaner table.; HTML table 13, row 5; page_title=International student fees at AUT - AUT; raw=Certificate in Arts | 60 | $18,410.80 (for 60 points) ($17,800 tuition fees + $610.80 student services levy)"
7008.0,Auckland University of Technology,120,,,Diploma,Diploma,2026,International,36621.6,,per 120 points,official_programme_estimate,https://www.aut.ac.nz/study/fees-and-scholarships/fees-to-study-at-aut/international-student-fees-at-aut,2026-05-14,"International programme fee estimates; linked PDF may contain a cleaner table.; HTML table 13, row 6; page_title=International student fees at AUT - AUT; raw=Diploma in Arts | 120 | $36,621.60 (for 120 points) ($35,400 tuition fees + $1,221.60 student services levy)"
7008.0,Auckland University of Technology,360,,,Doctoral,Doctor of Philosophy,2026,International,9623.6,,per 120 points,official_programme_estimate,https://www.aut.ac.nz/study/fees-and-scholarships/fees-to-study-at-aut/international-student-fees-at-aut,2026-05-14,"International programme fee estimates; linked PDF may contain a cleaner table.; HTML table 13, row 7; page_title=International student fees at AUT - AUT; raw=Doctor of Philosophy (PhD) | 360 | Onshore study in New Zealand: $9,623.60 (for 120 points) ($8,402 tuition fees + $1,221.60 student services levy) Offshore study: $47,321.60 (for 120 points) ($46,100 tuition fees + $1,221.60 student services levy)"
7008.0,Auckland University of Technology,60,,,Postgraduate,Graduate Certificate,2026,International,18310.8,,per 60 points/credits,official_programme_estimate,https://www.aut.ac.nz/study/fees-and-scholarships/fees-to-study-at-aut/international-student-fees-at-aut,2026-05-14,"International programme fee estimates; linked PDF may contain a cleaner table.; HTML table 13, row 8; page_title=International student fees at AUT - AUT; raw=Graduate Certificate in Arts | 60 | $18,310.80 (for 60 points) ($17,700 tuition fees + $610.80 student services levy)"
7008.0,Auckland University of Technology,120,,,Postgraduate,Graduate Diploma,2026,International,36521.6,,per 120 points,official_programme_estimate,https://www.aut.ac.nz/study/fees-and-scholarships/fees-to-study-at-aut/international-student-fees-at-aut,2026-05-14,"International programme fee estimates; linked PDF may contain a cleaner table.; HTML table 13, row 9; page_title=International student fees at AUT - AUT; raw=Graduate Diploma in Arts | 120 | $36,521.60 (for 120 points) ($35,300 tuition fees + $1,221.60 student services levy)"
7008.0,Auckland University of Technology,240,,,Postgraduate,Master,2026,International,38721.6,,per 120 points,official_programme_estimate,https://www.aut.ac.nz/study/fees-and-scholarships/fees-to-study-at-aut/international-student-fees-at-aut,2026-05-14,"International programme fee estimates; linked PDF may contain a cleaner table.; HTML table 13, row 10; page_title=International student fees at AUT - AUT; raw=Master of Arts | 240 | $38,721.60 (for 120 points) ($37,500 tuition fees + $1,221.60 student services levy)"
7008.0,Auckland University of Technology,180,,,Postgraduate,Master,2026,International,1832.4,,per 180 points/credits,official_programme_estimate,https://www.aut.ac.nz/study/fees-and-scholarships/fees-to-study-at-aut/international-student-fees-at-aut,2026-05-14,"International programme fee estimates; linked PDF may contain a cleaner table.; HTML table 13, row 11; page_title=International student fees at AUT - AUT; raw=Master of Criminology and Criminal Justice | 180 | Not offered to new students in 2026 $61,132.40 (for 180 points) ($59,300 tuition fees + $1,832.40 student services levy); amount repaired from notes using lower_bound_from_notes_range; original_tuition_fee_nzd=202.0"
7008.0,Auckland University of Technology,180,,,Postgraduate,Master,2026,International,1832.4,,per 180 points/credits,official_programme_estimate,https://www.aut.ac.nz/study/fees-and-scholarships/fees-to-study-at-aut/international-student-fees-at-aut,2026-05-14,"International programme fee estimates; linked PDF may contain a cleaner table.; HTML table 13, row 12; page_title=International student fees at AUT - AUT; raw=Master of Human Rights | 180 | Not offered to new students in 2026 $61,682.40 (for 180 points) ($59,850 tuition fees + $1,832.40 student services levy); amount repaired from notes using lower_bound_from_notes_range; original_tuition_fee_nzd=202.0"
7008.0,Auckland University of Technology,120,,,Postgraduate,Master,2026,International,46521.6,,per 120 points,official_programme_estimate,https://www.aut.ac.nz/study/fees-and-scholarships/fees-to-study-at-aut/international-student-fees-at-aut,2026-05-14,"International programme fee estimates; linked PDF may contain a cleaner table.; HTML table 13, row 13; page_title=International student fees at AUT - AUT; raw=Master of Philosophy | 120 | $46,521.60 (for 120 points) ($45,300 tuition fees + $1,221.60 student services levy)"
7008.0,Auckland University of Technology,60,,,Postgraduate,Postgraduate Certificate,2026,International,19900.0,,per 60 points/credits,official_programme_estimate,https://www.aut.ac.nz/study/fees-and-scholarships/fees-to-study-at-aut/international-student-fees-at-aut,2026-05-14,"International programme fee estimates; linked PDF may contain a cleaner table.; HTML table 13, row 14; page_title=International student fees at AUT - AUT; raw=Postgraduate Certificate in Human Rights | 60 | Not offered to new students in 2026 $20,510.80 (for 60 points) ($19,900 tuition fees + $610.80 student services levy); amount repaired from notes using lower_bound_from_notes_range; original_tuition_fee_nzd=202.0"
7008.0,Auckland University of Technology,120,,,Postgraduate,Postgraduate Diploma,2026,International,1221.6,,per 120 points,official_programme_estimate,https://www.aut.ac.nz/study/fees-and-scholarships/fees-to-study-at-aut/international-student-fees-at-aut,2026-05-14,"International programme fee estimates; linked PDF may contain a cleaner table.; HTML table 13, row 15; page_title=International student fees at AUT - AUT; raw=Postgraduate Diploma in Criminology and Criminal Justice | 120 | Not offered to new students in 2026 $40,721.60 (for 120 points) ($39,500 tuition fees + $1,221.60 student services levy); amount repaired from notes using lower_bound_from_notes_range; original_tuition_fee_nzd=202.0"
7008.0,Auckland University of Technology,120,,,Postgraduate,Postgraduate Diploma,2026,International,1221.6,,per 120 points,official_programme_estimate,https://www.aut.ac.nz/study/fees-and-scholarships/fees-to-study-at-aut/international-student-fees-at-aut,2026-05-14,"International programme fee estimates; linked PDF may contain a cleaner table.; HTML table 13, row 16; page_title=International student fees at AUT - AUT; raw=Postgraduate Diploma in Human Rights | 120 | Not offered to new students in 2026 $41,121.60 (for 120 points) ($39,900 tuition fees + $1,221.60 student services levy); amount repaired from notes using lower_bound_from_notes_range; original_tuition_fee_nzd=202.0"
7008.0,Auckland University of Technology,120,,,Undergraduate,Bachelor with Honours,2026,International,46521.6,,per 120 points,official_programme_estimate,https://www.aut.ac.nz/study/fees-and-scholarships/fees-to-study-at-aut/international-student-fees-at-aut,2026-05-14,"International programme fee estimates; linked PDF may contain a cleaner table.; HTML table 14, row 1; page_title=International student fees at AUT - AUT; raw=Bachelor of Sport and Recreation (Honours) | 120 | $46,521.60 (for 120 points) ($45,300 tuition fees + $1,221.60 student services levy)"
7008.0,Auckland University of Technology,360,,,Undergraduate,Bachelor,2026,International,43321.6,,per 120 points,official_programme_estimate,https://www.aut.ac.nz/study/fees-and-scholarships/fees-to-study-at-aut/international-student-fees-at-aut,2026-05-14,"International programme fee estimates; linked PDF may contain a cleaner table.; HTML table 14, row 2; page_title=International student fees at AUT - AUT; raw=Bachelor of Sport, Exercise and Health | 360 | $43,321.60 (for 120 points) ($42,100 tuition fees + $1,221.60 student services levy)"
7008.0,Auckland University of Technology,60,,,Certificate,Certificate,2026,International,18410.8,,per 60 points/credits,official_programme_estimate,https://www.aut.ac.nz/study/fees-and-scholarships/fees-to-study-at-aut/international-student-fees-at-aut,2026-05-14,"International programme fee estimates; linked PDF may contain a cleaner table.; HTML table 14, row 3; page_title=International student fees at AUT - AUT; raw=Certificate in Sport and Recreation | 60 | $18,410.80 (for 60 points) ($17,800 tuition fees + $610.80 student services levy)"
7008.0,Auckland University of Technology,360,,,Doctoral,Doctor of Philosophy,2026,International,9623.6,,per 120 points,official_programme_estimate,https://www.aut.ac.nz/study/fees-and-scholarships/fees-to-study-at-aut/international-student-fees-at-aut,2026-05-14,"International programme fee estimates; linked PDF may contain a cleaner table.; HTML table 14, row 4; page_title=International student fees at AUT - AUT; raw=Doctor of Philosophy (PhD) | 360 | Onshore study in New Zealand: $9,623.60 (for 120 points) ($8,402 tuition fees + $1,221.60 student services levy) Offshore study: $47,321.60 (for 120 points) ($46,100 tuition fees + $1,221.60 student services levy)"
7008.0,Auckland University of Technology,60,,,Postgraduate,Graduate Certificate,2026,International,21510.8,,per 60 points/credits,official_programme_estimate,https://www.aut.ac.nz/study/fees-and-scholarships/fees-to-study-at-aut/international-student-fees-at-aut,2026-05-14,"International programme fee estimates; linked PDF may contain a cleaner table.; HTML table 14, row 5; page_title=International student fees at AUT - AUT; raw=Graduate Certificate in Sport and Exercise | 60 | $21,510.80 (for 60 points) ($20,900 tuition fees + $610.80 student services levy)"
7008.0,Auckland University of Technology,120,,,Postgraduate,Graduate Diploma,2026,International,43321.6,,per 120 points,official_programme_estimate,https://www.aut.ac.nz/study/fees-and-scholarships/fees-to-study-at-aut/international-student-fees-at-aut,2026-05-14,"International programme fee estimates; linked PDF may contain a cleaner table.; HTML table 14, row 6; page_title=International student fees at AUT - AUT; raw=Graduate Diploma in Sport and Exercise | 120 | $43,321.60 (for 120 points) ($42,100 tuition fees + $1,221.60 student services levy)"
7008.0,Auckland University of Technology,120,,,Postgraduate,Master,2026,International,46521.6,,per 120 points,official_programme_estimate,https://www.aut.ac.nz/study/fees-and-scholarships/fees-to-study-at-aut/international-student-fees-at-aut,2026-05-14,"International programme fee estimates; linked PDF may contain a cleaner table.; HTML table 14, row 7; page_title=International student fees at AUT - AUT; raw=Master of Philosophy | 120 | $46,521.60 (for 120 points) ($45,300 tuition fees + $1,221.60 student services levy)"
7008.0,Auckland University of Technology,180,,,Postgraduate,Master,2026,International,46521.6,,per 120 points,official_programme_estimate,https://www.aut.ac.nz/study/fees-and-scholarships/fees-to-study-at-aut/international-student-fees-at-aut,2026-05-14,"International programme fee estimates; linked PDF may contain a cleaner table.; HTML table 14, row 8; page_title=International student fees at AUT - AUT; raw=Master of Sport, Exercise and Health | 180 | $46,521.60 (for 120 points) ($45,300 tuition fees + $1,221.60 student services levy)"
7008.0,Auckland University of Technology,60,,,Postgraduate,Postgraduate Certificate,2026,International,23310.8,,per 60 points/credits,official_programme_estimate,https://www.aut.ac.nz/study/fees-and-scholarships/fees-to-study-at-aut/international-student-fees-at-aut,2026-05-14,"International programme fee estimates; linked PDF may contain a cleaner table.; HTML table 14, row 9; page_title=International student fees at AUT - AUT; raw=Postgraduate Certificate in Sport, Exercise and Health | 60 | $23,310.80 (for 60 points) ($22,700 tuition fees + $610.80 student services levy)"
7008.0,Auckland University of Technology,360,,,Undergraduate,Bachelor,2026,International,36521.6,,per 120 points,official_programme_estimate,https://www.aut.ac.nz/study/fees-and-scholarships/fees-to-study-at-aut/international-student-fees-at-aut,2026-05-14,"International programme fee estimates; linked PDF may contain a cleaner table.; HTML table 15, row 1; page_title=International student fees at AUT - AUT; raw=Bachelor of Arts | 360 | $36,521.60 (for 120 points) ($35,300 tuition fees + $1,221.60 student services levy)"
7008.0,Auckland University of Technology,510,,,Undergraduate,Bachelor,2026,International,39121.6,,per 120 points,official_programme_estimate,https://www.aut.ac.nz/study/fees-and-scholarships/fees-to-study-at-aut/international-student-fees-at-aut,2026-05-14,"International programme fee estimates; linked PDF may contain a cleaner table.; HTML table 15, row 2; page_title=International student fees at AUT - AUT; raw=Bachelor of Arts and Bachelor of Business Conjoint Programmes | 510 | $39,121.60 (for 120 points) ($37,900 tuition fees + $1,221.60 student services levy)"
7008.0,Auckland University of Technology,510,,,Undergraduate,Bachelor,2026,International,42221.6,,per 120 points,official_programme_estimate,https://www.aut.ac.nz/study/fees-and-scholarships/fees-to-study-at-aut/international-student-fees-at-aut,2026-05-14,"International programme fee estimates; linked PDF may contain a cleaner table.; HTML table 15, row 3; page_title=International student fees at AUT - AUT; raw=Bachelor of Arts and Bachelor of Computer and Information Sciences Conjoint Programmes | 510 | $42,221.60 (for 120 points) ($41,000 tuition fees + $1,221.60 student services levy)"
7008.0,Auckland University of Technology,60,,,Certificate,Certificate,2026,International,18410.8,,per 60 points/credits,official_programme_estimate,https://www.aut.ac.nz/study/fees-and-scholarships/fees-to-study-at-aut/international-student-fees-at-aut,2026-05-14,"International programme fee estimates; linked PDF may contain a cleaner table.; HTML table 15, row 4; page_title=International student fees at AUT - AUT; raw=Certificate in Arts | 60 | $18,410.80 (for 60 points) ($17,800 tuition fees + $610.80 student services levy)"
7008.0,Auckland University of Technology,120,,,Diploma,Diploma,2026,International,36621.6,,per 120 points,official_programme_estimate,https://www.aut.ac.nz/study/fees-and-scholarships/fees-to-study-at-aut/international-student-fees-at-aut,2026-05-14,"International programme fee estimates; linked PDF may contain a cleaner table.; HTML table 15, row 5; page_title=International student fees at AUT - AUT; raw=Diploma in Arts | 120 | $36,621.60 (for 120 points) ($35,400 tuition fees + $1,221.60 student services levy)"
7008.0,Auckland University of Technology,360,,,Doctoral,Doctor of Philosophy,2026,International,9623.6,,per 120 points,official_programme_estimate,https://www.aut.ac.nz/study/fees-and-scholarships/fees-to-study-at-aut/international-student-fees-at-aut,2026-05-14,"International programme fee estimates; linked PDF may contain a cleaner table.; HTML table 15, row 6; page_title=International student fees at AUT - AUT; raw=Doctor of Philosophy (PhD) | 360 | Onshore study in New Zealand: $9,623.60 (for 120 points) ($8,402 tuition fees + $1,221.60 student services levy) Offshore study: $47,321.60 (for 120 points) ($46,100 tuition fees + $1,221.60 student services levy)"
7008.0,Auckland University of Technology,60,,,Postgraduate,Graduate Certificate,2026,International,18310.8,,per 60 points/credits,official_programme_estimate,https://www.aut.ac.nz/study/fees-and-scholarships/fees-to-study-at-aut/international-student-fees-at-aut,2026-05-14,"International programme fee estimates; linked PDF may contain a cleaner table.; HTML table 15, row 7; page_title=International student fees at AUT - AUT; raw=Graduate Certificate in Arts | 60 | $18,310.80 (for 60 points) ($17,700 tuition fees + $610.80 student services levy)"
7008.0,Auckland University of Technology,120,,,Postgraduate,Graduate Diploma,2026,International,36521.6,,per 120 points,official_programme_estimate,https://www.aut.ac.nz/study/fees-and-scholarships/fees-to-study-at-aut/international-student-fees-at-aut,2026-05-14,"International programme fee estimates; linked PDF may contain a cleaner table.; HTML table 15, row 8; page_title=International student fees at AUT - AUT; raw=Graduate Diploma in Arts | 120 | $36,521.60 (for 120 points) ($35,300 tuition fees + $1,221.60 student services levy)"
7008.0,Auckland University of Technology,240,,,Postgraduate,Master,2026,International,38721.6,,per 120 points,official_programme_estimate,https://www.aut.ac.nz/study/fees-and-scholarships/fees-to-study-at-aut/international-student-fees-at-aut,2026-05-14,"International programme fee estimates; linked PDF may contain a cleaner table.; HTML table 15, row 9; page_title=International student fees at AUT - AUT; raw=Master of Arts | 240 | $38,721.60 (for 120 points) ($37,500 tuition fees + $1,221.60 student services levy)"
7008.0,Auckland University of Technology,120,,,Postgraduate,Master,2026,International,46521.6,,per 120 points,official_programme_estimate,https://www.aut.ac.nz/study/fees-and-scholarships/fees-to-study-at-aut/international-student-fees-at-aut,2026-05-14,"International programme fee estimates; linked PDF may contain a cleaner table.; HTML table 15, row 10; page_title=International student fees at AUT - AUT; raw=Master of Philosophy | 120 | $46,521.60 (for 120 points) ($45,300 tuition fees + $1,221.60 student services levy)"
7008.0,Auckland University of Technology,60,,,Postgraduate,Postgraduate Certificate,2026,International,19310.8,,per 60 points/credits,official_programme_estimate,https://www.aut.ac.nz/study/fees-and-scholarships/fees-to-study-at-aut/international-student-fees-at-aut,2026-05-14,"International programme fee estimates; linked PDF may contain a cleaner table.; HTML table 15, row 11; page_title=International student fees at AUT - AUT; raw=Postgraduate Certificate in Arts | 60 | $19,310.80 (for 60 points) ($18,700 tuition fees + $610.80 student services levy)"
7008.0,Auckland University of Technology,120,,,Postgraduate,Postgraduate Diploma,2026,International,38721.6,,per 120 points,official_programme_estimate,https://www.aut.ac.nz/study/fees-and-scholarships/fees-to-study-at-aut/international-student-fees-at-aut,2026-05-14,"International programme fee estimates; linked PDF may contain a cleaner table.; HTML table 15, row 12; page_title=International student fees at AUT - AUT; raw=Postgraduate Diploma in Arts | 120 | $38,721.60 (for 120 points) ($37,500 tuition fees + $1,221.60 student services levy)"
